Dia;Precipitacao;Vazao;Captacao;Evapotranspiracao
2015-01-01;0.000;3.339;0.000;4.281
2015-01-02;0.000;2.974;0.000;4.281
2015-01-03;0.000;2.500;0.000;4.281
2015-01-04;0.000;2.148;0.000;4.281
2015-01-05;0.000;2.170;0.000;4.281
2015-01-06;2.000;2.661;0.000;4.281
2015-01-07;21.500;4.418;0.000;4.281
2015-01-08;6.250;6.797;0.000;4.281
2015-01-09;0.000;7.665;0.000;4.281
2015-01-10;0.000;7.053;0.000;4.281
2015-01-11;0.000;5.714;0.000;4.281
2015-01-12;0.000;4.481;0.000;4.281
2015-01-13;0.000;3.843;0.000;4.281
2015-01-14;6.500;3.271;0.000;4.281
2015-01-15;0.000;2.650;0.000;4.281
2015-01-16;0.000;2.059;0.000;4.281
2015-01-17;0.000;1.658;0.000;4.281
2015-01-18;0.000;1.405;0.000;4.281
2015-01-19;0.250;1.367;0.000;4.281
2015-01-20;0.000;1.399;0.000;4.281
2015-01-21;0.000;1.546;0.000;4.281
2015-01-22;15.500;3.844;0.000;4.281
2015-01-23;5.250;3.092;0.000;4.281
2015-01-24;6.750;3.006;0.000;4.281
2015-01-25;1.750;3.201;0.000;4.281
2015-01-26;37.250;6.023;0.000;4.281
2015-01-27;2.250;7.949;0.000;4.281
2015-01-28;2.750;7.695;0.000;4.281
2015-01-29;0.000;5.377;0.000;4.281
2015-01-30;2.750;3.855;0.000;4.281
2015-01-31;0.000;3.078;0.000;4.281
2015-02-01;0.000;2.496;0.000;4.377
2015-02-02;25.000;7.109;0.000;4.377
2015-02-03;0.000;8.270;0.000;4.377
2015-02-04;0.250;7.737;0.000;4.377
2015-02-05;22.500;8.291;0.000;4.377
2015-02-06;0.000;8.644;0.000;4.377
2015-02-07;0.000;6.855;0.000;4.377
2015-02-08;0.000;5.391;0.000;4.377
2015-02-09;0.750;4.291;0.000;4.377
2015-02-10;24.500;8.671;0.000;4.377
2015-02-11;0.000;12.466;0.000;4.377
2015-02-12;0.000;12.480;0.000;4.377
2015-02-13;5.750;11.287;0.000;4.377
2015-02-14;0.750;11.098;0.000;4.377
2015-02-15;47.250;11.818;0.000;4.377
2015-02-16;2.250;17.248;0.000;4.377
2015-02-17;36.500;19.773;0.000;4.377
2015-02-18;17.500;25.515;0.000;4.377
2015-02-19;1.750;27.797;0.000;4.377
2015-02-20;0.000;25.107;0.000;4.377
2015-02-21;0.000;20.930;0.000;4.377
2015-02-22;0.000;16.713;0.000;4.377
2015-02-23;0.000;11.611;0.000;4.377
2015-02-24;2.500;7.629;0.000;4.377
2015-02-25;17.500;7.125;0.000;4.377
2015-02-26;0.250;8.899;0.000;4.377
2015-02-27;10.500;7.379;0.000;4.377
2015-02-28;0.250;7.509;0.000;4.377
2015-03-01;0.000;6.923;0.000;3.878
2015-03-02;0.000;6.305;0.000;3.878
2015-03-03;0.000;5.000;0.000;3.878
2015-03-04;0.000;3.971;0.000;3.878
2015-03-05;16.750;3.459;0.000;3.878
2015-03-06;3.000;8.349;0.000;3.878
2015-03-07;18.750;7.858;0.000;3.878
2015-03-08;11.250;9.691;0.000;3.878
2015-03-09;3.500;12.454;0.000;3.878
2015-03-10;25.000;13.007;0.000;3.878
2015-03-11;3.500;17.951;0.000;3.878
2015-03-12;4.000;19.490;0.000;3.878
2015-03-13;0.000;17.263;0.000;3.878
2015-03-14;0.750;12.856;0.000;3.878
2015-03-15;21.750;11.837;0.000;3.878
2015-03-16;7.250;15.710;0.000;3.878
2015-03-17;0.500;14.750;0.000;3.878
2015-03-18;3.750;11.449;0.000;3.878
2015-03-19;2.500;9.807;0.000;3.878
2015-03-20;2.250;9.448;0.000;3.878
2015-03-21;14.750;9.625;0.000;3.878
2015-03-22;0.750;9.588;0.000;3.878
2015-03-23;0.000;8.555;0.000;3.878
2015-03-24;0.000;7.053;0.000;3.878
2015-03-25;0.000;5.844;0.000;3.878
2015-03-26;0.000;4.958;0.000;3.878
2015-03-27;0.000;4.245;0.000;3.878
2015-03-28;0.000;3.787;0.000;3.878
2015-03-29;7.250;3.823;0.000;3.878
2015-03-30;0.000;3.924;0.000;3.878
2015-03-31;0.000;3.658;0.000;3.878
2015-04-01;0.000;3.308;0.000;3.104
2015-04-02;0.000;3.062;0.000;3.104
2015-04-03;0.000;2.838;0.000;3.104
2015-04-04;0.000;2.631;0.000;3.104
2015-04-05;9.000;2.662;0.000;3.104
2015-04-06;0.000;2.656;0.000;3.104
2015-04-07;1.500;2.503;0.000;3.104
2015-04-08;0.000;2.450;0.000;3.104
2015-04-09;0.000;2.335;0.000;3.104
2015-04-10;0.000;2.203;0.000;3.104
2015-04-11;0.000;2.061;0.000;3.104
2015-04-12;0.000;1.960;0.000;3.104
2015-04-13;0.000;1.952;0.000;3.104
2015-04-14;0.000;1.875;0.000;3.104
2015-04-15;1.000;1.804;0.000;3.104
2015-04-16;0.000;1.754;0.000;3.104
2015-04-17;0.500;1.743;0.000;3.104
2015-04-18;0.000;1.723;0.000;3.104
2015-04-19;0.500;1.823;0.000;3.104
2015-04-20;0.250;2.043;0.000;3.104
2015-04-21;1.250;2.686;0.000;3.104
2015-04-22;5.750;2.733;0.000;3.104
2015-04-23;4.000;2.693;0.000;3.104
2015-04-24;0.000;2.590;0.000;3.104
2015-04-25;0.000;2.331;0.000;3.104
2015-04-26;0.000;2.179;0.000;3.104
2015-04-27;0.000;2.013;0.000;3.104
2015-04-28;0.000;1.844;0.000;3.104
2015-04-29;0.000;1.751;0.000;3.104
2015-04-30;0.000;1.672;0.000;3.104
2015-05-01;0.000;1.665;0.000;1.867
2015-05-02;0.000;1.669;0.000;1.867
2015-05-03;0.000;1.752;0.000;1.867
2015-05-04;6.000;2.115;0.000;1.867
2015-05-05;0.500;2.482;0.000;1.867
2015-05-06;0.000;2.557;0.000;1.867
2015-05-07;0.000;2.553;0.000;1.867
2015-05-08;0.000;2.489;0.000;1.867
2015-05-09;0.000;2.454;0.000;1.867
2015-05-10;20.000;3.254;0.000;1.867
2015-05-11;0.500;4.438;0.000;1.867
2015-05-12;0.750;4.074;0.000;1.867
2015-05-13;0.500;3.802;0.000;1.867
2015-05-14;0.000;3.260;0.000;1.867
2015-05-15;0.000;2.749;0.000;1.867
2015-05-16;0.000;2.322;0.000;1.867
2015-05-17;0.000;2.120;0.000;1.867
2015-05-18;1.500;2.185;0.000;1.867
2015-05-19;0.250;2.732;0.000;1.867
2015-05-20;0.000;2.644;0.000;1.867
2015-05-21;0.000;2.491;0.000;1.867
2015-05-22;0.000;2.241;0.000;1.867
2015-05-23;0.000;2.097;0.000;1.867
2015-05-24;0.000;2.038;0.000;1.867
2015-05-25;0.000;2.079;0.000;1.867
2015-05-26;0.000;2.233;0.000;1.867
2015-05-27;0.000;2.256;0.000;1.867
2015-05-28;1.750;2.287;0.000;1.867
2015-05-29;9.000;2.684;0.000;1.867
2015-05-30;3.750;2.797;0.000;1.867
2015-05-31;17.750;4.090;0.000;1.867
2015-06-01;0.000;4.849;0.000;1.583
2015-06-02;0.000;4.395;0.000;1.583
2015-06-03;0.000;3.505;0.000;1.583
2015-06-04;0.000;2.710;0.000;1.583
2015-06-05;0.000;2.268;0.000;1.583
2015-06-06;0.000;2.060;0.000;1.583
2015-06-07;0.000;1.885;0.000;1.583
2015-06-08;0.000;1.801;0.000;1.583
2015-06-09;0.000;1.727;0.000;1.583
2015-06-10;0.000;1.747;0.000;1.583
2015-06-11;0.500;1.798;0.000;1.583
2015-06-12;0.000;1.983;0.000;1.583
2015-06-13;0.000;2.120;0.000;1.583
2015-06-14;0.000;2.208;0.000;1.583
2015-06-15;6.750;2.638;0.000;1.583
2015-06-16;0.250;2.982;0.000;1.583
2015-06-17;0.000;3.113;0.000;1.583
2015-06-18;8.250;3.162;0.000;1.583
2015-06-19;0.000;3.511;0.000;1.583
2015-06-20;0.000;3.585;0.000;1.583
2015-06-21;0.000;3.275;0.000;1.583
2015-06-22;0.000;2.763;0.000;1.583
2015-06-23;0.000;2.348;0.000;1.583
2015-06-24;1.000;2.162;0.000;1.583
2015-06-25;0.000;2.115;0.000;1.583
2015-06-26;0.000;2.080;0.000;1.583
2015-06-27;0.000;2.026;0.000;1.583
2015-06-28;0.000;2.157;0.000;1.583
2015-06-29;0.000;2.308;0.000;1.583
2015-06-30;0.000;2.394;0.000;1.583
2015-07-01;0.000;2.447;0.000;1.532
2015-07-02;0.000;2.786;0.000;1.532
2015-07-03;4.500;3.133;0.000;1.532
2015-07-04;4.000;3.409;0.000;1.532
2015-07-05;0.250;3.598;0.000;1.532
2015-07-06;0.000;3.643;0.000;1.532
2015-07-07;2.250;3.604;0.000;1.532
2015-07-08;0.500;3.313;0.000;1.532
2015-07-09;0.000;2.831;0.000;1.532
2015-07-10;0.000;2.406;0.000;1.532
2015-07-11;0.750;2.117;0.000;1.532
2015-07-12;0.000;1.973;0.000;1.532
2015-07-13;0.000;1.858;0.000;1.532
2015-07-14;0.000;1.749;0.000;1.532
2015-07-15;0.000;1.710;0.000;1.532
2015-07-16;0.000;1.805;0.000;1.532
2015-07-17;0.000;1.908;0.000;1.532
2015-07-18;0.000;2.218;0.000;1.532
2015-07-19;0.000;2.480;0.000;1.532
2015-07-20;0.000;2.797;0.000;1.532
2015-07-21;0.000;2.929;0.000;1.532
2015-07-22;0.000;2.990;0.000;1.532
2015-07-23;2.000;3.027;0.000;1.532
2015-07-24;21.750;3.457;0.000;1.532
2015-07-25;11.250;5.638;0.000;1.532
2015-07-26;0.000;5.327;0.000;1.532
2015-07-27;0.000;4.654;0.000;1.532
2015-07-28;0.250;3.725;0.000;1.532
2015-07-29;0.000;3.021;0.000;1.532
2015-07-30;0.000;2.384;0.000;1.532
2015-07-31;0.000;2.035;0.000;1.532
2015-08-01;0.000;1.830;0.000;1.916
2015-08-02;0.000;1.773;0.000;1.916
2015-08-03;0.000;2.135;0.000;1.916
2015-08-04;0.000;2.795;0.000;1.916
2015-08-05;0.000;3.260;0.000;1.916
2015-08-06;0.000;3.389;0.000;1.916
2015-08-07;0.000;3.387;0.000;1.916
2015-08-08;0.000;3.389;0.000;1.916
2015-08-09;0.000;3.565;0.000;1.916
2015-08-10;0.000;4.000;0.000;1.916
2015-08-11;0.000;4.561;0.000;1.916
2015-08-12;0.000;4.090;0.000;1.916
2015-08-13;0.000;3.468;0.000;1.916
2015-08-14;0.000;3.349;0.000;1.916
2015-08-15;0.000;3.109;0.000;1.916
2015-08-16;0.000;3.016;0.000;1.916
2015-08-17;0.000;2.924;0.000;1.916
2015-08-18;0.000;2.803;0.000;1.916
2015-08-19;0.000;2.912;0.000;1.916
2015-08-20;0.500;3.202;0.000;1.916
2015-08-21;0.000;3.231;0.000;1.916
2015-08-22;0.000;3.105;0.000;1.916
2015-08-23;0.000;3.070;0.000;1.916
2015-08-24;11.250;3.178;0.000;1.916
2015-08-25;3.000;3.732;0.000;1.916
2015-08-26;0.250;3.670;0.000;1.916
2015-08-27;17.750;4.432;0.000;1.916
2015-08-28;0.000;4.469;0.000;1.916
2015-08-29;0.000;3.795;0.000;1.916
2015-08-30;0.000;2.771;0.000;1.916
2015-08-31;0.000;2.152;0.000;1.916
2015-09-01;0.000;1.812;0.000;2.580
2015-09-02;0.000;1.688;0.000;2.580
2015-09-03;0.000;1.989;0.000;2.580
2015-09-04;1.250;2.419;0.000;2.580
2015-09-05;0.000;2.666;0.000;2.580
2015-09-06;0.000;3.036;0.000;2.580
2015-09-07;6.000;3.611;0.000;2.580
2015-09-08;69.750;8.711;0.000;2.580
2015-09-09;0.000;15.066;0.000;2.580
2015-09-10;8.250;13.707;0.000;2.580
2015-09-11;34.500;14.533;0.000;2.580
2015-09-12;1.500;15.671;0.000;2.580
2015-09-13;0.500;13.987;0.000;2.580
2015-09-14;0.000;10.666;0.000;2.580
2015-09-15;0.000;7.488;0.000;2.580
2015-09-16;0.000;5.304;0.000;2.580
2015-09-17;0.000;3.758;0.000;2.580
2015-09-18;0.000;2.748;0.000;2.580
2015-09-19;0.000;2.185;0.000;2.580
2015-09-20;0.000;1.969;0.000;2.580
2015-09-21;0.000;1.946;0.000;2.580
2015-09-22;0.000;1.797;0.000;2.580
2015-09-23;0.000;1.737;0.000;2.580
2015-09-24;0.250;1.973;0.000;2.580
2015-09-25;15.750;2.422;0.000;2.580
2015-09-26;12.250;5.251;0.000;2.580
2015-09-27;0.500;6.373;0.000;2.580
2015-09-28;10.750;7.238;0.000;2.580
2015-09-29;0.000;5.961;0.000;2.580
2015-09-30;13.750;5.921;0.000;2.580
2015-10-01;0.000;9.130;0.000;3.418
2015-10-02;4.500;7.845;0.000;3.418
2015-10-03;3.000;6.205;0.000;3.418
2015-10-04;0.250;5.409;0.000;3.418
2015-10-05;0.000;4.489;0.000;3.418
2015-10-06;0.000;3.668;0.000;3.418
2015-10-07;0.000;3.071;0.000;3.418
2015-10-08;0.000;2.626;0.000;3.418
2015-10-09;0.000;2.333;0.000;3.418
2015-10-10;0.000;2.196;0.000;3.418
2015-10-11;;;0.000;3.418
2015-10-12;;;0.000;3.418
2015-10-13;15.750;;0.000;3.418
2015-10-14;0.000;;0.000;3.418
2015-10-15;0.000;;0.000;3.418
2015-10-16;0.000;;0.000;3.418
2015-10-17;0.000;;0.000;3.418
2015-10-18;0.000;;0.000;3.418
2015-10-19;0.000;;0.000;3.418
2015-10-20;0.000;;0.000;3.418
2015-10-21;1.750;;0.000;3.418
2015-10-22;14.750;;0.000;3.418
2015-10-23;0.250;;0.000;3.418
2015-10-24;0.000;;0.000;3.418
2015-10-25;0.000;;0.000;3.418
2015-10-26;42.250;;0.000;3.418
2015-10-27;0.000;;0.000;3.418
2015-10-28;0.000;;0.000;3.418
2015-10-29;0.000;;0.000;3.418
2015-10-30;0.000;;0.000;3.418
2015-10-31;0.000;;0.000;3.418
2015-11-01;11.750;;0.000;3.717
2015-11-02;33.000;;0.000;3.717
2015-11-03;1.250;;0.000;3.717
2015-11-04;42.750;;0.000;3.717
2015-11-05;0.000;;0.000;3.717
2015-11-06;0.250;;0.000;3.717
2015-11-07;0.000;;0.000;3.717
2015-11-08;1.500;;0.000;3.717
2015-11-09;2.000;;0.000;3.717
2015-11-10;0.000;;0.000;3.717
2015-11-11;0.000;;0.000;3.717
2015-11-12;0.000;;0.000;3.717
2015-11-13;8.500;;0.000;3.717
2015-11-14;5.500;;0.000;3.717
2015-11-15;3.000;;0.000;3.717
2015-11-16;0.000;;0.000;3.717
2015-11-17;21.000;5.314;0.000;3.717
2015-11-18;0.200;5.681;0.000;3.717
2015-11-19;0.000;4.190;0.000;3.717
2015-11-20;18.800;5.304;0.000;3.717
2015-11-21;8.800;7.815;0.000;3.717
2015-11-22;0.000;8.276;0.000;3.717
2015-11-23;18.600;8.350;0.000;3.717
2015-11-24;0.200;8.540;0.000;3.717
2015-11-25;0.000;7.582;0.000;3.717
2015-11-26;0.000;6.062;0.000;3.717
2015-11-27;0.200;4.631;0.000;3.717
2015-11-28;6.400;3.704;0.000;3.717
2015-11-29;14.000;5.009;0.000;3.717
2015-11-30;0.200;5.361;0.000;3.717
2015-12-01;0.000;4.665;0.000;4.236
2015-12-02;0.000;4.910;0.000;4.236
2015-12-03;7.400;8.191;0.000;4.236
2015-12-04;0.000;10.789;0.000;4.236
2015-12-05;8.400;9.112;0.000;4.236
2015-12-06;59.000;9.050;0.000;4.236
2015-12-07;17.600;19.760;0.000;4.236
2015-12-08;9.400;21.880;0.000;4.236
2015-12-09;0.000;20.476;0.000;4.236
2015-12-10;11.800;17.328;0.000;4.236
2015-12-11;0.000;13.007;0.000;4.236
2015-12-12;3.400;9.344;0.000;4.236
2015-12-13;5.800;7.798;0.000;4.236
2015-12-14;7.800;6.538;0.000;4.236
2015-12-15;23.800;7.023;0.000;4.236
2015-12-16;0.000;6.568;0.000;4.236
2015-12-17;0.000;6.291;0.000;4.236
2015-12-18;0.000;5.511;0.000;4.236
2015-12-19;30.400;5.041;0.000;4.236
2015-12-20;0.000;7.050;0.000;4.236
2015-12-21;1.000;5.660;0.000;4.236
2015-12-22;0.400;5.664;0.000;4.236
2015-12-23;0.600;5.285;0.000;4.236
2015-12-24;10.200;7.840;0.000;4.236
2015-12-25;3.200;12.969;0.000;4.236
2015-12-26;1.400;12.835;0.000;4.236
2015-12-27;3.600;10.732;0.000;4.236
2015-12-28;6.000;9.292;0.000;4.236
2015-12-29;5.400;9.327;0.000;4.236
2015-12-30;9.600;10.296;0.000;4.236
2015-12-31;4.400;9.286;0.000;4.236
2016-01-01;1.000;7.645;0.000;4.281
2016-01-02;8.400;7.360;0.000;4.281
2016-01-03;1.800;9.948;0.000;4.281
2016-01-04;0.000;10.623;0.000;4.281
2016-01-05;0.000;9.951;0.000;4.281
2016-01-06;0.000;7.796;0.000;4.281
2016-01-07;0.000;5.815;0.000;4.281
2016-01-08;2.200;4.650;0.000;4.281
2016-01-09;5.400;4.446;0.000;4.281
2016-01-10;15.400;6.196;0.000;4.281
2016-01-11;9.200;8.994;0.000;4.281
2016-01-12;41.200;13.491;0.000;4.281
2016-01-13;8.200;18.015;0.000;4.281
2016-01-14;17.000;18.016;0.000;4.281
2016-01-15;45.000;21.771;0.000;4.281
2016-01-16;0.200;35.537;0.000;4.281
2016-01-17;0.000;42.376;0.000;4.281
2016-01-18;0.000;39.301;0.000;4.281
2016-01-19;0.000;31.211;0.000;4.281
2016-01-20;0.200;22.733;0.000;4.281
2016-01-21;0.000;16.029;0.000;4.281
2016-01-22;0.000;10.228;0.000;4.281
2016-01-23;2.400;7.648;0.000;4.281
2016-01-24;6.200;6.964;0.000;4.281
2016-01-25;0.200;7.721;0.000;4.281
2016-01-26;0.200;9.732;0.000;4.281
2016-01-27;84.000;17.449;0.000;4.281
2016-01-28;0.200;26.193;0.000;4.281
2016-01-29;1.000;20.602;0.000;4.281
2016-01-30;1.800;15.907;0.000;4.281
2016-01-31;0.000;11.810;0.000;4.281
2016-02-01;0.000;8.839;0.000;4.377
2016-02-02;0.000;6.938;0.000;4.377
2016-02-03;0.000;5.784;0.000;4.377
2016-02-04;0.000;5.115;0.000;4.377
2016-02-05;4.600;5.053;0.000;4.377
2016-02-06;7.600;8.613;0.000;4.377
2016-02-07;0.200;9.156;0.000;4.377
2016-02-08;37.000;10.006;0.000;4.377
2016-02-09;0.200;12.145;0.000;4.377
2016-02-10;0.000;7.238;0.000;4.377
2016-02-11;27.800;7.293;0.000;4.377
2016-02-12;0.200;9.184;0.000;4.377
2016-02-13;0.000;7.421;0.000;4.377
2016-02-14;0.000;5.522;0.000;4.377
2016-02-15;10.800;5.420;0.000;4.377
2016-02-16;28.400;6.879;0.000;4.377
2016-02-17;5.600;10.947;0.000;4.377
2016-02-18;0.000;10.925;0.000;4.377
2016-02-19;16.800;9.631;0.000;4.377
2016-02-20;78.600;11.480;0.000;4.377
2016-02-21;10.000;29.164;0.000;4.377
2016-02-22;18.200;31.580;0.000;4.377
2016-02-23;0.800;26.200;0.000;4.377
2016-02-24;47.600;24.610;0.000;4.377
2016-02-25;0.200;26.691;0.000;4.377
2016-02-26;0.000;24.027;0.000;4.377
2016-02-27;12.400;22.004;0.000;4.377
2016-02-28;11.800;19.847;0.000;4.377
2016-02-29;0.800;19.444;0.000;4.377
2016-03-01;34.200;20.215;0.000;3.878
2016-03-02;11.000;22.817;0.000;3.878
2016-03-03;16.400;23.862;0.000;3.878
2016-03-04;10.000;29.493;0.000;3.878
2016-03-05;2.600;32.510;0.000;3.878
2016-03-06;1.000;31.139;0.000;3.878
2016-03-07;31.400;27.060;0.000;3.878
2016-03-08;16.000;27.870;0.000;3.878
2016-03-09;0.000;27.872;0.000;3.878
2016-03-10;36.400;23.588;0.000;3.878
2016-03-11;8.600;31.632;0.000;3.878
2016-03-12;0.200;33.011;0.000;3.878
2016-03-13;0.000;26.894;0.000;3.878
2016-03-14;0.000;22.434;0.000;3.878
2016-03-15;0.800;19.181;0.000;3.878
2016-03-16;0.600;15.641;0.000;3.878
2016-03-17;0.400;12.546;0.000;3.878
2016-03-18;0.000;10.621;0.000;3.878
2016-03-19;0.000;9.506;0.000;3.878
2016-03-20;0.200;8.680;0.000;3.878
2016-03-21;0.000;7.975;0.000;3.878
2016-03-22;0.600;7.412;0.000;3.878
2016-03-23;3.000;7.132;0.000;3.878
2016-03-24;3.400;7.447;0.000;3.878
2016-03-25;4.400;7.854;0.000;3.878
2016-03-26;2.800;8.693;0.000;3.878
2016-03-27;0.000;8.276;0.000;3.878
2016-03-28;0.000;7.680;0.000;3.878
2016-03-29;0.000;7.023;0.000;3.878
2016-03-30;0.000;6.760;0.000;3.878
2016-03-31;0.000;6.468;0.000;3.878
2016-04-01;0.000;6.047;0.000;3.104
2016-04-02;0.000;5.760;0.000;3.104
2016-04-03;0.000;5.507;0.000;3.104
2016-04-04;0.000;5.329;0.000;3.104
2016-04-05;0.000;5.112;0.000;3.104
2016-04-06;0.000;4.912;0.000;3.104
2016-04-07;0.000;4.765;0.000;3.104
2016-04-08;0.000;4.652;0.000;3.104
2016-04-09;0.000;4.489;0.000;3.104
2016-04-10;0.000;4.395;0.000;3.104
2016-04-11;0.000;4.342;0.000;3.104
2016-04-12;0.000;4.243;0.000;3.104
2016-04-13;0.000;4.101;0.000;3.104
2016-04-14;0.000;4.027;0.000;3.104
2016-04-15;0.000;3.892;0.000;3.104
2016-04-16;0.000;3.755;0.000;3.104
2016-04-17;0.000;3.682;0.000;3.104
2016-04-18;0.200;3.765;0.000;3.104
2016-04-19;0.000;3.761;0.000;3.104
2016-04-20;0.000;3.726;0.000;3.104
2016-04-21;0.200;3.644;0.000;3.104
2016-04-22;0.200;3.650;0.000;3.104
2016-04-23;0.000;3.549;0.000;3.104
2016-04-24;0.000;3.518;0.000;3.104
2016-04-25;0.000;3.510;0.000;3.104
2016-04-26;0.000;3.430;0.000;3.104
2016-04-27;3.600;3.360;0.000;3.104
2016-04-28;0.000;3.408;0.000;3.104
2016-04-29;0.000;3.482;0.000;3.104
2016-04-30;0.000;3.365;0.000;3.104
2016-05-01;0.200;3.359;0.000;1.867
2016-05-02;0.200;3.338;0.000;1.867
2016-05-03;0.200;3.243;0.000;1.867
2016-05-04;0.200;3.155;0.000;1.867
2016-05-05;0.000;3.153;0.000;1.867
2016-05-06;0.000;3.140;0.000;1.867
2016-05-07;0.200;3.201;0.000;1.867
2016-05-08;0.200;3.157;0.000;1.867
2016-05-09;0.000;3.197;0.000;1.867
2016-05-10;0.000;3.161;0.000;1.867
2016-05-11;0.000;3.189;0.000;1.867
2016-05-12;0.000;3.189;0.000;1.867
2016-05-13;0.000;3.164;0.000;1.867
2016-05-14;0.000;3.133;0.000;1.867
2016-05-15;0.000;3.081;0.000;1.867
2016-05-16;0.800;3.106;0.000;1.867
2016-05-17;0.200;3.224;0.000;1.867
2016-05-18;15.000;4.396;0.000;1.867
2016-05-19;3.200;5.439;0.000;1.867
2016-05-20;0.000;5.252;0.000;1.867
2016-05-21;30.200;9.719;0.000;1.867
2016-05-22;17.600;9.915;0.000;1.867
2016-05-23;18.800;13.775;0.000;1.867
2016-05-24;0.000;12.412;0.000;1.867
2016-05-25;0.200;9.577;0.000;1.867
2016-05-26;0.000;7.234;0.000;1.867
2016-05-27;0.000;5.707;0.000;1.867
2016-05-28;0.000;4.865;0.000;1.867
2016-05-29;0.000;4.373;0.000;1.867
2016-05-30;6.400;4.394;0.000;1.867
2016-05-31;3.800;5.201;0.000;1.867
2016-06-01;8.200;5.172;0.000;1.583
2016-06-02;18.600;9.145;0.000;1.583
2016-06-03;8.000;14.773;0.000;1.583
2016-06-04;27.600;15.189;0.000;1.583
2016-06-05;43.400;26.713;0.000;1.583
2016-06-06;54.400;40.533;0.000;1.583
2016-06-07;14.200;52.084;0.000;1.583
2016-06-08;0.000;51.998;0.000;1.583
2016-06-09;0.200;45.998;0.000;1.583
2016-06-10;0.000;36.878;0.000;1.583
2016-06-11;0.400;27.250;0.000;1.583
2016-06-12;0.200;19.888;0.000;1.583
2016-06-13;0.200;14.773;0.000;1.583
2016-06-14;0.000;11.342;0.000;1.583
2016-06-15;0.200;9.671;0.000;1.583
2016-06-16;0.200;8.742;0.000;1.583
2016-06-17;0.200;8.216;0.000;1.583
2016-06-18;0.400;7.780;0.000;1.583
2016-06-19;0.000;7.429;0.000;1.583
2016-06-20;0.200;7.159;0.000;1.583
2016-06-21;0.000;6.963;0.000;1.583
2016-06-22;0.000;6.772;0.000;1.583
2016-06-23;0.200;6.590;0.000;1.583
2016-06-24;0.200;6.401;0.000;1.583
2016-06-25;0.000;6.198;0.000;1.583
2016-06-26;0.000;5.913;0.000;1.583
2016-06-27;0.400;5.768;0.000;1.583
2016-06-28;0.200;5.634;0.000;1.583
2016-06-29;0.200;5.516;0.000;1.583
2016-06-30;0.000;5.430;0.000;1.583
2016-07-01;0.200;5.388;0.000;1.532
2016-07-02;0.200;5.302;0.000;1.532
2016-07-03;0.200;5.276;0.000;1.532
2016-07-04;0.200;5.146;0.000;1.532
2016-07-05;0.200;5.010;0.000;1.532
2016-07-06;0.200;4.965;0.000;1.532
2016-07-07;0.000;4.709;0.000;1.532
2016-07-08;0.200;4.593;0.000;1.532
2016-07-09;0.000;4.485;0.000;1.532
2016-07-10;0.200;4.457;0.000;1.532
2016-07-11;0.000;4.463;0.000;1.532
2016-07-12;0.000;4.328;0.000;1.532
2016-07-13;0.000;4.306;0.000;1.532
2016-07-14;0.200;4.248;0.000;1.532
2016-07-15;0.200;4.205;0.000;1.532
2016-07-16;4.200;4.258;0.000;1.532
2016-07-17;0.200;4.303;0.000;1.532
2016-07-18;0.400;4.268;0.000;1.532
2016-07-19;0.000;4.220;0.000;1.532
2016-07-20;0.200;4.202;0.000;1.532
2016-07-21;0.200;4.205;0.000;1.532
2016-07-22;0.000;4.169;0.000;1.532
2016-07-23;0.000;4.050;0.000;1.532
2016-07-24;0.200;4.011;0.000;1.532
2016-07-25;0.000;3.958;0.000;1.532
2016-07-26;0.200;3.833;0.000;1.532
2016-07-27;0.000;3.809;0.000;1.532
2016-07-28;0.000;3.619;0.000;1.532
2016-07-29;0.000;3.414;0.000;1.532
2016-07-30;0.000;3.380;0.000;1.532
2016-07-31;0.000;3.355;0.000;1.532
2016-08-01;0.200;3.295;0.000;1.916
2016-08-02;0.200;4.059;0.000;1.916
2016-08-03;0.000;;0.000;1.916
2016-08-04;0.000;;0.000;1.916
2016-08-05;0.000;;0.000;1.916
2016-08-06;0.200;;0.000;1.916
2016-08-07;0.000;;0.000;1.916
2016-08-08;0.000;;0.000;1.916
2016-08-09;0.000;;0.000;1.916
2016-08-10;0.000;;0.000;1.916
2016-08-11;0.200;;0.000;1.916
2016-08-12;0.200;;0.000;1.916
2016-08-13;0.200;;0.000;1.916
2016-08-14;0.200;;0.000;1.916
2016-08-15;1.800;;0.000;1.916
2016-08-16;0.400;;0.000;1.916
2016-08-17;0.400;;0.000;1.916
2016-08-18;2.000;2.758;0.000;1.916
2016-08-19;0.000;2.820;0.000;1.916
2016-08-20;7.000;2.996;0.000;1.916
2016-08-21;39.400;8.512;0.000;1.916
2016-08-22;0.000;10.351;0.000;1.916
2016-08-23;0.000;8.346;0.000;1.916
2016-08-24;0.000;5.929;0.000;1.916
2016-08-25;0.000;4.503;0.000;1.916
2016-08-26;0.400;3.616;0.000;1.916
2016-08-27;0.200;3.142;0.000;1.916
2016-08-28;0.200;2.966;0.000;1.916
2016-08-29;0.000;2.785;0.000;1.916
2016-08-30;1.600;2.657;0.000;1.916
2016-08-31;9.800;3.104;0.000;1.916
2016-09-01;1.800;3.606;0.000;2.580
2016-09-02;0.000;3.462;0.000;2.580
2016-09-03;0.000;3.084;0.000;2.580
2016-09-04;0.400;2.793;0.000;2.580
2016-09-05;0.000;2.757;0.000;2.580
2016-09-06;10.600;3.625;0.000;2.580
2016-09-07;2.600;4.371;0.000;2.580
2016-09-08;0.200;3.942;0.000;2.580
2016-09-09;0.000;3.472;0.000;2.580
2016-09-10;0.000;3.002;0.000;2.580
2016-09-11;0.000;2.697;0.000;2.580
2016-09-12;0.200;2.429;0.000;2.580
2016-09-13;0.000;2.228;0.000;2.580
2016-09-14;0.000;2.100;0.000;2.580
2016-09-15;0.000;1.952;0.000;2.580
2016-09-16;0.000;1.894;0.000;2.580
2016-09-17;0.000;1.851;0.000;2.580
2016-09-18;7.000;2.041;0.000;2.580
2016-09-19;0.000;3.122;0.000;2.580
2016-09-20;0.000;3.372;0.000;2.580
2016-09-21;0.000;3.319;0.000;2.580
2016-09-22;0.000;3.159;0.000;2.580
2016-09-23;0.000;3.069;0.000;2.580
2016-09-24;0.000;2.808;0.000;2.580
2016-09-25;0.200;2.737;0.000;2.580
2016-09-26;0.000;2.747;0.000;2.580
2016-09-27;0.000;2.662;0.000;2.580
2016-09-28;0.000;2.730;0.000;2.580
2016-09-29;0.000;3.267;0.000;2.580
2016-09-30;0.000;3.508;0.000;2.580
2016-10-01;0.000;3.555;0.000;3.418
2016-10-02;0.000;3.595;0.000;3.418
2016-10-03;21.600;4.837;0.000;3.418
2016-10-04;1.200;6.216;0.000;3.418
2016-10-05;0.000;6.188;0.000;3.418
2016-10-06;0.400;5.553;0.000;3.418
2016-10-07;0.000;4.814;0.000;3.418
2016-10-08;0.200;4.365;0.000;3.418
2016-10-09;0.000;3.836;0.000;3.418
2016-10-10;0.000;3.570;0.000;3.418
2016-10-11;0.000;3.439;0.000;3.418
2016-10-12;8.800;3.327;0.000;3.418
2016-10-13;28.200;4.742;0.000;3.418
2016-10-14;11.400;8.382;0.000;3.418
2016-10-15;0.200;14.996;0.000;3.418
2016-10-16;0.000;19.241;0.000;3.418
2016-10-17;0.000;18.107;0.000;3.418
2016-10-18;0.000;14.145;0.000;3.418
2016-10-19;0.000;9.024;0.000;3.418
2016-10-20;0.000;5.712;0.000;3.418
2016-10-21;0.000;4.282;0.000;3.418
2016-10-22;0.000;3.612;0.000;3.418
2016-10-23;0.600;3.450;0.000;3.418
2016-10-24;20.200;4.433;0.000;3.418
2016-10-25;31.600;13.406;0.000;3.418
2016-10-26;3.200;15.538;0.000;3.418
2016-10-27;10.200;13.870;0.000;3.418
2016-10-28;0.000;13.170;0.000;3.418
2016-10-29;0.000;10.732;0.000;3.418
2016-10-30;0.000;7.872;0.000;3.418
2016-10-31;11.800;6.273;0.000;3.418
2016-11-01;0.200;5.431;0.000;3.717
2016-11-02;7.600;5.428;0.000;3.717
2016-11-03;2.800;4.859;0.000;3.717
2016-11-04;0.400;4.452;0.000;3.717
2016-11-05;0.000;4.091;0.000;3.717
2016-11-06;8.400;4.177;0.000;3.717
2016-11-07;18.400;5.642;0.000;3.717
2016-11-08;0.200;5.675;0.000;3.717
2016-11-09;18.600;5.173;0.000;3.717
2016-11-10;3.000;7.371;0.000;3.717
2016-11-11;20.800;6.258;0.000;3.717
2016-11-12;2.000;13.167;0.000;3.717
2016-11-13;10.200;10.838;0.000;3.717
2016-11-14;14.200;10.741;0.000;3.717
2016-11-15;0.000;11.512;0.000;3.717
2016-11-16;0.400;10.409;0.000;3.717
2016-11-17;0.600;9.864;0.000;3.717
2016-11-18;0.000;9.874;0.000;3.717
2016-11-19;0.000;8.093;0.000;3.717
2016-11-20;0.000;6.219;0.000;3.717
2016-11-21;0.000;4.949;0.000;3.717
2016-11-22;0.400;4.152;0.000;3.717
2016-11-23;3.600;3.871;0.000;3.717
2016-11-24;0.200;3.726;0.000;3.717
2016-11-25;0.000;3.540;0.000;3.717
2016-11-26;0.000;3.377;0.000;3.717
2016-11-27;7.000;4.394;0.000;3.717
2016-11-28;0.000;9.994;0.000;3.717
2016-11-29;6.800;9.538;0.000;3.717
2016-11-30;0.000;6.863;0.000;3.717
2016-12-01;0.000;5.298;0.000;4.236
2016-12-02;0.000;4.441;0.000;4.236
2016-12-03;22.800;5.066;0.000;4.236
2016-12-04;17.800;9.182;0.000;4.236
2016-12-05;0.800;10.056;0.000;4.236
2016-12-06;0.000;7.880;0.000;4.236
2016-12-07;1.000;6.004;0.000;4.236
2016-12-08;0.200;4.717;0.000;4.236
2016-12-09;4.200;3.957;0.000;4.236
2016-12-10;0.200;4.026;0.000;4.236
2016-12-11;29.200;4.995;0.000;4.236
2016-12-12;13.600;8.012;0.000;4.236
2016-12-13;0.200;11.030;0.000;4.236
2016-12-14;0.000;10.184;0.000;4.236
2016-12-15;0.000;7.282;0.000;4.236
2016-12-16;0.000;5.251;0.000;4.236
2016-12-17;0.000;4.332;0.000;4.236
2016-12-18;14.000;4.401;0.000;4.236
2016-12-19;7.600;4.074;0.000;4.236
2016-12-20;0.000;3.683;0.000;4.236
2016-12-21;0.800;5.165;0.000;4.236
2016-12-22;3.200;5.310;0.000;4.236
2016-12-23;22.200;4.791;0.000;4.236
2016-12-24;0.200;5.928;0.000;4.236
2016-12-25;8.400;5.221;0.000;4.236
2016-12-26;0.400;10.495;0.000;4.236
2016-12-27;0.000;7.561;0.000;4.236
2016-12-28;0.400;5.742;0.000;4.236
2016-12-29;0.200;4.480;0.000;4.236
2016-12-30;0.200;3.535;0.000;4.236
2016-12-31;1.400;3.048;0.000;4.236
2017-01-01;0.000;2.768;0.000;4.281
2017-01-02;0.000;2.625;0.000;4.281
2017-01-03;3.800;2.576;0.000;4.281
2017-01-04;0.200;2.604;0.000;4.281
2017-01-05;1.800;3.240;0.000;4.281
2017-01-06;2.200;3.195;0.000;4.281
2017-01-07;0.200;3.757;0.000;4.281
2017-01-08;0.400;4.471;0.000;4.281
2017-01-09;19.600;6.407;0.000;4.281
2017-01-10;24.200;14.255;0.000;4.281
2017-01-11;10.000;21.944;0.000;4.281
2017-01-12;5.200;26.697;0.000;4.281
2017-01-13;0.200;27.025;0.000;4.281
2017-01-14;0.200;22.521;0.000;4.281
2017-01-15;7.400;18.422;0.000;4.281
2017-01-16;14.800;19.480;0.000;4.281
2017-01-17;21.200;26.821;0.000;4.281
2017-01-18;15.000;29.096;0.000;4.281
2017-01-19;12.400;27.764;0.000;4.281
2017-01-20;6.600;27.606;0.000;4.281
2017-01-21;59.800;28.936;0.000;4.281
2017-01-22;5.200;44.191;0.000;4.281
2017-01-23;0.200;44.943;0.000;4.281
2017-01-24;1.400;37.135;0.000;4.281
2017-01-25;2.400;31.723;0.000;4.281
2017-01-26;12.000;29.846;0.000;4.281
2017-01-27;2.000;30.131;0.000;4.281
2017-01-28;0.000;27.364;0.000;4.281
2017-01-29;0.000;22.372;0.000;4.281
2017-01-30;0.800;18.827;0.000;4.281
2017-01-31;0.000;17.375;0.000;4.281
2017-02-01;21.600;16.271;0.000;4.377
2017-02-02;3.000;17.378;0.000;4.377
2017-02-03;11.400;15.320;0.000;4.377
2017-02-04;4.000;15.882;0.000;4.377
2017-02-05;13.800;14.241;0.000;4.377
2017-02-06;8.400;14.634;0.000;4.377
2017-02-07;0.200;14.351;0.000;4.377
2017-02-08;0.000;12.582;0.000;4.377
2017-02-09;0.000;10.442;0.000;4.377
2017-02-10;0.600;8.419;0.000;4.377
2017-02-11;0.000;7.184;0.000;4.377
2017-02-12;0.000;6.402;0.000;4.377
2017-02-13;0.000;5.978;0.000;4.377
2017-02-14;0.200;5.559;0.000;4.377
2017-02-15;0.000;5.127;0.000;4.377
2017-02-16;0.000;4.839;0.000;4.377
2017-02-17;0.200;4.583;0.000;4.377
2017-02-18;0.200;5.639;0.000;4.377
2017-02-19;0.000;5.973;0.000;4.377
2017-02-20;0.000;4.993;0.000;4.377
2017-02-21;0.000;4.276;0.000;4.377
2017-02-22;0.000;3.960;0.000;4.377
2017-02-23;0.200;3.824;0.000;4.377
2017-02-24;10.600;4.256;0.000;4.377
2017-02-25;3.400;6.634;0.000;4.377
2017-02-26;11.600;8.602;0.000;4.377
2017-02-27;0.000;10.808;0.000;4.377
2017-02-28;0.000;9.921;0.000;4.377
2017-03-01;0.200;7.485;0.000;3.878
2017-03-02;11.400;6.251;0.000;3.878
2017-03-03;5.800;8.947;0.000;3.878
2017-03-04;4.400;12.865;0.000;3.878
2017-03-05;0.400;13.742;0.000;3.878
2017-03-06;23.800;11.845;0.000;3.878
2017-03-07;8.400;18.903;0.000;3.878
2017-03-08;13.000;23.100;0.000;3.878
2017-03-09;0.200;21.291;0.000;3.878
2017-03-10;0.200;17.448;0.000;3.878
2017-03-11;0.000;12.440;0.000;3.878
2017-03-12;0.000;8.649;0.000;3.878
2017-03-13;0.200;7.119;0.000;3.878
2017-03-14;1.200;6.106;0.000;3.878
2017-03-15;0.000;6.290;0.000;3.878
2017-03-16;0.000;6.376;0.000;3.878
2017-03-17;0.000;5.732;0.000;3.878
2017-03-18;4.200;5.133;0.000;3.878
2017-03-19;7.000;5.408;0.000;3.878
2017-03-20;0.000;6.239;0.000;3.878
2017-03-21;0.000;5.796;0.000;3.878
2017-03-22;0.000;5.087;0.000;3.878
2017-03-23;0.200;4.557;0.000;3.878
2017-03-24;0.000;4.170;0.000;3.878
2017-03-25;0.400;3.942;0.000;3.878
2017-03-26;0.000;3.868;0.000;3.878
2017-03-27;0.800;3.782;0.000;3.878
2017-03-28;1.200;3.780;0.000;3.878
2017-03-29;0.000;3.759;0.000;3.878
2017-03-30;0.400;3.859;0.000;3.878
2017-03-31;0.000;3.925;0.000;3.878
2017-04-01;0.000;3.856;0.000;3.104
2017-04-02;0.200;3.797;0.000;3.104
2017-04-03;0.000;3.768;0.000;3.104
2017-04-04;0.000;3.606;0.000;3.104
2017-04-05;0.000;3.407;0.000;3.104
2017-04-06;30.200;5.104;0.000;3.104
2017-04-07;11.600;9.973;0.000;3.104
2017-04-08;0.000;9.795;0.000;3.104
2017-04-09;0.000;7.836;0.000;3.104
2017-04-10;0.000;6.020;0.000;3.104
2017-04-11;0.000;4.743;0.000;3.104
2017-04-12;0.000;4.062;0.000;3.104
2017-04-13;0.000;3.815;0.000;3.104
2017-04-14;0.000;3.624;0.000;3.104
2017-04-15;0.000;3.462;0.000;3.104
2017-04-16;0.000;3.462;0.000;3.104
2017-04-17;0.200;3.856;0.000;3.104
2017-04-18;0.000;4.024;0.000;3.104
2017-04-19;0.000;3.988;0.000;3.104
2017-04-20;0.000;3.992;0.000;3.104
2017-04-21;0.200;4.013;0.000;3.104
2017-04-22;0.000;4.973;0.000;3.104
2017-04-23;0.000;4.991;0.000;3.104
2017-04-24;0.000;4.375;0.000;3.104
2017-04-25;0.000;3.694;0.000;3.104
2017-04-26;0.000;5.182;0.000;3.104
2017-04-27;0.000;7.383;0.000;3.104
2017-04-28;0.400;6.386;0.000;3.104
2017-04-29;0.000;5.101;0.000;3.104
2017-04-30;0.000;4.412;0.000;3.104
2017-05-01;0.000;3.913;0.000;1.867
2017-05-02;0.000;3.622;0.000;1.867
2017-05-03;0.000;3.422;0.000;1.867
2017-05-04;5.000;3.262;0.000;1.867
2017-05-05;33.400;8.244;0.000;1.867
2017-05-06;1.200;13.028;0.000;1.867
2017-05-07;0.000;10.826;0.000;1.867
2017-05-08;0.000;7.303;0.000;1.867
2017-05-09;0.000;5.270;0.000;1.867
2017-05-10;0.200;4.252;0.000;1.867
2017-05-11;0.000;3.777;0.000;1.867
2017-05-12;0.000;3.513;0.000;1.867
2017-05-13;0.200;3.322;0.000;1.867
2017-05-14;2.000;3.295;0.000;1.867
2017-05-15;0.000;3.253;0.000;1.867
2017-05-16;0.000;3.197;0.000;1.867
2017-05-17;0.000;3.068;0.000;1.867
2017-05-18;5.800;3.127;0.000;1.867
2017-05-19;34.200;9.234;0.000;1.867
2017-05-20;0.200;14.566;0.000;1.867
2017-05-21;27.000;13.495;0.000;1.867
2017-05-22;1.400;17.361;0.000;1.867
2017-05-23;0.000;16.828;0.000;1.867
2017-05-24;0.000;13.850;0.000;1.867
2017-05-25;0.200;10.039;0.000;1.867
2017-05-26;0.200;7.303;0.000;1.867
2017-05-27;0.200;5.784;0.000;1.867
2017-05-28;0.000;5.132;0.000;1.867
2017-05-29;0.200;4.711;0.000;1.867
2017-05-30;0.200;4.418;0.000;1.867
2017-05-31;0.200;4.139;0.000;1.867
2017-06-01;1.800;4.068;0.000;1.583
2017-06-02;0.000;3.866;0.000;1.583
2017-06-03;0.200;3.733;0.000;1.583
2017-06-04;0.200;3.596;0.000;1.583
2017-06-05;20.400;4.722;0.000;1.583
2017-06-06;11.800;9.699;0.000;1.583
2017-06-07;0.600;10.591;0.000;1.583
2017-06-08;0.200;8.530;0.000;1.583
2017-06-09;2.000;7.027;0.000;1.583
2017-06-10;0.200;5.654;0.000;1.583
2017-06-11;0.200;4.706;0.000;1.583
2017-06-12;0.200;4.184;0.000;1.583
2017-06-13;9.200;4.444;0.000;1.583
2017-06-14;0.200;4.901;0.000;1.583
2017-06-15;0.200;4.656;0.000;1.583
2017-06-16;0.000;4.227;0.000;1.583
2017-06-17;0.400;3.882;0.000;1.583
2017-06-18;0.200;3.667;0.000;1.583
2017-06-19;0.000;3.540;0.000;1.583
2017-06-20;0.000;3.422;0.000;1.583
2017-06-21;0.000;3.359;0.000;1.583
2017-06-22;0.000;3.282;0.000;1.583
2017-06-23;0.000;3.209;0.000;1.583
2017-06-24;0.000;3.114;0.000;1.583
2017-06-25;0.000;3.011;0.000;1.583
2017-06-26;0.000;2.982;0.000;1.583
2017-06-27;0.600;2.848;0.000;1.583
2017-06-28;0.200;2.843;0.000;1.583
2017-06-29;0.400;2.786;0.000;1.583
2017-06-30;0.200;2.873;0.000;1.583
2017-07-01;0.200;3.263;0.000;1.532
2017-07-02;0.000;3.675;0.000;1.532
2017-07-03;0.000;3.781;0.000;1.532
2017-07-04;0.000;3.918;0.000;1.532
2017-07-05;0.200;4.201;0.000;1.532
2017-07-06;0.200;4.441;0.000;1.532
2017-07-07;0.000;4.648;0.000;1.532
2017-07-08;0.000;4.675;0.000;1.532
2017-07-09;0.000;4.757;0.000;1.532
2017-07-10;0.200;4.963;0.000;1.532
2017-07-11;0.200;5.140;0.000;1.532
2017-07-12;0.200;5.308;0.000;1.532
2017-07-13;0.000;5.402;0.000;1.532
2017-07-14;0.200;5.397;0.000;1.532
2017-07-15;0.200;5.374;0.000;1.532
2017-07-16;0.000;5.366;0.000;1.532
2017-07-17;0.200;5.292;0.000;1.532
2017-07-18;0.000;5.241;0.000;1.532
2017-07-19;0.000;5.307;0.000;1.532
2017-07-20;0.000;5.319;0.000;1.532
2017-07-21;0.000;5.286;0.000;1.532
2017-07-22;0.200;5.249;0.000;1.532
2017-07-23;0.000;5.187;0.000;1.532
2017-07-24;0.200;5.098;0.000;1.532
2017-07-25;0.400;5.020;0.000;1.532
2017-07-26;0.200;4.988;0.000;1.532
2017-07-27;0.000;4.991;0.000;1.532
2017-07-28;0.000;4.943;0.000;1.532
2017-07-29;0.000;4.869;0.000;1.532
2017-07-30;0.000;4.887;0.000;1.532
2017-07-31;0.200;4.854;0.000;1.532
2017-08-01;0.200;4.849;0.000;1.916
2017-08-02;0.000;4.865;0.000;1.916
2017-08-03;0.000;4.827;0.000;1.916
2017-08-04;0.000;4.828;0.000;1.916
2017-08-05;0.600;5.036;0.000;1.916
2017-08-06;0.000;5.482;0.000;1.916
2017-08-07;0.000;5.651;0.000;1.916
2017-08-08;0.200;5.623;0.000;1.916
2017-08-09;0.000;5.570;0.000;1.916
2017-08-10;0.000;5.534;0.000;1.916
2017-08-11;0.000;5.508;0.000;1.916
2017-08-12;0.000;5.479;0.000;1.916
2017-08-13;0.000;5.444;0.000;1.916
2017-08-14;0.000;5.491;0.000;1.916
2017-08-15;0.800;5.466;0.000;1.916
2017-08-16;4.000;5.648;0.000;1.916
2017-08-17;1.800;6.303;0.000;1.916
2017-08-18;7.000;7.327;0.000;1.916
2017-08-19;6.200;8.287;0.000;1.916
2017-08-20;6.400;9.010;0.000;1.916
2017-08-21;0.600;9.211;0.000;1.916
2017-08-22;0.200;8.262;0.000;1.916
2017-08-23;0.000;7.024;0.000;1.916
2017-08-24;0.000;5.985;0.000;1.916
2017-08-25;0.000;5.333;0.000;1.916
2017-08-26;0.000;4.809;0.000;1.916
2017-08-27;0.000;4.486;0.000;1.916
2017-08-28;0.000;4.329;0.000;1.916
2017-08-29;0.200;4.196;0.000;1.916
2017-08-30;0.400;4.011;0.000;1.916
2017-08-31;0.000;3.991;0.000;1.916
2017-09-01;0.000;4.106;0.000;2.580
2017-09-02;0.000;4.330;0.000;2.580
2017-09-03;0.000;4.791;0.000;2.580
2017-09-04;0.000;5.387;0.000;2.580
2017-09-05;0.000;5.766;0.000;2.580
2017-09-06;0.000;5.941;0.000;2.580
2017-09-07;0.000;5.992;0.000;2.580
2017-09-08;0.000;6.088;0.000;2.580
2017-09-09;0.000;6.131;0.000;2.580
2017-09-10;0.000;6.296;0.000;2.580
2017-09-11;0.000;6.364;0.000;2.580
2017-09-12;0.000;6.347;0.000;2.580
2017-09-13;0.000;6.247;0.000;2.580
2017-09-14;0.000;6.333;0.000;2.580
2017-09-15;0.000;6.559;0.000;2.580
2017-09-16;0.000;6.653;0.000;2.580
2017-09-17;0.000;6.803;0.000;2.580
2017-09-18;0.000;6.992;0.000;2.580
2017-09-19;0.000;6.987;0.000;2.580
2017-09-20;0.000;6.990;0.000;2.580
2017-09-21;0.000;6.877;0.000;2.580
2017-09-22;0.000;6.842;0.000;2.580
2017-09-23;0.000;6.877;0.000;2.580
2017-09-24;0.000;6.896;0.000;2.580
2017-09-25;0.000;6.946;0.000;2.580
2017-09-26;0.000;6.917;0.000;2.580
2017-09-27;0.400;6.859;0.000;2.580
2017-09-28;0.000;6.884;0.000;2.580
2017-09-29;12.000;7.080;0.000;2.580
2017-09-30;25.200;8.945;0.000;2.580
2017-10-01;0.000;11.334;0.000;3.418
2017-10-02;15.800;11.721;0.000;3.418
2017-10-03;1.000;11.846;0.000;3.418
2017-10-04;0.000;10.429;0.000;3.418
2017-10-05;0.000;8.149;0.000;3.418
2017-10-06;0.000;6.006;0.000;3.418
2017-10-07;12.200;5.005;0.000;3.418
2017-10-08;0.400;4.677;0.000;3.418
2017-10-09;0.200;4.253;0.000;3.418
2017-10-10;0.000;3.769;0.000;3.418
2017-10-11;7.600;3.743;0.000;3.418
2017-10-12;0.000;5.059;0.000;3.418
2017-10-13;8.600;5.452;0.000;3.418
2017-10-14;0.000;5.739;0.000;3.418
2017-10-15;0.000;6.451;0.000;3.418
2017-10-16;0.000;6.939;0.000;3.418
2017-10-17;0.000;6.922;0.000;3.418
2017-10-18;0.000;6.601;0.000;3.418
2017-10-19;0.000;6.551;0.000;3.418
2017-10-20;0.000;6.853;0.000;3.418
2017-10-21;0.200;7.348;0.000;3.418
2017-10-22;9.000;8.007;0.000;3.418
2017-10-23;0.200;8.696;0.000;3.418
2017-10-24;0.000;8.955;0.000;3.418
2017-10-25;0.400;8.900;0.000;3.418
2017-10-26;21.800;10.854;0.000;3.418
2017-10-27;11.600;11.378;0.000;3.418
2017-10-28;0.000;12.122;0.000;3.418
2017-10-29;0.000;10.818;0.000;3.418
2017-10-30;1.200;8.534;0.000;3.418
2017-10-31;2.200;6.382;0.000;3.418
2017-11-01;0.000;5.021;0.000;3.717
2017-11-02;0.000;4.348;0.000;3.717
2017-11-03;0.000;3.903;0.000;3.717
2017-11-04;18.800;4.010;0.000;3.717
2017-11-05;1.400;5.848;0.000;3.717
2017-11-06;0.200;6.537;0.000;3.717
2017-11-07;0.000;7.462;0.000;3.717
2017-11-08;0.000;8.072;0.000;3.717
2017-11-09;18.800;9.290;0.000;3.717
2017-11-10;17.000;12.187;0.000;3.717
2017-11-11;26.200;17.547;0.000;3.717
2017-11-12;0.000;17.311;0.000;3.717
2017-11-13;0.000;15.089;0.000;3.717
2017-11-14;0.000;11.167;0.000;3.717
2017-11-15;0.000;7.127;0.000;3.717
2017-11-16;8.600;5.264;0.000;3.717
2017-11-17;51.400;7.209;0.000;3.717
2017-11-18;26.000;16.689;0.000;3.717
2017-11-19;23.800;19.557;0.000;3.717
2017-11-20;0.200;20.968;0.000;3.717
2017-11-21;6.400;20.458;0.000;3.717
2017-11-22;12.200;19.539;0.000;3.717
2017-11-23;0.000;16.691;0.000;3.717
2017-11-24;0.000;12.317;0.000;3.717
2017-11-25;0.800;7.719;0.000;3.717
2017-11-26;0.200;5.312;0.000;3.717
2017-11-27;34.800;7.040;0.000;3.717
2017-11-28;0.200;8.077;0.000;3.717
2017-11-29;0.000;5.616;0.000;3.717
2017-11-30;0.000;4.410;0.000;3.717
2017-12-01;0.400;3.662;0.000;4.236
2017-12-02;0.000;3.221;0.000;4.236
2017-12-03;0.000;2.915;0.000;4.236
2017-12-04;0.000;2.836;0.000;4.236
2017-12-05;0.000;2.935;0.000;4.236
2017-12-06;1.000;2.752;0.000;4.236
2017-12-07;7.600;3.329;0.000;4.236
2017-12-08;20.600;6.266;0.000;4.236
2017-12-09;0.000;8.584;0.000;4.236
2017-12-10;0.600;8.629;0.000;4.236
2017-12-11;0.200;8.354;0.000;4.236
2017-12-12;0.000;7.957;0.000;4.236
2017-12-13;0.400;7.639;0.000;4.236
2017-12-14;0.000;7.420;0.000;4.236
2017-12-15;0.000;7.157;0.000;4.236
2017-12-16;0.000;6.960;0.000;4.236
2017-12-17;0.000;6.815;0.000;4.236
2017-12-18;1.600;7.136;0.000;4.236
2017-12-19;0.000;7.513;0.000;4.236
2017-12-20;3.400;8.172;0.000;4.236
2017-12-21;1.800;9.872;0.000;4.236
2017-12-22;13.400;11.389;0.000;4.236
2017-12-23;0.000;11.074;0.000;4.236
2017-12-24;0.800;9.677;0.000;4.236
2017-12-25;8.400;7.487;0.000;4.236
2017-12-26;3.200;6.915;0.000;4.236
2017-12-27;1.800;5.338;0.000;4.236
2017-12-28;0.000;4.953;0.000;4.236
2017-12-29;9.200;5.314;0.000;4.236
2017-12-30;11.400;6.277;0.000;4.236
2017-12-31;16.400;8.400;0.000;4.236
2018-01-01;0.000;9.795;0.000;4.281
2018-01-02;6.000;8.221;0.000;4.281
2018-01-03;13.800;6.961;0.000;4.281
2018-01-04;0.200;5.813;0.000;4.281
2018-01-05;0.000;4.532;0.000;4.281
2018-01-06;14.600;3.617;0.000;4.281
2018-01-07;32.400;7.471;0.000;4.281
2018-01-08;14.600;14.008;0.000;4.281
2018-01-09;12.000;17.271;0.000;4.281
2018-01-10;5.200;17.306;0.000;4.281
2018-01-11;3.600;14.588;0.000;4.281
2018-01-12;0.800;10.898;0.000;4.281
2018-01-13;0.400;11.764;0.000;4.281
2018-01-14;0.200;11.087;0.000;4.281
2018-01-15;7.400;6.935;0.000;4.281
2018-01-16;8.000;6.554;0.000;4.281
2018-01-17;0.600;10.160;0.000;4.281
2018-01-18;0.800;10.082;0.000;4.281
2018-01-19;24.400;8.888;0.000;4.281
2018-01-20;44.000;12.092;0.000;4.281
2018-01-21;15.400;13.928;0.000;4.281
2018-01-22;3.600;10.189;0.000;4.281
2018-01-23;0.400;9.955;0.000;4.281
2018-01-24;1.400;11.018;0.000;4.281
2018-01-25;0.000;14.049;0.000;4.281
2018-01-26;0.000;17.551;0.000;4.281
2018-01-27;0.000;14.216;0.000;4.281
2018-01-28;0.000;8.717;0.000;4.281
2018-01-29;0.000;7.916;0.000;4.281
2018-01-30;17.000;21.723;0.000;4.281
2018-01-31;0.200;27.149;0.000;4.281
2018-02-01;0.000;28.576;0.000;4.377
2018-02-02;0.000;25.864;0.000;4.377
2018-02-03;0.000;19.966;0.000;4.377
2018-02-04;0.000;13.047;0.000;4.377
2018-02-05;1.200;7.680;0.000;4.377
2018-02-06;0.600;6.116;0.000;4.377
2018-02-07;0.000;5.314;0.000;4.377
2018-02-08;0.000;4.793;0.000;4.377
2018-02-09;0.000;4.223;0.000;4.377
2018-02-10;11.400;5.529;0.000;4.377
2018-02-11;0.000;9.851;0.000;4.377
2018-02-12;3.800;10.483;0.000;4.377
2018-02-13;0.000;12.213;0.000;4.377
2018-02-14;0.000;10.840;0.000;4.377
2018-02-15;4.200;7.767;0.000;4.377
2018-02-16;1.600;6.208;0.000;4.377
2018-02-17;41.400;7.694;0.000;4.377
2018-02-18;18.800;10.766;0.000;4.377
2018-02-19;0.200;10.700;0.000;4.377
2018-02-20;0.800;9.768;0.000;4.377
2018-02-21;0.000;7.526;0.000;4.377
2018-02-22;0.000;5.786;0.000;4.377
2018-02-23;0.000;4.869;0.000;4.377
2018-02-24;0.000;4.289;0.000;4.377
2018-02-25;0.000;3.782;0.000;4.377
2018-02-26;26.200;5.459;0.000;4.377
2018-02-27;0.200;12.553;0.000;4.377
2018-02-28;0.000;17.946;0.000;4.377
2018-03-01;0.400;18.635;0.000;3.878
2018-03-02;47.200;16.979;0.000;3.878
2018-03-03;0.400;24.157;0.000;3.878
2018-03-04;0.000;25.835;0.000;3.878
2018-03-05;8.800;24.009;0.000;3.878
2018-03-06;7.200;20.611;0.000;3.878
2018-03-07;3.200;15.673;0.000;3.878
2018-03-08;0.000;10.044;0.000;3.878
2018-03-09;0.000;7.321;0.000;3.878
2018-03-10;1.600;5.953;0.000;3.878
2018-03-11;0.000;7.720;0.000;3.878
2018-03-12;0.200;7.776;0.000;3.878
2018-03-13;7.400;6.049;0.000;3.878
2018-03-14;35.400;6.428;0.000;3.878
2018-03-15;2.800;13.358;0.000;3.878
2018-03-16;21.600;14.967;0.000;3.878
2018-03-17;0.200;15.631;0.000;3.878
2018-03-18;0.000;12.745;0.000;3.878
2018-03-19;0.200;8.319;0.000;3.878
2018-03-20;24.600;7.799;0.000;3.878
2018-03-21;15.200;15.588;0.000;3.878
2018-03-22;4.000;17.181;0.000;3.878
2018-03-23;38.200;16.526;0.000;3.878
2018-03-24;0.200;16.466;0.000;3.878
2018-03-25;0.200;10.429;0.000;3.878
2018-03-26;1.000;7.014;0.000;3.878
2018-03-27;26.600;6.919;0.000;3.878
2018-03-28;8.600;9.148;0.000;3.878
2018-03-29;0.200;8.051;0.000;3.878
2018-03-30;6.800;6.659;0.000;3.878
2018-03-31;0.600;9.427;0.000;3.878
2018-04-01;2.800;9.364;0.000;3.104
2018-04-02;0.200;7.131;0.000;3.104
2018-04-03;6.000;6.216;0.000;3.104
2018-04-04;0.200;5.881;0.000;3.104
2018-04-05;0.000;5.299;0.000;3.104
2018-04-06;0.000;4.839;0.000;3.104
2018-04-07;0.000;4.383;0.000;3.104
2018-04-08;0.000;4.058;0.000;3.104
2018-04-09;0.000;3.833;0.000;3.104
2018-04-10;0.000;3.605;0.000;3.104
2018-04-11;0.000;3.433;0.000;3.104
2018-04-12;0.000;3.574;0.000;3.104
2018-04-13;0.000;3.899;0.000;3.104
2018-04-14;0.000;4.011;0.000;3.104
2018-04-15;0.000;4.638;0.000;3.104
2018-04-16;0.000;5.499;0.000;3.104
2018-04-17;0.400;6.065;0.000;3.104
2018-04-18;0.000;6.426;0.000;3.104
2018-04-19;0.000;6.591;0.000;3.104
2018-04-20;0.000;6.683;0.000;3.104
2018-04-21;0.000;6.726;0.000;3.104
2018-04-22;0.000;6.802;0.000;3.104
2018-04-23;0.000;6.855;0.000;3.104
2018-04-24;0.000;6.798;0.000;3.104
2018-04-25;0.000;6.811;0.000;3.104
2018-04-26;0.000;6.787;0.000;3.104
2018-04-27;0.000;6.702;0.000;3.104
2018-04-28;0.000;6.472;0.000;3.104
2018-04-29;0.000;6.322;0.000;3.104
2018-04-30;0.000;6.171;0.000;3.104
2018-05-01;0.000;6.087;0.000;1.867
2018-05-02;0.000;6.028;0.000;1.867
2018-05-03;0.000;5.998;0.000;1.867
2018-05-04;0.000;5.874;0.000;1.867
2018-05-05;0.000;5.966;0.000;1.867
2018-05-06;0.000;6.309;0.000;1.867
2018-05-07;0.000;6.591;0.000;1.867
2018-05-08;0.000;6.760;0.000;1.867
2018-05-09;0.000;6.829;0.000;1.867
2018-05-10;0.000;6.808;0.000;1.867
2018-05-11;0.000;6.814;0.000;1.867
2018-05-12;0.000;6.783;0.000;1.867
2018-05-13;0.000;6.817;0.000;1.867
2018-05-14;0.000;6.877;0.000;1.867
2018-05-15;0.000;6.875;0.000;1.867
2018-05-16;0.000;6.900;0.000;1.867
2018-05-17;0.000;6.941;0.000;1.867
2018-05-18;0.000;6.839;0.000;1.867
2018-05-19;17.000;7.669;0.000;1.867
2018-05-20;0.000;7.998;0.000;1.867
2018-05-21;0.200;7.910;0.000;1.867
2018-05-22;0.400;7.450;0.000;1.867
2018-05-23;0.400;7.239;0.000;1.867
2018-05-24;0.000;7.112;0.000;1.867
2018-05-25;0.000;7.032;0.000;1.867
2018-05-26;0.000;6.949;0.000;1.867
2018-05-27;0.000;6.909;0.000;1.867
2018-05-28;0.000;6.875;0.000;1.867
2018-05-29;0.000;6.725;0.000;1.867
2018-05-30;0.000;6.649;0.000;1.867
2018-05-31;0.200;6.624;0.000;1.867
2018-06-01;0.000;6.550;0.000;1.583
2018-06-02;0.000;6.560;0.000;1.583
2018-06-03;0.000;6.608;0.000;1.583
2018-06-04;0.000;6.666;0.000;1.583
2018-06-05;0.000;6.715;0.000;1.583
2018-06-06;0.000;6.824;0.000;1.583
2018-06-07;23.400;8.279;0.000;1.583
2018-06-08;1.600;9.380;0.000;1.583
2018-06-09;0.000;9.157;0.000;1.583
2018-06-10;0.200;8.566;0.000;1.583
2018-06-11;0.000;8.099;0.000;1.583
2018-06-12;0.200;7.764;0.000;1.583
2018-06-13;5.200;7.983;0.000;1.583
2018-06-14;0.200;7.672;0.000;1.583
2018-06-15;0.000;7.384;0.000;1.583
2018-06-16;0.000;7.153;0.000;1.583
2018-06-17;0.000;6.991;0.000;1.583
2018-06-18;0.000;6.821;0.000;1.583
2018-06-19;0.000;6.687;0.000;1.583
2018-06-20;0.000;6.483;0.000;1.583
2018-06-21;0.600;6.386;0.000;1.583
2018-06-22;0.200;6.342;0.000;1.583
2018-06-23;0.000;6.429;0.000;1.583
2018-06-24;0.000;6.879;0.000;1.583
2018-06-25;0.000;7.380;0.000;1.583
2018-06-26;0.200;7.591;0.000;1.583
2018-06-27;0.000;7.738;0.000;1.583
2018-06-28;0.000;7.740;0.000;1.583
2018-06-29;0.000;7.679;0.000;1.583
2018-06-30;0.000;7.644;0.000;1.583
2018-07-01;0.000;7.657;0.000;1.532
2018-07-02;0.200;7.661;0.000;1.532
2018-07-03;0.000;7.604;0.000;1.532
2018-07-04;0.000;7.567;0.000;1.532
2018-07-05;0.200;7.510;0.000;1.532
2018-07-06;0.000;7.441;0.000;1.532
2018-07-07;0.000;7.352;0.000;1.532
2018-07-08;0.000;7.281;0.000;1.532
2018-07-09;0.000;7.244;0.000;1.532
2018-07-10;0.200;7.199;0.000;1.532
2018-07-11;0.000;7.266;0.000;1.532
2018-07-12;0.000;7.264;0.000;1.532
2018-07-13;0.200;7.562;0.000;1.532
2018-07-14;0.000;8.021;0.000;1.532
2018-07-15;0.000;8.093;0.000;1.532
2018-07-16;0.600;8.078;0.000;1.532
2018-07-17;0.000;7.936;0.000;1.532
2018-07-18;0.000;7.880;0.000;1.532
2018-07-19;0.000;7.794;0.000;1.532
2018-07-20;0.000;7.743;0.000;1.532
2018-07-21;0.200;7.658;0.000;1.532
2018-07-22;0.000;7.662;0.000;1.532
2018-07-23;0.000;7.570;0.000;1.532
2018-07-24;0.200;7.510;0.000;1.532
2018-07-25;0.000;7.440;0.000;1.532
2018-07-26;0.000;7.358;0.000;1.532
2018-07-27;0.000;7.387;0.000;1.532
2018-07-28;0.000;7.703;0.000;1.532
2018-07-29;0.000;8.015;0.000;1.532
2018-07-30;6.000;8.285;0.000;1.532
2018-07-31;8.400;9.243;0.000;1.532
2018-08-01;12.200;9.524;0.000;1.916
2018-08-02;1.200;10.261;0.000;1.916
2018-08-03;22.200;10.947;0.000;1.916
2018-08-04;1.000;12.187;0.000;1.916
2018-08-05;0.000;11.359;0.000;1.916
2018-08-06;22.600;10.244;0.000;1.916
2018-08-07;0.200;9.996;0.000;1.916
2018-08-08;0.200;7.924;0.000;1.916
2018-08-09;4.800;6.098;0.000;1.916
2018-08-10;0.000;4.770;0.000;1.916
2018-08-11;0.000;3.760;0.000;1.916
2018-08-12;0.000;3.160;0.000;1.916
2018-08-13;0.000;3.018;0.000;1.916
2018-08-14;0.000;3.895;0.000;1.916
2018-08-15;0.200;4.928;0.000;1.916
2018-08-16;0.000;5.473;0.000;1.916
2018-08-17;0.000;6.503;0.000;1.916
2018-08-18;0.000;7.766;0.000;1.916
2018-08-19;0.000;8.721;0.000;1.916
2018-08-20;0.000;9.463;0.000;1.916
2018-08-21;0.000;10.020;0.000;1.916
2018-08-22;0.000;10.372;0.000;1.916
2018-08-23;0.000;10.119;0.000;1.916
2018-08-24;0.600;9.605;0.000;1.916
2018-08-25;8.400;9.954;0.000;1.916
2018-08-26;0.000;9.870;0.000;1.916
2018-08-27;0.000;9.730;0.000;1.916
2018-08-28;0.000;9.196;0.000;1.916
2018-08-29;0.200;8.529;0.000;1.916
2018-08-30;0.000;7.828;0.000;1.916
2018-08-31;0.000;7.304;0.000;1.916
2018-09-01;0.000;6.948;0.000;2.580
2018-09-02;0.200;6.692;0.000;2.580
2018-09-03;2.200;6.489;0.000;2.580
2018-09-04;16.800;6.842;0.000;2.580
2018-09-05;0.400;7.693;0.000;2.580
2018-09-06;0.000;7.978;0.000;2.580
2018-09-07;0.000;7.642;0.000;2.580
2018-09-08;0.000;7.320;0.000;2.580
2018-09-09;0.000;7.366;0.000;2.580
2018-09-10;0.000;7.784;0.000;2.580
2018-09-11;0.000;8.119;0.000;2.580
2018-09-12;0.000;8.225;0.000;2.580
2018-09-13;0.000;8.284;0.000;2.580
2018-09-14;13.400;9.010;0.000;2.580
2018-09-15;1.800;9.613;0.000;2.580
2018-09-16;0.200;10.156;0.000;2.580
2018-09-17;4.600;10.309;0.000;2.580
2018-09-18;0.221;10.076;0.000;2.580
2018-09-19;0.000;8.983;0.000;2.580
2018-09-20;4.967;7.965;0.000;2.580
2018-09-21;0.116;7.696;0.000;2.580
2018-09-22;0.000;6.971;0.000;2.580
2018-09-23;0.000;6.403;0.000;2.580
2018-09-24;0.000;5.824;0.000;2.580
2018-09-25;0.000;5.325;0.000;2.580
2018-09-26;0.001;4.942;0.000;2.580
2018-09-27;2.112;5.155;0.000;2.580
2018-09-28;0.000;5.460;0.000;2.580
2018-09-29;0.000;5.779;0.000;2.580
2018-09-30;18.332;8.552;0.000;2.580
2018-10-01;1.230;14.603;0.000;3.418
2018-10-02;0.000;15.577;0.000;3.418
2018-10-03;3.399;14.437;0.000;3.418
2018-10-04;0.000;13.237;0.000;3.418
2018-10-05;0.000;11.468;0.000;3.418
2018-10-06;3.508;10.400;0.000;3.418
2018-10-07;0.404;10.505;0.000;3.418
2018-10-08;1.856;9.764;0.000;3.418
2018-10-09;18.877;12.980;0.000;3.418
2018-10-10;6.995;16.363;0.000;3.418
2018-10-11;10.280;15.984;0.000;3.418
2018-10-12;0.916;12.296;0.000;3.418
2018-10-13;3.908;8.164;0.000;3.418
2018-10-14;0.000;6.070;0.000;3.418
2018-10-15;7.129;6.319;0.000;3.418
2018-10-16;1.756;6.426;0.000;3.418
2018-10-17;4.318;6.293;0.000;3.418
2018-10-18;12.207;11.338;0.000;3.418
2018-10-19;0.795;12.241;0.000;3.418
2018-10-20;0.000;10.413;0.000;3.418
2018-10-21;0.000;7.128;0.000;3.418
2018-10-22;0.000;4.843;0.000;3.418
2018-10-23;0.000;3.839;0.000;3.418
2018-10-24;10.597;3.579;0.000;3.418
2018-10-25;8.379;4.559;0.000;3.418
2018-10-26;3.155;6.653;0.000;3.418
2018-10-27;1.722;9.101;0.000;3.418
2018-10-28;2.828;9.012;0.000;3.418
2018-10-29;0.000;7.983;0.000;3.418
2018-10-30;0.000;6.959;0.000;3.418
2018-10-31;7.449;6.212;0.000;3.418
2018-11-01;0.000;5.704;0.000;3.717
2018-11-02;0.000;5.456;0.000;3.717
2018-11-03;17.024;5.304;0.000;3.717
2018-11-04;4.015;5.595;0.000;3.717
2018-11-05;0.000;5.790;0.000;3.717
2018-11-06;0.665;5.625;0.000;3.717
2018-11-07;9.889;5.353;0.000;3.717
2018-11-08;4.201;5.447;0.000;3.717
2018-11-09;0.433;5.680;0.000;3.717
2018-11-10;2.731;5.970;0.000;3.717
2018-11-11;11.589;6.405;0.000;3.717
2018-11-12;6.073;7.544;0.000;3.717
2018-11-13;0.567;7.145;0.000;3.717
2018-11-14;1.363;6.862;0.000;3.717
2018-11-15;1.815;6.063;0.000;3.717
2018-11-16;0.000;5.395;0.000;3.717
2018-11-17;0.000;5.031;0.000;3.717
2018-11-18;11.416;4.901;0.000;3.717
2018-11-19;23.148;10.938;0.000;3.717
2018-11-20;3.615;12.555;0.000;3.717
2018-11-21;0.013;11.830;0.000;3.717
2018-11-22;4.866;9.139;0.000;3.717
2018-11-23;9.988;7.348;0.000;3.717
2018-11-24;17.562;10.335;0.000;3.717
2018-11-25;10.029;15.705;0.000;3.717
2018-11-26;1.079;17.159;0.000;3.717
2018-11-27;1.712;14.690;0.000;3.717
2018-11-28;4.461;10.161;0.000;3.717
2018-11-29;3.391;7.068;0.000;3.717
2018-11-30;29.544;5.661;0.000;3.717
2018-12-01;29.003;16.080;0.000;4.236
2018-12-02;0.853;20.486;0.000;4.236
2018-12-03;0.000;19.285;0.000;4.236
2018-12-04;0.000;16.077;0.000;4.236
2018-12-05;0.446;10.247;0.000;4.236
2018-12-06;0.366;5.756;0.000;4.236
2018-12-07;0.836;4.169;0.000;4.236
2018-12-08;0.515;3.806;0.000;4.236
2018-12-09;0.000;3.766;0.000;4.236
2018-12-10;1.790;4.247;0.000;4.236
2018-12-11;13.093;5.342;0.000;4.236
2018-12-12;1.173;6.502;0.000;4.236
2018-12-13;1.908;7.795;0.000;4.236
2018-12-14;0.170;8.608;0.000;4.236
2018-12-15;0.960;8.325;0.000;4.236
2018-12-16;1.078;7.242;0.000;4.236
2018-12-17;1.925;6.113;0.000;4.236
2018-12-18;10.921;8.092;0.000;4.236
2018-12-19;3.215;9.042;0.000;4.236
2018-12-20;0.000;10.726;0.000;4.236
2018-12-21;0.000;12.486;0.000;4.236
2018-12-22;3.363;12.411;0.000;4.236
2018-12-23;1.329;9.430;0.000;4.236
2018-12-24;4.771;9.604;0.000;4.236
2018-12-25;0.000;12.449;0.000;4.236
2018-12-26;0.036;10.485;0.000;4.236
2018-12-27;0.000;8.865;0.000;4.236
2018-12-28;2.653;7.405;0.000;4.236
2018-12-29;0.000;6.126;0.000;4.236
2018-12-30;0.000;5.070;0.000;4.236
2018-12-31;0.000;4.487;0.000;4.236
2019-01-01;2.727;4.306;0.000;4.281
2019-01-02;0.015;5.795;0.000;4.281
2019-01-03;5.408;7.140;0.000;4.281
2019-01-04;46.438;13.044;0.000;4.281
2019-01-05;9.219;25.636;0.000;4.281
2019-01-06;1.872;22.482;0.000;4.281
2019-01-07;0.611;20.015;0.000;4.281
2019-01-08;11.022;17.107;0.000;4.281
2019-01-09;0.005;15.202;0.000;4.281
2019-01-10;1.072;15.437;0.000;4.281
2019-01-11;0.927;12.219;0.000;4.281
2019-01-12;3.549;8.133;0.000;4.281
2019-01-13;0.000;7.990;0.000;4.281
2019-01-14;0.206;5.942;0.000;4.281
2019-01-15;0.012;4.614;0.000;4.281
2019-01-16;8.686;4.808;0.000;4.281
2019-01-17;8.350;7.017;0.000;4.281
2019-01-18;1.864;7.696;0.000;4.281
2019-01-19;1.787;8.858;0.000;4.281
2019-01-20;7.348;8.184;0.000;4.281
2019-01-21;0.982;7.100;0.000;4.281
2019-01-22;0.182;7.884;0.000;4.281
2019-01-23;3.587;7.250;0.000;4.281
2019-01-24;4.408;6.085;0.000;4.281
2019-01-25;25.679;9.176;0.000;4.281
2019-01-26;5.106;13.542;0.000;4.281
2019-01-27;0.178;13.557;0.000;4.281
2019-01-28;0.000;11.750;0.000;4.281
2019-01-29;0.017;8.880;0.000;4.281
2019-01-30;0.596;6.293;0.000;4.281
2019-01-31;0.000;4.711;0.000;4.281
2019-02-01;0.000;3.886;0.000;4.377
2019-02-02;0.000;3.497;0.000;4.377
2019-02-03;0.000;4.489;0.000;4.377
2019-02-04;13.439;6.948;0.000;4.377
2019-02-05;0.000;7.984;0.000;4.377
2019-02-06;34.698;10.834;0.000;4.377
2019-02-07;0.000;16.338;0.000;4.377
2019-02-08;0.000;16.901;0.000;4.377
2019-02-09;0.000;16.189;0.000;4.377
2019-02-10;0.000;13.514;0.000;4.377
2019-02-11;0.180;9.372;0.000;4.377
2019-02-12;3.230;6.473;0.000;4.377
2019-02-13;0.123;6.022;0.000;4.377
2019-02-14;0.000;5.585;0.000;4.377
2019-02-15;32.162;5.838;0.000;4.377
2019-02-16;5.989;15.551;0.000;4.377
2019-02-17;2.926;16.484;0.000;4.377
2019-02-18;0.000;15.006;0.000;4.377
2019-02-19;0.139;12.194;0.000;4.377
2019-02-20;1.378;8.709;0.000;4.377
2019-02-21;1.254;8.409;0.000;4.377
2019-02-22;16.152;8.821;0.000;4.377
2019-02-23;0.000;9.497;0.000;4.377
2019-02-24;0.000;6.630;0.000;4.377
2019-02-25;6.394;5.902;0.000;4.377
2019-02-26;26.874;12.024;0.000;4.377
2019-02-27;9.631;16.467;0.000;4.377
2019-02-28;3.960;17.280;0.000;4.377
2019-03-01;10.904;19.306;0.000;3.878
2019-03-02;15.006;22.884;0.000;3.878
2019-03-03;11.660;24.078;0.000;3.878
2019-03-04;3.020;26.566;0.000;3.878
2019-03-05;0.002;26.216;0.000;3.878
2019-03-06;0.068;24.943;0.000;3.878
2019-03-07;2.931;22.852;0.000;3.878
2019-03-08;0.355;19.288;0.000;3.878
2019-03-09;1.241;15.544;0.000;3.878
2019-03-10;2.181;13.980;0.000;3.878
2019-03-11;1.768;10.894;0.000;3.878
2019-03-12;6.661;8.848;0.000;3.878
2019-03-13;0.000;8.046;0.000;3.878
2019-03-14;10.084;9.930;0.000;3.878
2019-03-15;4.965;11.180;0.000;3.878
2019-03-16;0.000;9.460;0.000;3.878
2019-03-17;9.808;9.617;0.000;3.878
2019-03-18;0.406;11.466;0.000;3.878
2019-03-19;6.420;10.147;0.000;3.878
2019-03-20;0.000;9.081;0.000;3.878
2019-03-21;0.000;7.924;0.000;3.878
2019-03-22;0.271;6.972;0.000;3.878
2019-03-23;0.000;6.364;0.000;3.878
2019-03-24;0.000;5.763;0.000;3.878
2019-03-25;0.000;5.295;0.000;3.878
2019-03-26;0.000;5.005;0.000;3.878
2019-03-27;0.000;5.042;0.000;3.878
2019-03-28;0.000;5.137;0.000;3.878
2019-03-29;0.000;5.471;0.000;3.878
2019-03-30;0.000;5.806;0.000;3.878
2019-03-31;0.431;5.965;0.000;3.878
2019-04-01;0.000;6.040;0.000;3.104
2019-04-02;0.000;5.990;0.000;3.104
2019-04-03;0.000;5.900;0.000;3.104
2019-04-04;0.000;5.812;0.000;3.104
2019-04-05;0.000;5.773;0.000;3.104
2019-04-06;16.653;6.581;0.000;3.104
2019-04-07;10.661;8.559;0.000;3.104
2019-04-08;4.835;11.229;0.000;3.104
2019-04-09;0.000;12.676;0.000;3.104
2019-04-10;0.009;11.615;0.000;3.104
2019-04-11;0.000;9.627;0.000;3.104
2019-04-12;0.000;7.692;0.000;3.104
2019-04-13;2.185;6.590;0.000;3.104
2019-04-14;17.269;7.945;0.000;3.104
2019-04-15;0.000;9.555;0.000;3.104
2019-04-16;14.000;9.677;0.000;3.104
2019-04-17;0.000;10.614;0.000;3.104
2019-04-18;0.000;10.722;0.000;3.104
2019-04-19;0.000;9.107;0.000;3.104
2019-04-20;0.000;7.460;0.000;3.104
2019-04-21;0.000;6.722;0.000;3.104
2019-04-22;0.000;6.323;0.000;3.104
2019-04-23;6.800;6.869;0.000;3.104
2019-04-24;0.000;8.139;0.000;3.104
2019-04-25;1.100;8.211;0.000;3.104
2019-04-26;6.700;8.287;0.000;3.104
2019-04-27;0.000;8.619;0.000;3.104
2019-04-28;18.900;9.420;0.000;3.104
2019-04-29;0.000;10.972;0.000;3.104
2019-04-30;0.000;10.382;0.000;3.104
2019-05-01;0.000;9.163;0.000;1.867
2019-05-02;0.000;7.310;0.000;1.867
2019-05-03;0.000;6.238;0.000;1.867
2019-05-04;0.000;5.798;0.000;1.867
2019-05-05;3.000;5.906;0.000;1.867
2019-05-06;0.000;5.921;0.000;1.867
2019-05-07;0.000;6.105;0.000;1.867
2019-05-08;0.000;6.197;0.000;1.867
2019-05-09;0.000;6.219;0.000;1.867
2019-05-10;0.000;6.236;0.000;1.867
2019-05-11;0.000;6.161;0.000;1.867
2019-05-12;0.000;6.172;0.000;1.867
2019-05-13;0.000;6.143;0.000;1.867
2019-05-14;2.500;6.116;0.000;1.867
2019-05-15;0.000;6.002;0.000;1.867
2019-05-16;0.200;5.971;0.000;1.867
2019-05-17;0.700;5.919;0.000;1.867
2019-05-18;11.600;7.091;0.000;1.867
2019-05-19;4.800;8.507;0.000;1.867
2019-05-20;0.000;9.423;0.000;1.867
2019-05-21;0.000;9.244;0.000;1.867
2019-05-22;0.000;8.851;0.000;1.867
2019-05-23;0.000;8.183;0.000;1.867
2019-05-24;0.200;7.168;0.000;1.867
2019-05-25;0.000;6.370;0.000;1.867
2019-05-26;0.000;5.985;0.000;1.867
2019-05-27;0.000;6.020;0.000;1.867
2019-05-28;0.000;6.430;0.000;1.867
2019-05-29;8.110;7.584;0.000;1.867
2019-05-30;1.070;8.071;0.000;1.867
2019-05-31;0.010;7.872;0.000;1.867
2019-06-01;0.000;7.719;0.000;1.583
2019-06-02;21.150;9.641;0.000;1.583
2019-06-03;17.350;12.972;0.000;1.583
2019-06-04;0.060;14.272;0.000;1.583
2019-06-05;0.000;13.899;0.000;1.583
2019-06-06;0.000;12.731;0.000;1.583
2019-06-07;0.000;10.582;0.000;1.583
2019-06-08;0.000;8.217;0.000;1.583
2019-06-09;0.000;6.717;0.000;1.583
2019-06-10;0.000;6.692;0.000;1.583
2019-06-11;0.000;7.192;0.000;1.583
2019-06-12;0.000;7.304;0.000;1.583
2019-06-13;0.000;7.339;0.000;1.583
2019-06-14;0.000;7.422;0.000;1.583
2019-06-15;0.000;7.660;0.000;1.583
2019-06-16;0.000;7.820;0.000;1.583
2019-06-17;0.000;7.899;0.000;1.583
2019-06-18;0.000;7.880;0.000;1.583
2019-06-19;0.000;7.842;0.000;1.583
2019-06-20;0.000;7.835;0.000;1.583
2019-06-21;0.000;7.822;0.000;1.583
2019-06-22;0.000;7.748;0.000;1.583
2019-06-23;0.000;7.685;0.000;1.583
2019-06-24;0.000;7.605;0.000;1.583
2019-06-25;0.000;7.541;0.000;1.583
2019-06-26;0.000;7.429;0.000;1.583
2019-06-27;0.000;7.419;0.000;1.583
2019-06-28;0.000;7.385;0.000;1.583
2019-06-29;0.000;7.319;0.000;1.583
2019-06-30;0.000;7.290;0.000;1.583
2019-07-01;0.000;7.315;0.000;1.532
2019-07-02;0.000;7.440;0.000;1.532
2019-07-03;0.000;7.559;0.000;1.532
2019-07-04;57.210;10.320;0.000;1.532
2019-07-05;22.430;19.606;0.000;1.532
2019-07-06;0.000;20.642;0.000;1.532
2019-07-07;0.000;20.421;0.000;1.532
2019-07-08;0.000;16.709;0.000;1.532
2019-07-09;0.000;12.903;0.000;1.532
2019-07-10;0.000;8.979;0.000;1.532
2019-07-11;0.000;7.393;0.000;1.532
2019-07-12;0.000;6.813;0.000;1.532
2019-07-13;0.000;6.988;0.000;1.532
2019-07-14;0.000;7.288;0.000;1.532
2019-07-15;0.710;7.710;0.000;1.532
2019-07-16;1.100;8.552;0.000;1.532
2019-07-17;0.000;8.890;0.000;1.532
2019-07-18;0.000;9.057;0.000;1.532
2019-07-19;0.000;8.970;0.000;1.532
2019-07-20;0.000;8.834;0.000;1.532
2019-07-21;0.000;8.686;0.000;1.532
2019-07-22;0.000;8.599;0.000;1.532
2019-07-23;0.000;8.569;0.000;1.532
2019-07-24;0.000;8.582;0.000;1.532
2019-07-25;0.000;8.651;0.000;1.532
2019-07-26;0.000;8.625;0.000;1.532
2019-07-27;0.000;8.580;0.000;1.532
2019-07-28;0.000;8.585;0.000;1.532
2019-07-29;0.000;8.557;0.000;1.532
2019-07-30;3.400;8.580;0.000;1.532
2019-07-31;0.000;8.769;0.000;1.532
2019-08-01;0.000;8.629;0.000;1.916
2019-08-02;0.000;8.610;0.000;1.916
2019-08-03;2.890;8.907;0.000;1.916
2019-08-04;0.120;8.974;0.000;1.916
2019-08-05;0.000;9.055;0.000;1.916
2019-08-06;0.000;9.063;0.000;1.916
2019-08-07;0.000;8.955;0.000;1.916
2019-08-08;0.000;8.788;0.000;1.916
2019-08-09;0.000;8.633;0.000;1.916
2019-08-10;0.000;8.507;0.000;1.916
2019-08-11;0.000;8.451;0.000;1.916
2019-08-12;0.000;8.390;0.000;1.916
2019-08-13;0.000;8.441;0.000;1.916
2019-08-14;0.000;8.630;0.000;1.916
2019-08-15;0.000;8.807;0.000;1.916
2019-08-16;0.000;8.866;0.000;1.916
2019-08-17;0.000;8.847;0.000;1.916
2019-08-18;0.000;8.841;0.000;1.916
2019-08-19;1.290;8.881;0.000;1.916
2019-08-20;0.000;8.962;0.000;1.916
2019-08-21;0.000;8.973;0.000;1.916
2019-08-22;0.000;9.016;0.000;1.916
2019-08-23;0.000;8.953;0.000;1.916
2019-08-24;0.000;8.931;0.000;1.916
2019-08-25;0.000;8.840;0.000;1.916
2019-08-26;0.000;8.821;0.000;1.916
2019-08-27;0.000;8.734;0.000;1.916
2019-08-28;0.000;8.655;0.000;1.916
2019-08-29;0.000;8.734;0.000;1.916
2019-08-30;0.000;8.957;0.000;1.916
2019-08-31;0.000;9.163;0.000;1.916
2019-09-01;12.810;10.129;0.000;2.580
2019-09-02;2.030;11.154;0.000;2.580
2019-09-03;1.650;11.201;0.000;2.580
2019-09-04;0.000;11.050;0.000;2.580
2019-09-05;5.590;10.684;0.000;2.580
2019-09-06;0.000;10.736;0.000;2.580
2019-09-07;0.000;10.404;0.000;2.580
2019-09-08;0.000;9.846;0.000;2.580
2019-09-09;0.000;9.212;0.000;2.580
2019-09-10;0.000;8.679;0.000;2.580
2019-09-11;0.000;8.351;0.000;2.580
2019-09-12;0.000;8.217;0.000;2.580
2019-09-13;0.000;8.310;0.000;2.580
2019-09-14;0.000;8.702;0.000;2.580
2019-09-15;0.000;9.221;0.000;2.580
2019-09-16;0.000;9.574;0.000;2.580
2019-09-17;0.000;9.786;0.000;2.580
2019-09-18;0.000;9.836;0.000;2.580
2019-09-19;0.070;9.878;0.000;2.580
2019-09-20;0.160;9.884;0.000;2.580
2019-09-21;0.220;9.961;0.000;2.580
2019-09-22;0.000;10.051;0.000;2.580
2019-09-23;0.000;10.119;0.000;2.580
2019-09-24;0.000;10.152;0.000;2.580
2019-09-25;0.100;10.180;0.000;2.580
2019-09-26;3.620;10.832;0.000;2.580
2019-09-27;0.000;11.059;0.000;2.580
2019-09-28;0.000;10.861;0.000;2.580
2019-09-29;0.000;10.232;0.000;2.580
2019-09-30;0.000;9.674;0.000;2.580
2019-10-01;0.000;9.120;0.000;3.418
2019-10-02;0.000;8.684;0.000;3.418
2019-10-03;0.000;8.399;0.000;3.418
2019-10-04;0.000;8.428;0.000;3.418
2019-10-05;0.000;8.614;0.000;3.418
2019-10-06;0.020;9.026;0.000;3.418
2019-10-07;0.490;9.481;0.000;3.418
2019-10-08;10.370;10.025;0.000;3.418
2019-10-09;0.310;10.700;0.000;3.418
2019-10-10;0.000;10.852;0.000;3.418
2019-10-11;0.000;10.919;0.000;3.418
2019-10-12;0.000;10.633;0.000;3.418
2019-10-13;0.000;10.121;0.000;3.418
2019-10-14;0.000;9.776;0.000;3.418
2019-10-15;0.000;9.546;0.000;3.418
2019-10-16;0.000;9.416;0.000;3.418
2019-10-17;0.580;9.328;0.000;3.418
2019-10-18;0.340;9.238;0.000;3.418
2019-10-19;0.000;9.370;0.000;3.418
2019-10-20;0.000;9.694;0.000;3.418
2019-10-21;0.470;9.954;0.000;3.418
2019-10-22;0.000;10.214;0.000;3.418
2019-10-23;0.000;10.303;0.000;3.418
2019-10-24;2.660;10.411;0.000;3.418
2019-10-25;0.000;10.603;0.000;3.418
2019-10-26;0.180;10.704;0.000;3.418
2019-10-27;1.740;10.737;0.000;3.418
2019-10-28;6.740;10.773;0.000;3.418
2019-10-29;0.000;10.766;0.000;3.418
2019-10-30;0.000;10.722;0.000;3.418
2019-10-31;0.000;10.653;0.000;3.418
2019-11-01;0.000;10.606;0.000;3.717
2019-11-02;0.000;10.552;0.000;3.717
2019-11-03;0.000;10.534;0.000;3.717
2019-11-04;0.000;10.544;0.000;3.717
2019-11-05;14.370;11.219;0.000;3.717
2019-11-06;0.500;11.785;0.000;3.717
2019-11-07;0.030;11.753;0.000;3.717
2019-11-08;30.040;12.404;0.000;3.717
2019-11-09;0.000;14.862;0.000;3.717
2019-11-10;1.790;14.683;0.000;3.717
2019-11-11;0.000;13.940;0.000;3.717
2019-11-12;0.000;12.589;0.000;3.717
2019-11-13;3.740;10.557;0.000;3.717
2019-11-14;9.110;11.295;0.000;3.717
2019-11-15;6.450;14.113;0.000;3.717
2019-11-16;0.000;14.756;0.000;3.717
2019-11-17;0.000;13.896;0.000;3.717
2019-11-18;0.000;11.612;0.000;3.717
2019-11-19;0.000;9.388;0.000;3.717
2019-11-20;0.220;7.833;0.000;3.717
2019-11-21;0.960;7.008;0.000;3.717
2019-11-22;0.470;7.079;0.000;3.717
2019-11-23;3.650;7.894;0.000;3.717
2019-11-24;0.000;8.294;0.000;3.717
2019-11-25;0.000;8.341;0.000;3.717
2019-11-26;0.000;8.676;0.000;3.717
2019-11-27;26.130;10.363;0.000;3.717
2019-11-28;0.840;14.065;0.000;3.717
2019-11-29;0.000;13.983;0.000;3.717
2019-11-30;5.510;14.068;0.000;3.717
2019-12-01;9.550;14.671;0.000;4.236
2019-12-02;0.000;14.921;0.000;4.236
2019-12-03;0.000;13.568;0.000;4.236
2019-12-04;3.230;11.609;0.000;4.236
2019-12-05;20.410;11.233;0.000;4.236
2019-12-06;7.330;13.146;0.000;4.236
2019-12-07;0.000;12.240;0.000;4.236
2019-12-08;0.000;10.568;0.000;4.236
2019-12-09;5.170;7.947;0.000;4.236
2019-12-10;20.300;7.139;0.000;4.236
2019-12-11;26.240;8.679;0.000;4.236
2019-12-12;0.480;13.496;0.000;4.236
2019-12-13;0.080;14.501;0.000;4.236
2019-12-14;1.430;13.403;0.000;4.236
2019-12-15;0.000;9.096;0.000;4.236
2019-12-16;0.000;6.347;0.000;4.236
2019-12-17;2.340;5.256;0.000;4.236
2019-12-18;6.220;6.004;0.000;4.236
2019-12-19;1.740;6.414;0.000;4.236
2019-12-20;0.510;6.693;0.000;4.236
2019-12-21;0.000;7.346;0.000;4.236
2019-12-22;2.250;7.392;0.000;4.236
2019-12-23;33.540;10.213;0.000;4.236
2019-12-24;0.000;13.997;0.000;4.236
2019-12-25;0.000;14.054;0.000;4.236
2019-12-26;0.000;12.594;0.000;4.236
2019-12-27;0.000;9.321;0.000;4.236
2019-12-28;0.000;7.002;0.000;4.236
2019-12-29;0.000;6.110;0.000;4.236
2019-12-30;3.140;6.410;0.000;4.236
2019-12-31;0.000;7.029;0.000;4.236
2020-01-01;3.610;7.294;0.000;4.281
2020-01-02;21.280;12.662;0.000;4.281
2020-01-03;0.000;18.249;0.000;4.281
2020-01-04;9.230;20.328;0.000;4.281
2020-01-05;16.250;18.897;0.000;4.281
2020-01-06;0.070;18.078;0.000;4.281
2020-01-07;11.930;15.769;0.000;4.281
2020-01-08;13.170;14.455;0.000;4.281
2020-01-09;5.740;15.440;0.000;4.281
2020-01-10;0.550;14.868;0.000;4.281
2020-01-11;0.990;12.480;0.000;4.281
2020-01-12;0.130;9.059;0.000;4.281
2020-01-13;2.410;7.377;0.000;4.281
2020-01-14;0.000;6.412;0.000;4.281
2020-01-15;0.000;5.675;0.000;4.281
2020-01-16;12.400;6.038;0.000;4.281
2020-01-17;1.250;7.702;0.000;4.281
2020-01-18;0.000;7.316;0.000;4.281
2020-01-19;0.000;7.160;0.000;4.281
2020-01-20;0.000;7.286;0.000;4.281
2020-01-21;0.000;7.242;0.000;4.281
2020-01-22;0.010;7.143;0.000;4.281
2020-01-23;3.500;7.278;0.000;4.281
2020-01-24;0.000;8.648;0.000;4.281
2020-01-25;0.000;8.284;0.000;4.281
2020-01-26;0.000;8.013;0.000;4.281
2020-01-27;0.000;7.780;0.000;4.281
2020-01-28;17.610;8.422;0.000;4.281
2020-01-29;0.050;11.290;0.000;4.281
2020-01-30;3.250;10.195;0.000;4.281
2020-01-31;4.000;10.359;0.000;4.281
2020-02-01;8.650;10.844;0.000;4.377
2020-02-02;29.300;11.062;0.000;4.377
2020-02-03;13.800;14.579;0.000;4.377
2020-02-04;14.900;17.708;0.000;4.377
2020-02-05;0.730;25.667;0.000;4.377
2020-02-06;1.370;27.591;0.000;4.377
2020-02-07;0.000;21.968;0.000;4.377
2020-02-08;0.000;17.532;0.000;4.377
2020-02-09;8.220;12.922;0.000;4.377
2020-02-10;39.740;16.544;0.000;4.377
2020-02-11;0.250;19.369;0.000;4.377
2020-02-12;0.000;19.376;0.000;4.377
2020-02-13;0.000;19.246;0.000;4.377
2020-02-14;0.000;17.744;0.000;4.377
2020-02-15;0.040;13.989;0.000;4.377
2020-02-16;5.930;9.970;0.000;4.377
2020-02-17;3.440;8.244;0.000;4.377
2020-02-18;0.200;7.110;0.000;4.377
2020-02-19;0.130;6.455;0.000;4.377
2020-02-20;31.990;8.114;0.000;4.377
2020-02-21;26.610;17.105;0.000;4.377
2020-02-22;0.000;19.735;0.000;4.377
2020-02-23;0.000;19.309;0.000;4.377
2020-02-24;28.270;18.957;0.000;4.377
2020-02-25;17.370;23.054;0.000;4.377
2020-02-26;10.130;29.276;0.000;4.377
2020-02-27;12.770;29.734;0.000;4.377
2020-02-28;14.240;29.331;0.000;4.377
2020-02-29;2.780;28.051;0.000;4.377
2020-03-01;0.120;24.709;0.000;3.878
2020-03-02;0.110;20.706;0.000;3.878
2020-03-03;0.000;17.937;0.000;3.878
2020-03-04;0.000;14.503;0.000;3.878
2020-03-05;0.000;11.304;0.000;3.878
2020-03-06;0.000;9.728;0.000;3.878
2020-03-07;0.000;8.707;0.000;3.878
2020-03-08;2.770;8.625;0.000;3.878
2020-03-09;0.000;8.195;0.000;3.878
2020-03-10;0.000;7.629;0.000;3.878
2020-03-11;0.000;7.238;0.000;3.878
2020-03-12;0.000;7.482;0.000;3.878
2020-03-13;0.000;7.596;0.000;3.878
2020-03-14;0.930;7.755;0.000;3.878
2020-03-15;14.610;7.993;0.000;3.878
2020-03-16;9.130;10.061;0.000;3.878
2020-03-17;1.550;11.959;0.000;3.878
2020-03-18;0.000;11.604;0.000;3.878
2020-03-19;0.550;10.765;0.000;3.878
2020-03-20;15.060;10.407;0.000;3.878
2020-03-21;0.000;10.917;0.000;3.878
2020-03-22;0.000;10.883;0.000;3.878
2020-03-23;0.000;10.868;0.000;3.878
2020-03-24;0.000;10.137;0.000;3.878
2020-03-25;0.000;9.079;0.000;3.878
2020-03-26;0.000;8.432;0.000;3.878
2020-03-27;0.000;8.037;0.000;3.878
2020-03-28;0.000;7.851;0.000;3.878
2020-03-29;14.970;8.553;0.000;3.878
2020-03-30;0.000;9.541;0.000;3.878
2020-03-31;0.000;9.637;0.000;3.878
2020-04-01;0.000;9.540;0.000;3.104
2020-04-02;0.000;9.125;0.000;3.104
2020-04-03;0.050;8.746;0.000;3.104
2020-04-04;0.000;8.511;0.000;3.104
2020-04-05;0.000;8.375;0.000;3.104
2020-04-06;0.000;8.239;0.000;3.104
2020-04-07;0.000;8.133;0.000;3.104
2020-04-08;0.000;8.048;0.000;3.104
2020-04-09;0.000;7.971;0.000;3.104
2020-04-10;0.000;7.946;0.000;3.104
2020-04-11;0.000;8.092;0.000;3.104
2020-04-12;0.000;8.254;0.000;3.104
2020-04-13;0.000;8.472;0.000;3.104
2020-04-14;3.270;8.580;0.000;3.104
2020-04-15;0.000;8.680;0.000;3.104
2020-04-16;0.000;8.710;0.000;3.104
2020-04-17;0.000;8.665;0.000;3.104
2020-04-18;0.000;8.406;0.000;3.104
2020-04-19;0.000;8.063;0.000;3.104
2020-04-20;0.000;7.865;0.000;3.104
2020-04-21;0.000;7.707;0.000;3.104
2020-04-22;0.000;7.647;0.000;3.104
2020-04-23;0.000;8.041;0.000;3.104
2020-04-24;0.000;8.473;0.000;3.104
2020-04-25;0.000;8.647;0.000;3.104
2020-04-26;0.000;8.642;0.000;3.104
2020-04-27;0.000;8.719;0.000;3.104
2020-04-28;0.000;8.627;0.000;3.104
2020-04-29;0.000;8.565;0.293;3.104
2020-04-30;0.000;8.580;0.291;3.104
2020-05-01;0.000;8.573;0.285;1.867
2020-05-02;0.000;8.582;0.321;1.867
2020-05-03;0.000;8.513;0.288;1.867
2020-05-04;0.000;8.378;0.260;1.867
2020-05-05;0.000;8.262;0.312;1.867
2020-05-06;1.690;8.227;0.000;1.867
2020-05-07;0.000;8.296;0.000;1.867
2020-05-08;0.000;8.380;0.322;1.867
2020-05-09;0.000;8.510;0.147;1.867
2020-05-10;0.000;8.935;0.156;1.867
2020-05-11;0.000;9.295;0.138;1.867
2020-05-12;0.000;9.421;0.164;1.867
2020-05-13;0.000;9.534;0.247;1.867
2020-05-14;0.130;9.602;0.169;1.867
2020-05-15;0.000;9.665;0.230;1.867
2020-05-16;0.000;9.670;0.174;1.867
2020-05-17;0.000;9.672;0.155;1.867
2020-05-18;0.000;9.727;0.182;1.867
2020-05-19;0.630;9.749;0.286;1.867
2020-05-20;0.000;9.734;0.313;1.867
2020-05-21;0.000;9.803;0.330;1.867
2020-05-22;0.160;9.996;0.328;1.867
2020-05-23;3.140;10.590;0.316;1.867
2020-05-24;0.000;10.736;0.297;1.867
2020-05-25;0.000;10.866;0.273;1.867
2020-05-26;0.000;10.810;0.298;1.867
2020-05-27;0.000;10.818;0.318;1.867
2020-05-28;0.000;10.794;0.348;1.867
2020-05-29;0.000;10.695;0.290;1.867
2020-05-30;0.000;10.499;0.268;1.867
2020-05-31;0.000;10.263;0.278;1.867
2020-06-01;0.000;10.113;0.298;1.583
2020-06-02;0.000;10.093;0.314;1.583
2020-06-03;0.000;10.105;0.289;1.583
2020-06-04;0.030;10.203;0.318;1.583
2020-06-05;2.690;10.233;0.299;1.583
2020-06-06;1.760;10.340;0.295;1.583
2020-06-07;23.450;12.923;0.231;1.583
2020-06-08;0.830;13.332;0.298;1.583
2020-06-09;1.580;13.020;0.332;1.583
2020-06-10;0.000;11.606;0.329;1.583
2020-06-11;0.000;9.926;0.370;1.583
2020-06-12;0.000;8.753;0.327;1.583
2020-06-13;0.000;8.392;0.346;1.583
2020-06-14;0.000;8.908;0.318;1.583
2020-06-15;0.000;9.343;0.334;1.583
2020-06-16;0.000;9.628;0.343;1.583
2020-06-17;0.000;9.728;0.331;1.583
2020-06-18;0.000;9.910;0.347;1.583
2020-06-19;0.000;10.149;0.315;1.583
2020-06-20;0.000;10.320;0.342;1.583
2020-06-21;0.000;10.442;0.308;1.583
2020-06-22;0.000;10.471;0.339;1.583
2020-06-23;0.000;10.456;0.345;1.583
2020-06-24;0.000;10.470;0.349;1.583
2020-06-25;0.000;10.441;0.287;1.583
2020-06-26;1.460;10.511;0.337;1.583
2020-06-27;28.530;12.253;0.266;1.583
2020-06-28;0.000;13.239;0.312;1.583
2020-06-29;0.000;12.984;0.329;1.583
2020-06-30;0.000;12.228;0.363;1.583
2020-07-01;1.290;11.126;0.302;1.532
2020-07-02;0.000;10.129;0.331;1.532
2020-07-03;0.000;9.388;0.346;1.532
2020-07-04;0.000;8.941;0.328;1.532
2020-07-05;0.000;9.051;0.314;1.532
2020-07-06;0.000;9.418;0.344;1.532
2020-07-07;0.000;9.583;0.340;1.532
2020-07-08;0.170;9.735;0.322;1.532
2020-07-09;0.010;9.735;0.343;1.532
2020-07-10;0.000;9.788;0.301;1.532
2020-07-11;0.000;9.731;0.315;1.532
2020-07-12;0.000;9.710;0.252;1.532
2020-07-13;0.000;9.687;0.315;1.532
2020-07-14;0.000;9.675;0.351;1.532
2020-07-15;0.000;9.678;0.302;1.532
2020-07-16;0.000;9.667;0.354;1.532
2020-07-17;0.000;9.670;0.350;1.532
2020-07-18;0.000;9.673;0.292;1.532
2020-07-19;0.000;9.557;0.303;1.532
2020-07-20;0.000;9.539;0.328;1.532
2020-07-21;0.000;9.550;0.347;1.532
2020-07-22;0.000;9.595;0.337;1.532
2020-07-23;0.000;9.774;0.299;1.532
2020-07-24;0.000;10.024;0.330;1.532
2020-07-25;0.000;10.167;0.317;1.532
2020-07-26;0.000;10.302;0.339;1.532
2020-07-27;0.000;10.259;0.142;1.532
2020-07-28;0.000;10.132;0.350;1.532
2020-07-29;0.000;9.992;0.300;1.532
2020-07-30;1.240;9.975;0.281;1.532
2020-07-31;0.000;9.739;0.360;1.532
2020-08-01;0.000;9.413;0.340;1.916
2020-08-02;0.000;9.303;0.291;1.916
2020-08-03;0.000;9.292;0.327;1.916
2020-08-04;0.000;9.302;0.324;1.916
2020-08-05;0.000;9.366;0.317;1.916
2020-08-06;0.000;9.723;0.287;1.916
2020-08-07;0.000;10.153;0.335;1.916
2020-08-08;0.000;10.301;0.293;1.916
2020-08-09;0.000;10.052;0.306;1.916
2020-08-10;0.000;10.224;0.347;1.916
2020-08-11;0.000;10.376;0.284;1.916
2020-08-12;0.000;10.440;0.318;1.916
2020-08-13;0.000;10.555;0.301;1.916
2020-08-14;0.000;10.575;0.295;1.916
2020-08-15;0.000;10.619;0.363;1.916
2020-08-16;0.520;10.653;0.284;1.916
2020-08-17;8.300;11.103;0.306;1.916
2020-08-18;12.360;14.096;0.242;1.916
2020-08-19;0.010;14.219;0.334;1.916
2020-08-20;0.030;13.558;0.211;1.916
2020-08-21;5.130;12.797;0.259;1.916
2020-08-22;0.000;12.055;0.000;1.916
2020-08-23;0.000;10.892;0.297;1.916
2020-08-24;0.000;9.711;0.287;1.916
2020-08-25;0.000;8.851;0.350;1.916
2020-08-26;0.000;8.338;0.317;1.916
2020-08-27;0.000;8.084;0.327;1.916
2020-08-28;0.000;8.237;0.363;1.916
2020-08-29;0.000;8.971;0.150;1.916
2020-08-30;0.000;9.742;0.314;1.916
2020-08-31;0.000;10.464;0.277;1.916
2020-09-01;0.000;10.846;0.332;2.580
2020-09-02;0.000;11.029;0.349;2.580
2020-09-03;0.000;11.060;0.334;2.580
2020-09-04;0.000;11.066;0.377;2.580
2020-09-05;0.000;11.063;0.346;2.580
2020-09-06;0.000;10.995;0.356;2.580
2020-09-07;0.000;11.009;0.354;2.580
2020-09-08;0.000;10.974;0.341;2.580
2020-09-09;0.000;10.945;0.356;2.580
2020-09-10;0.000;10.851;0.352;2.580
2020-09-11;0.000;10.787;0.322;2.580
2020-09-12;0.000;10.687;0.353;2.580
2020-09-13;0.000;10.618;0.347;2.580
2020-09-14;0.000;10.590;0.375;2.580
2020-09-15;0.000;10.577;0.353;2.580
2020-09-16;0.000;10.508;0.375;2.580
2020-09-17;0.000;10.562;0.358;2.580
2020-09-18;0.000;10.683;0.364;2.580
2020-09-19;0.000;10.694;0.360;2.580
2020-09-20;0.010;10.781;0.335;2.580
2020-09-21;3.150;10.892;0.326;2.580
2020-09-22;12.090;11.912;0.324;2.580
2020-09-23;0.000;11.982;0.319;2.580
2020-09-24;0.000;11.810;0.314;2.580
2020-09-25;0.000;11.340;0.330;2.580
2020-09-26;0.000;10.791;0.327;2.580
2020-09-27;0.000;10.258;0.341;2.580
2020-09-28;0.000;10.087;0.365;2.580
2020-09-29;0.000;10.362;0.340;2.580
2020-09-30;0.090;10.497;0.352;2.580
2020-10-01;0.000;10.497;0.370;3.418
2020-10-02;0.000;10.572;0.372;3.418
2020-10-03;0.230;10.708;0.371;3.418
2020-10-04;0.000;10.825;0.364;3.418
2020-10-05;0.000;10.851;0.368;3.418
2020-10-06;0.110;10.871;0.329;3.418
2020-10-07;0.000;10.769;0.372;3.418
2020-10-08;1.760;10.891;0.335;3.418
2020-10-09;14.530;11.738;0.352;3.418
2020-10-10;0.000;12.159;0.337;3.418
2020-10-11;0.000;12.033;0.276;3.418
2020-10-12;0.000;11.777;0.347;3.418
2020-10-13;0.000;11.256;0.362;3.418
2020-10-14;0.000;10.804;0.339;3.418
2020-10-15;2.840;10.648;0.349;3.418
2020-10-16;0.000;10.536;0.330;3.418
2020-10-17;0.000;10.465;0.317;3.418
2020-10-18;0.000;10.416;0.344;3.418
2020-10-19;2.130;10.343;0.361;3.418
2020-10-20;1.000;10.540;0.353;3.418
2020-10-21;0.000;10.551;0.327;3.418
2020-10-22;0.000;10.249;0.346;3.418
2020-10-23;0.000;10.217;0.319;3.418
2020-10-24;0.530;10.342;0.319;3.418
2020-10-25;4.640;10.445;0.360;3.418
2020-10-26;0.000;10.471;0.347;3.418
2020-10-27;0.000;10.463;0.326;3.418
2020-10-28;0.000;10.297;0.348;3.418
2020-10-29;9.610;10.587;0.376;3.418
2020-10-30;5.360;11.470;0.331;3.418
2020-10-31;0.000;11.676;0.353;3.418
2020-11-01;0.000;11.447;0.331;3.717
2020-11-02;0.000;11.157;0.309;3.717
2020-11-03;0.080;10.866;0.310;3.717
2020-11-04;1.310;10.629;0.376;3.717
2020-11-05;0.000;10.510;0.318;3.717
2020-11-06;0.000;10.320;0.333;3.717
2020-11-07;0.000;10.179;0.368;3.717
2020-11-08;0.000;10.092;0.344;3.717
2020-11-09;6.550;10.292;0.326;3.717
2020-11-10;7.470;12.011;0.373;3.717
2020-11-11;23.120;12.801;0.315;3.717
2020-11-12;0.010;14.856;0.317;3.717
2020-11-13;0.230;12.923;0.342;3.717
2020-11-14;0.000;11.844;0.328;3.717
2020-11-15;0.000;10.663;0.308;3.717
2020-11-16;4.270;9.990;0.351;3.717
2020-11-17;22.990;9.869;0.354;3.717
2020-11-18;14.220;11.526;0.353;3.717
2020-11-19;3.630;13.442;0.340;3.717
2020-11-20;0.000;13.696;0.312;3.717
2020-11-21;0.000;11.983;0.324;3.717
2020-11-22;0.000;9.349;0.340;3.717
2020-11-23;0.000;7.985;0.311;3.717
2020-11-24;0.000;7.226;0.343;3.717
2020-11-25;0.000;6.919;0.378;3.717
2020-11-26;0.760;7.934;0.390;3.717
2020-11-27;0.220;10.685;0.359;3.717
2020-11-28;0.000;11.172;0.355;3.717
2020-11-29;3.590;11.179;0.342;3.717
2020-11-30;8.130;12.228;0.375;3.717
2020-12-01;2.170;13.024;0.377;4.236
2020-12-02;0.000;13.118;0.362;4.236
2020-12-03;1.380;12.794;0.329;4.236
2020-12-04;0.040;11.783;0.357;4.236
2020-12-05;7.310;10.546;0.332;4.236
2020-12-06;14.250;10.631;0.335;4.236
2020-12-07;22.470;13.065;0.347;4.236
2020-12-08;0.750;16.710;0.371;4.236
2020-12-09;1.070;16.612;0.356;4.236
2020-12-10;0.000;15.247;0.331;4.236
2020-12-11;4.390;12.546;0.362;4.236
2020-12-12;9.250;10.538;0.263;4.236
2020-12-13;3.850;11.130;0.347;4.236
2020-12-14;3.240;11.693;0.332;4.236
2020-12-15;4.300;11.581;0.158;4.236
2020-12-16;0.040;10.490;0.297;4.236
2020-12-17;7.540;8.672;0.328;4.236
2020-12-18;1.350;8.282;0.375;4.236
2020-12-19;0.600;7.997;0.360;4.236
2020-12-20;2.950;7.992;0.319;4.236
2020-12-21;2.430;8.392;0.330;4.236
2020-12-22;0.130;8.752;0.369;4.236
2020-12-23;0.000;8.984;0.394;4.236
2020-12-24;0.060;9.050;0.393;4.236
2020-12-25;0.000;9.271;0.335;4.236
2020-12-26;9.530;9.645;0.324;4.236
2020-12-27;12.280;11.875;0.356;4.236
2020-12-28;3.790;13.017;0.326;4.236
2020-12-29;14.210;14.066;0.364;4.236
2020-12-30;0.740;14.806;0.357;4.236
2020-12-31;3.450;15.609;0.350;4.236
2021-01-01;7.500;14.188;0.372;4.281
2021-01-02;0.000;9.426;0.364;4.281
2021-01-03;14.320;7.824;0.372;4.281
2021-01-04;0.000;9.374;0.354;4.281
2021-01-05;0.000;9.737;0.366;4.281
2021-01-06;5.400;9.924;0.344;4.281
2021-01-07;2.160;9.944;0.323;4.281
2021-01-08;0.120;9.304;0.298;4.281
2021-01-09;3.820;9.495;0.353;4.281
2021-01-10;14.610;11.507;0.306;4.281
2021-01-11;18.430;13.808;0.396;4.281
2021-01-12;2.400;16.827;0.352;4.281
2021-01-13;23.140;20.218;0.358;4.281
2021-01-14;8.010;29.921;0.315;4.281
2021-01-15;17.950;29.653;0.365;4.281
2021-01-16;9.490;25.386;0.364;4.281
2021-01-17;4.770;23.001;0.353;4.281
2021-01-18;0.000;19.733;0.290;4.281
2021-01-19;0.160;17.126;0.378;4.281
2021-01-20;0.000;14.482;0.385;4.281
2021-01-21;0.000;10.368;0.357;4.281
2021-01-22;0.040;7.175;0.369;4.281
2021-01-23;2.720;6.495;0.313;4.281
2021-01-24;9.120;7.193;0.363;4.281
2021-01-25;0.590;8.031;0.348;4.281
2021-01-26;6.320;9.774;0.343;4.281
2021-01-27;0.120;10.765;0.358;4.281
2021-01-28;1.170;10.489;0.390;4.281
2021-01-29;0.000;9.087;0.335;4.281
2021-01-30;0.000;7.641;0.383;4.281
2021-01-31;1.830;6.529;0.320;4.281
2021-02-01;0.160;6.066;0.368;4.377
2021-02-02;8.780;6.596;0.338;4.377
2021-02-03;0.010;7.990;0.312;4.377
2021-02-04;0.000;8.877;0.378;4.377
2021-02-05;39.120;10.336;0.379;4.377
2021-02-06;0.000;13.651;0.336;4.377
2021-02-07;0.000;14.630;0.319;4.377
2021-02-08;0.000;14.199;0.388;4.377
2021-02-09;0.000;12.320;0.356;4.377
2021-02-10;3.200;10.160;0.358;4.377
2021-02-11;15.450;10.559;0.341;4.377
2021-02-12;10.490;10.750;0.297;4.377
2021-02-13;9.500;11.106;0.359;4.377
2021-02-14;5.080;13.474;0.307;4.377
2021-02-15;0.120;14.744;0.371;4.377
2021-02-16;2.660;12.855;0.375;4.377
2021-02-17;9.880;9.866;0.373;4.377
2021-02-18;0.480;9.356;0.344;4.377
2021-02-19;0.000;8.552;0.366;4.377
2021-02-20;0.000;5.970;0.336;4.377
2021-02-21;0.970;4.720;0.329;4.377
2021-02-22;0.000;5.164;0.356;4.377
2021-02-23;0.000;7.262;0.344;4.377
2021-02-24;0.000;8.699;0.358;4.377
2021-02-25;12.010;10.391;0.327;4.377
2021-02-26;2.840;11.071;0.375;4.377
2021-02-27;0.220;11.660;0.352;4.377
2021-02-28;0.070;11.730;0.342;4.377
2021-03-01;2.240;11.032;0.351;3.878
2021-03-02;0.000;10.149;0.367;3.878
2021-03-03;0.000;9.353;0.370;3.878
2021-03-04;3.110;8.721;0.363;3.878
2021-03-05;6.410;8.255;0.337;3.878
2021-03-06;25.830;9.791;0.369;3.878
2021-03-07;10.920;15.819;0.385;3.878
2021-03-08;3.940;19.282;0.319;3.878
2021-03-09;1.350;22.286;0.329;3.878
2021-03-10;0.000;20.146;0.365;3.878
2021-03-11;0.670;16.773;0.350;3.878
2021-03-12;2.420;12.278;0.360;3.878
2021-03-13;0.000;8.556;0.313;3.878
2021-03-14;0.220;7.741;0.330;3.878
2021-03-15;0.000;9.092;0.340;3.878
2021-03-16;0.000;9.152;0.305;3.878
2021-03-17;0.350;9.949;0.358;3.878
2021-03-18;24.190;13.278;0.276;3.878
2021-03-19;15.550;15.207;0.314;3.878
2021-03-20;0.000;14.157;0.369;3.878
2021-03-21;0.000;13.725;0.359;3.878
2021-03-22;0.000;12.136;0.358;3.878
2021-03-23;0.000;9.436;0.377;3.878
2021-03-24;0.080;7.421;0.360;3.878
2021-03-25;0.000;6.732;0.358;3.878
2021-03-26;0.810;7.086;0.374;3.878
2021-03-27;0.530;7.321;0.309;3.878
2021-03-28;3.230;8.356;0.353;3.878
2021-03-29;0.230;9.083;0.378;3.878
2021-03-30;9.750;10.160;0.367;3.878
2021-03-31;0.000;11.348;0.359;3.878
2021-04-01;0.000;11.417;0.395;3.104
2021-04-02;0.000;11.444;0.338;3.104
2021-04-03;0.000;11.196;0.289;3.104
2021-04-04;0.000;10.763;0.331;3.104
2021-04-05;0.000;10.303;0.333;3.104
2021-04-06;0.630;10.029;0.380;3.104
2021-04-07;0.000;9.872;0.350;3.104
2021-04-08;0.000;9.720;0.332;3.104
2021-04-09;0.000;9.545;0.369;3.104
2021-04-10;0.000;9.375;0.317;3.104
2021-04-11;0.000;9.202;0.130;3.104
2021-04-12;0.000;9.106;0.214;3.104
2021-04-13;0.000;9.058;0.452;3.104
2021-04-14;0.000;9.229;0.325;3.104
2021-04-15;0.000;9.699;0.402;3.104
2021-04-16;0.000;10.079;0.421;3.104
2021-04-17;0.000;10.325;0.415;3.104
2021-04-18;2.870;10.949;0.435;3.104
2021-04-19;0.000;10.774;0.433;3.104
2021-04-20;0.000;10.778;0.422;3.104
2021-04-21;0.000;10.700;0.454;3.104
2021-04-22;0.000;10.512;0.430;3.104
2021-04-23;0.000;10.230;0.402;3.104
2021-04-24;0.000;10.037;0.191;3.104
2021-04-25;0.000;9.912;0.220;3.104
2021-04-26;0.000;9.874;0.442;3.104
2021-04-27;0.000;9.894;0.424;3.104
2021-04-28;0.000;9.873;0.349;3.104
2021-04-29;0.000;9.792;0.288;3.104
2021-04-30;0.000;9.709;0.438;3.104
2021-05-01;0.000;9.648;0.441;1.867
2021-05-02;0.000;9.590;0.429;1.867
2021-05-03;0.000;9.602;0.393;1.867
2021-05-04;0.000;9.587;0.423;1.867
2021-05-05;0.000;9.574;0.465;1.867
2021-05-06;0.000;9.813;0.446;1.867
2021-05-07;0.000;10.234;0.410;1.867
2021-05-08;0.000;10.523;0.359;1.867
2021-05-09;0.000;10.729;0.420;1.867
2021-05-10;0.000;10.938;0.460;1.867
2021-05-11;0.000;11.146;0.429;1.867
2021-05-12;11.920;11.426;0.438;1.867
2021-05-13;3.940;12.882;0.428;1.867
2021-05-14;0.000;12.916;0.447;1.867
2021-05-15;0.000;12.687;0.442;1.867
2021-05-16;0.000;11.555;0.335;1.867
2021-05-17;0.000;10.029;0.426;1.867
2021-05-18;0.000;8.709;0.433;1.867
2021-05-19;0.000;7.945;0.419;1.867
2021-05-20;0.000;7.573;0.426;1.867
2021-05-21;0.000;7.458;0.445;1.867
2021-05-22;9.150;8.655;0.435;1.867
2021-05-23;0.000;9.730;0.382;1.867
2021-05-24;0.000;9.894;0.450;1.867
2021-05-25;0.000;10.067;0.435;1.867
2021-05-26;0.000;10.351;0.458;1.867
2021-05-27;0.000;10.466;0.431;1.867
2021-05-28;0.000;10.250;0.423;1.867
2021-05-29;1.270;10.041;0.428;1.867
2021-05-30;14.900;10.668;0.300;1.867
2021-05-31;0.000;11.654;0.320;1.867
2021-06-01;0.000;11.722;0.410;1.583
2021-06-02;0.000;11.410;0.408;1.583
2021-06-03;0.000;10.809;0.423;1.583
2021-06-04;0.000;10.121;0.376;1.583
2021-06-05;0.000;9.604;0.431;1.583
2021-06-06;0.000;9.433;0.403;1.583
2021-06-07;0.680;9.342;0.391;1.583
2021-06-08;0.000;9.149;0.403;1.583
2021-06-09;0.000;8.952;0.441;1.583
2021-06-10;4.870;8.807;0.431;1.583
2021-06-11;0.000;9.249;0.430;1.583
2021-06-12;0.000;9.324;0.406;1.583
2021-06-13;0.000;9.105;0.423;1.583
2021-06-14;0.000;8.898;0.312;1.583
2021-06-15;0.000;8.738;0.182;1.583
2021-06-16;0.000;8.648;0.294;1.583
2021-06-17;0.000;8.634;0.333;1.583
2021-06-18;0.000;8.596;0.368;1.583
2021-06-19;0.080;8.621;0.382;1.583
2021-06-20;0.710;8.806;0.424;1.583
2021-06-21;0.000;8.859;0.406;1.583
2021-06-22;3.700;9.771;0.444;1.583
2021-06-23;0.000;10.074;0.428;1.583
2021-06-24;0.000;9.897;0.458;1.583
2021-06-25;0.000;9.582;0.426;1.583
2021-06-26;0.000;9.159;0.434;1.583
2021-06-27;0.000;8.756;0.454;1.583
2021-06-28;0.000;8.543;0.419;1.583
2021-06-29;0.000;8.361;0.427;1.583
2021-06-30;0.000;8.264;0.413;1.583
2021-07-01;0.000;8.279;0.464;1.532
2021-07-02;0.000;8.375;0.445;1.532
2021-07-03;0.000;8.458;0.446;1.532
2021-07-04;0.000;8.511;0.450;1.532
2021-07-05;0.000;8.525;0.368;1.532
2021-07-06;0.000;8.625;0.441;1.532
2021-07-07;0.000;8.757;0.418;1.532
2021-07-08;0.000;8.784;0.430;1.532
2021-07-09;0.000;8.840;0.431;1.532
2021-07-10;0.000;8.774;0.449;1.532
2021-07-11;0.000;8.777;0.447;1.532
2021-07-12;0.000;8.730;0.430;1.532
2021-07-13;0.000;8.662;0.448;1.532
2021-07-14;0.000;8.688;0.464;1.532
2021-07-15;0.000;8.704;0.435;1.532
2021-07-16;0.000;8.766;0.446;1.532
2021-07-17;0.000;8.784;0.406;1.532
2021-07-18;0.000;8.767;0.436;1.532
2021-07-19;0.000;8.684;0.429;1.532
2021-07-20;0.000;8.725;0.430;1.532
2021-07-21;0.000;8.702;0.445;1.532
2021-07-22;0.000;8.715;0.428;1.532
2021-07-23;0.000;8.719;0.464;1.532
2021-07-24;0.000;8.704;0.465;1.532
2021-07-25;0.000;8.740;0.350;1.532
2021-07-26;0.000;8.782;0.424;1.532
2021-07-27;0.000;8.781;0.448;1.532
2021-07-28;16.870;10.916;0.435;1.532
2021-07-29;0.000;11.386;0.446;1.532
2021-07-30;0.000;11.434;0.444;1.532
2021-07-31;0.000;10.852;0.399;1.532
2021-08-01;0.000;10.069;0.434;1.916
2021-08-02;0.000;9.260;0.443;1.916
2021-08-03;0.000;8.753;0.433;1.916
2021-08-04;0.000;8.478;0.431;1.916
2021-08-05;0.000;8.466;0.445;1.916
2021-08-06;0.000;8.578;0.384;1.916
2021-08-07;0.000;8.577;0.448;1.916
2021-08-08;0.000;8.570;0.412;1.916
2021-08-09;0.000;8.557;0.420;1.916
2021-08-10;0.000;8.509;0.441;1.916
2021-08-11;0.000;8.460;0.458;1.916
2021-08-12;0.000;8.466;0.430;1.916
2021-08-13;0.000;8.475;0.453;1.916
2021-08-14;0.000;8.489;0.453;1.916
2021-08-15;0.000;8.544;0.441;1.916
2021-08-16;0.010;8.690;0.467;1.916
2021-08-17;0.000;8.829;0.435;1.916
2021-08-18;0.000;8.881;0.448;1.916
2021-08-19;0.000;8.853;0.461;1.916
2021-08-20;0.000;8.821;0.452;1.916
2021-08-21;0.000;8.777;0.452;1.916
2021-08-22;0.000;8.697;0.441;1.916
2021-08-23;0.000;8.637;0.446;1.916
2021-08-24;0.000;8.587;0.441;1.916
2021-08-25;0.000;8.538;0.445;1.916
2021-08-26;0.000;8.485;0.447;1.916
2021-08-27;0.000;8.455;0.462;1.916
2021-08-28;10.840;9.109;0.443;1.916
2021-08-29;0.000;9.394;0.401;1.916
2021-08-30;0.000;9.528;0.441;1.916
2021-08-31;0.000;9.578;0.435;1.916
2021-09-01;0.000;9.517;0.402;2.580
2021-09-02;0.000;9.312;0.447;2.580
2021-09-03;0.000;9.045;0.460;2.580
2021-09-04;0.000;8.880;0.413;2.580
2021-09-05;0.000;8.871;0.419;2.580
2021-09-06;0.000;8.698;0.461;2.580
2021-09-07;0.000;8.639;0.408;2.580
2021-09-08;0.000;8.562;0.402;2.580
2021-09-09;6.350;8.658;0.869;2.580
2021-09-10;5.060;9.225;0.816;2.580
2021-09-11;0.000;9.661;0.784;2.580
2021-09-12;0.000;9.698;0.724;2.580
2021-09-13;0.000;9.493;0.761;2.580
2021-09-14;0.000;9.289;0.801;2.580
2021-09-15;0.480;9.028;0.747;2.580
2021-09-16;0.170;8.736;0.825;2.580
2021-09-17;0.000;8.533;0.806;2.580
2021-09-18;0.000;8.308;0.810;2.580
2021-09-19;0.000;8.102;0.866;2.580
2021-09-20;0.000;7.898;0.775;2.580
2021-09-21;0.000;7.924;0.849;2.580
2021-09-22;0.000;7.872;0.739;2.580
2021-09-23;0.000;7.911;0.771;2.580
2021-09-24;0.000;7.869;0.853;2.580
2021-09-25;8.290;8.640;0.787;2.580
2021-09-26;1.410;9.223;0.785;2.580
2021-09-27;0.000;9.524;0.789;2.580
2021-09-28;0.000;9.418;0.806;2.580
2021-09-29;0.000;9.277;0.815;2.580
2021-09-30;0.000;9.118;0.815;2.580
2021-10-01;2.960;9.090;0.840;3.418
2021-10-02;0.000;9.268;0.763;3.418
2021-10-03;19.010;10.339;0.781;3.418
2021-10-04;0.960;11.540;0.717;3.418
2021-10-05;0.000;11.907;0.767;3.418
2021-10-06;0.080;11.478;0.799;3.418
2021-10-07;0.240;10.297;0.762;3.418
2021-10-08;0.000;8.589;0.787;3.418
2021-10-09;1.490;7.350;0.769;3.418
2021-10-10;5.570;7.398;0.715;3.418
2021-10-11;0.840;7.863;0.722;3.418
2021-10-12;5.320;8.396;0.735;3.418
2021-10-13;0.000;8.761;0.753;3.418
2021-10-14;0.630;9.186;0.775;3.418
2021-10-15;3.860;9.283;0.828;3.418
2021-10-16;9.690;10.540;0.816;3.418
2021-10-17;0.000;10.275;0.741;3.418
2021-10-18;16.180;10.837;0.659;3.418
2021-10-19;2.050;11.238;0.725;3.418
2021-10-20;0.000;11.048;0.761;3.418
2021-10-21;0.000;9.353;0.775;3.418
2021-10-22;0.000;7.786;0.794;3.418
2021-10-23;0.000;6.759;0.793;3.418
2021-10-24;19.570;8.733;0.737;3.418
2021-10-25;0.000;9.571;0.748;3.418
2021-10-26;8.200;9.750;0.746;3.418
2021-10-27;1.010;11.279;0.754;3.418
2021-10-28;4.480;11.325;0.746;3.418
2021-10-29;0.000;9.847;0.789;3.418
2021-10-30;2.780;7.912;0.801;3.418
2021-10-31;0.360;6.772;0.731;3.418
2021-11-01;15.430;7.872;0.721;3.717
2021-11-02;0.000;8.212;0.755;3.717
2021-11-03;0.000;7.664;0.789;3.717
2021-11-04;0.000;6.408;0.810;3.717
2021-11-05;0.000;5.838;0.778;3.717
2021-11-06;0.000;6.229;0.810;3.717
2021-11-07;0.000;6.416;0.757;3.717
2021-11-08;0.000;6.589;0.790;3.717
2021-11-09;0.000;7.127;0.802;3.717
2021-11-10;0.000;8.212;0.791;3.717
2021-11-11;3.440;8.982;0.802;3.717
2021-11-12;0.000;9.738;0.785;3.717
2021-11-13;0.000;10.290;0.805;3.717
2021-11-14;0.000;10.621;0.794;3.717
2021-11-15;0.000;10.760;0.809;3.717
2021-11-16;0.000;10.780;0.792;3.717
2021-11-17;0.000;10.637;0.855;3.717
2021-11-18;11.330;10.653;0.850;3.717
2021-11-19;23.970;12.300;0.805;3.717
2021-11-20;0.020;12.097;0.819;3.717
2021-11-21;0.010;11.481;0.752;3.717
2021-11-22;0.000;9.776;0.803;3.717
2021-11-23;0.000;7.672;0.733;3.717
2021-11-24;0.000;6.377;0.684;3.717
2021-11-25;0.000;6.636;0.885;3.717
2021-11-26;4.670;7.345;0.820;3.717
2021-11-27;0.000;7.935;0.868;3.717
2021-11-28;0.000;8.579;0.828;3.717
2021-11-29;0.000;9.129;0.763;3.717
2021-11-30;23.350;10.773;0.818;3.717
2021-12-01;0.000;12.112;0.707;4.236
2021-12-02;0.080;12.667;0.815;4.236
2021-12-03;0.000;11.889;0.863;4.236
2021-12-04;0.000;10.938;0.875;4.236
2021-12-05;0.000;10.328;0.847;4.236
2021-12-06;0.010;9.608;0.815;4.236
2021-12-07;0.640;8.859;0.808;4.236
2021-12-08;0.000;8.440;0.830;4.236
2021-12-09;0.000;8.205;0.836;4.236
2021-12-10;0.010;8.090;0.893;4.236
2021-12-11;0.000;8.253;0.877;4.236
2021-12-12;1.060;8.802;0.855;4.236
2021-12-13;1.820;9.299;0.843;4.236
2021-12-14;9.090;9.796;0.807;4.236
2021-12-15;6.670;11.312;0.657;4.236
2021-12-16;7.610;12.727;0.815;4.236
2021-12-17;30.360;15.014;0.834;4.236
2021-12-18;0.030;16.605;0.837;4.236
2021-12-19;0.000;15.372;0.844;4.236
2021-12-20;0.000;10.897;0.743;4.236
2021-12-21;0.000;5.981;0.897;4.236
2021-12-22;4.390;4.606;0.837;4.236
2021-12-23;0.110;5.648;0.824;4.236
2021-12-24;0.000;6.440;0.714;4.236
2021-12-25;0.000;6.707;0.575;4.236
2021-12-26;0.000;7.491;0.775;4.236
2021-12-27;14.450;9.380;0.810;4.236
2021-12-28;10.920;12.096;0.787;4.236
2021-12-29;1.540;13.684;0.821;4.236
2021-12-30;2.890;14.001;0.821;4.236
2021-12-31;13.280;13.681;0.756;4.236
2022-01-01;8.270;13.855;0.711;4.281
2022-01-02;1.010;13.334;0.786;4.281
2022-01-03;1.570;11.132;0.691;4.281
2022-01-04;6.560;8.991;0.735;4.281
2022-01-05;16.320;8.182;0.724;4.281
2022-01-06;16.400;9.040;0.733;4.281
2022-01-07;0.000;11.328;0.759;4.281
2022-01-08;0.000;12.985;0.765;4.281
2022-01-09;6.460;11.775;0.751;4.281
2022-01-10;0.000;9.127;0.698;4.281
2022-01-11;6.100;8.075;0.711;4.281
2022-01-12;10.960;7.687;0.670;4.281
2022-01-13;2.950;7.470;0.712;4.281
2022-01-14;3.240;9.612;0.696;4.281
2022-01-15;0.240;9.578;0.722;4.281
2022-01-16;1.150;8.701;0.651;4.281
2022-01-17;5.070;8.688;0.711;4.281
2022-01-18;2.340;8.540;0.690;4.281
2022-01-19;1.380;8.893;0.726;4.281
2022-01-20;0.500;8.144;0.726;4.281
2022-01-21;0.000;6.147;0.765;4.281
2022-01-22;0.000;4.944;0.757;4.281
2022-01-23;1.330;4.533;0.720;4.281
2022-01-24;0.000;5.368;0.687;4.281
2022-01-25;9.210;5.715;0.704;4.281
2022-01-26;4.220;6.797;0.743;4.281
2022-01-27;16.270;7.394;0.696;4.281
2022-01-28;15.570;8.347;0.724;4.281
2022-01-29;16.500;11.229;0.636;4.281
2022-01-30;22.160;18.186;0.625;4.281
2022-01-31;13.580;27.057;0.629;4.281
2022-02-01;2.960;33.123;0.687;4.377
2022-02-02;9.230;32.595;0.683;4.377
2022-02-03;0.990;28.746;0.732;4.377
2022-02-04;0.630;22.709;0.719;4.377
2022-02-05;1.080;17.926;0.700;4.377
2022-02-06;11.420;14.560;0.698;4.377
2022-02-07;8.260;11.848;0.673;4.377
2022-02-08;0.000;13.668;0.711;4.377
2022-02-09;0.000;15.403;0.730;4.377
2022-02-10;0.000;13.319;0.682;4.377
2022-02-11;0.010;9.525;0.685;4.377
2022-02-12;0.000;7.171;0.735;4.377
2022-02-13;0.000;6.084;0.672;4.377
2022-02-14;0.000;5.914;0.651;4.377
2022-02-15;0.000;5.692;0.732;4.377
2022-02-16;0.000;6.092;0.705;4.377
2022-02-17;6.180;7.128;0.661;4.377
2022-02-18;0.820;7.893;0.679;4.377
2022-02-19;0.020;8.275;0.705;4.377
2022-02-20;5.150;8.501;0.689;4.377
2022-02-21;0.000;8.899;0.700;4.377
2022-02-22;0.030;8.624;0.730;4.377
2022-02-23;0.030;8.318;0.748;4.377
2022-02-24;0.000;8.024;0.809;4.377
2022-02-25;0.000;7.709;0.845;4.377
2022-02-26;0.000;7.355;0.860;4.377
2022-02-27;0.260;6.928;0.831;4.377
2022-02-28;0.000;6.844;0.814;4.377
2022-03-01;7.920;7.395;0.825;3.878
2022-03-02;0.000;7.765;0.836;3.878
2022-03-03;0.000;7.743;0.856;3.878
2022-03-04;19.980;7.877;0.825;3.878
2022-03-05;0.090;9.721;0.848;3.878
2022-03-06;0.790;10.098;0.819;3.878
2022-03-07;0.010;9.197;0.800;3.878
2022-03-08;0.250;8.445;0.816;3.878
2022-03-09;6.890;8.275;0.816;3.878
2022-03-10;2.950;9.345;0.791;3.878
2022-03-11;0.050;8.348;0.798;3.878
2022-03-12;20.790;8.094;0.812;3.878
2022-03-13;7.380;10.114;0.771;3.878
2022-03-14;10.810;14.081;0.797;3.878
2022-03-15;5.600;16.450;0.798;3.878
2022-03-16;4.130;14.012;0.781;3.878
2022-03-17;0.730;13.412;0.787;3.878
2022-03-18;6.310;12.303;0.840;3.878
2022-03-19;0.500;9.888;0.830;3.878
2022-03-20;2.960;8.649;0.790;3.878
2022-03-21;0.720;7.831;0.768;3.878
2022-03-22;0.140;6.267;0.771;3.878
2022-03-23;0.000;5.427;0.826;3.878
2022-03-24;0.000;5.960;0.846;3.878
2022-03-25;0.000;6.255;0.819;3.878
2022-03-26;15.260;7.104;0.889;3.878
2022-03-27;0.230;7.821;0.793;3.878
2022-03-28;0.000;8.556;0.818;3.878
2022-03-29;0.000;8.265;0.820;3.878
2022-03-30;0.130;8.063;0.804;3.878
2022-03-31;0.000;7.875;0.816;3.878
2022-04-01;0.760;7.592;0.802;3.104
2022-04-02;0.000;7.411;0.814;3.104
2022-04-03;0.000;7.336;0.802;3.104
2022-04-04;1.020;7.163;0.803;3.104
2022-04-05;0.060;7.047;0.840;3.104
2022-04-06;0.000;6.842;0.808;3.104
2022-04-07;0.000;6.789;0.819;3.104
2022-04-08;10.180;7.221;0.851;3.104
2022-04-09;0.390;8.644;0.818;3.104
2022-04-10;0.000;8.408;0.829;3.104
2022-04-11;0.000;8.276;0.797;3.104
2022-04-12;0.000;8.226;0.819;3.104
2022-04-13;0.000;8.085;0.817;3.104
2022-04-14;0.090;7.848;0.820;3.104
2022-04-15;0.000;7.673;0.795;3.104
2022-04-16;0.000;7.554;0.513;3.104
2022-04-17;0.000;7.428;0.526;3.104
2022-04-18;0.000;7.467;0.848;3.104
2022-04-19;0.000;7.615;0.833;3.104
2022-04-20;0.000;7.923;0.806;3.104
2022-04-21;0.000;8.282;0.804;3.104
2022-04-22;0.000;8.512;0.830;3.104
2022-04-23;0.000;8.592;0.843;3.104
2022-04-24;0.000;8.564;0.779;3.104
2022-04-25;0.000;8.566;0.821;3.104
2022-04-26;0.000;8.544;0.821;3.104
2022-04-27;0.000;8.485;0.811;3.104
2022-04-28;0.000;8.246;0.849;3.104
2022-04-29;0.000;8.203;0.834;3.104
2022-04-30;0.080;8.290;0.852;3.104
2022-05-01;0.070;8.456;0.853;1.867
2022-05-02;2.300;8.581;0.827;1.867
2022-05-03;0.000;8.734;0.812;1.867
2022-05-04;8.410;9.175;0.772;1.867
2022-05-05;0.000;9.487;0.796;1.867
2022-05-06;0.000;9.582;0.854;1.867
2022-05-07;0.000;9.501;0.818;1.867
2022-05-08;0.000;9.536;0.775;1.867
2022-05-09;0.000;9.668;0.819;1.867
2022-05-10;0.000;9.741;0.811;1.867
2022-05-11;6.920;9.894;0.811;1.867
2022-05-12;0.000;10.427;0.824;1.867
2022-05-13;0.000;10.505;0.836;1.867
2022-05-14;0.000;10.483;0.841;1.867
2022-05-15;6.460;10.574;0.792;1.867
2022-05-16;0.000;10.575;0.755;1.867
2022-05-17;0.000;10.575;0.831;1.867
2022-05-18;0.000;10.441;0.745;1.867
2022-05-19;0.000;10.223;0.792;1.867
2022-05-20;0.000;10.072;0.787;1.867
2022-05-21;0.000;10.047;0.841;1.867
2022-05-22;0.000;9.942;0.818;1.867
2022-05-23;0.000;9.921;0.789;1.867
2022-05-24;0.000;9.906;0.818;1.867
2022-05-25;0.000;9.839;0.827;1.867
2022-05-26;0.000;9.781;0.843;1.867
2022-05-27;0.000;9.779;0.810;1.867
2022-05-28;0.000;9.750;0.824;1.867
2022-05-29;0.000;9.766;0.823;1.867
2022-05-30;12.030;9.891;0.815;1.867
2022-05-31;9.250;11.897;0.778;1.867
2022-06-01;10.440;13.395;0.798;1.583
2022-06-02;0.000;13.246;0.810;1.583
2022-06-03;0.000;12.666;0.773;1.583
2022-06-04;0.000;11.469;0.814;1.583
2022-06-05;0.000;9.792;0.806;1.583
2022-06-06;0.000;8.252;0.781;1.583
2022-06-07;3.210;7.396;0.789;1.583
2022-06-08;2.910;7.371;0.783;1.583
2022-06-09;0.710;7.984;0.796;1.583
2022-06-10;6.220;9.408;0.755;1.583
2022-06-11;0.000;9.783;0.816;1.583
2022-06-12;0.000;9.783;0.774;1.583
2022-06-13;0.000;9.643;0.767;1.583
2022-06-14;0.000;9.519;0.794;1.583
2022-06-15;0.000;9.335;0.792;1.583
2022-06-16;0.000;9.200;0.799;1.583
2022-06-17;0.000;9.003;0.808;1.583
2022-06-18;0.000;8.813;0.800;1.583
2022-06-19;0.000;8.594;0.772;1.583
2022-06-20;0.000;8.490;0.771;1.583
2022-06-21;0.000;8.448;0.840;1.583
2022-06-22;0.000;8.378;0.890;1.583
2022-06-23;0.000;8.296;0.816;1.583
2022-06-24;0.000;8.232;0.843;1.583
2022-06-25;0.000;8.349;0.827;1.583
2022-06-26;0.000;8.542;0.793;1.583
2022-06-27;0.000;8.721;0.755;1.583
2022-06-28;0.000;8.880;0.833;1.583
2022-06-29;0.000;9.179;0.814;1.583
2022-06-30;0.000;9.395;0.836;1.583
2022-07-01;0.000;9.485;0.841;1.532
2022-07-02;0.000;9.512;0.836;1.532
2022-07-03;0.000;9.374;0.815;1.532
2022-07-04;0.000;9.238;0.788;1.532
2022-07-05;0.000;9.160;0.821;1.532
2022-07-06;0.000;9.100;0.780;1.532
2022-07-07;0.000;9.089;0.817;1.532
2022-07-08;0.000;9.043;0.840;1.532
2022-07-09;0.000;8.958;0.683;1.532
2022-07-10;0.060;8.932;0.633;1.532
2022-07-11;0.000;8.889;0.798;1.532
2022-07-12;0.000;8.858;0.807;1.532
2022-07-13;0.000;8.816;0.817;1.532
2022-07-14;0.000;8.782;0.790;1.532
2022-07-15;0.000;8.723;0.844;1.532
2022-07-16;0.000;8.699;0.852;1.532
2022-07-17;0.000;8.812;0.837;1.532
2022-07-18;0.000;8.805;0.869;1.532
2022-07-19;0.000;8.783;0.808;1.532
2022-07-20;0.000;8.757;0.844;1.532
2022-07-21;0.000;8.693;0.793;1.532
2022-07-22;0.000;8.657;0.746;1.532
2022-07-23;0.000;8.635;0.855;1.532
2022-07-24;0.000;8.645;0.822;1.532
2022-07-25;0.000;8.604;0.835;1.532
2022-07-26;0.000;8.617;0.798;1.532
2022-07-27;0.000;8.588;0.827;1.532
2022-07-28;0.000;8.633;0.887;1.532
2022-07-29;5.540;8.888;0.851;1.532
2022-07-30;0.000;9.123;0.817;1.532
2022-07-31;0.000;9.272;0.786;1.532
2022-08-01;0.000;9.290;0.811;1.916
2022-08-02;0.000;9.293;0.821;1.916
2022-08-03;0.000;9.225;0.854;1.916
2022-08-04;0.000;9.165;0.873;1.916
2022-08-05;0.000;9.208;0.846;1.916
2022-08-06;0.000;9.191;0.855;1.916
2022-08-07;0.000;9.148;0.819;1.916
2022-08-08;12.590;10.055;0.754;1.916
2022-08-09;7.650;10.231;0.787;1.916
2022-08-10;6.660;11.392;0.701;1.916
2022-08-11;0.340;11.462;0.781;1.916
2022-08-12;0.000;11.050;0.772;1.916
2022-08-13;0.000;9.800;0.839;1.916
2022-08-14;0.000;8.696;0.803;1.916
2022-08-15;0.000;7.990;0.776;1.916
2022-08-16;0.000;7.542;0.839;1.916
2022-08-17;0.000;7.352;0.802;1.916
2022-08-18;0.000;7.589;0.779;1.916
2022-08-19;0.000;7.826;0.776;1.916
2022-08-20;0.000;8.039;0.787;1.916
2022-08-21;0.000;8.214;0.808;1.916
2022-08-22;0.000;8.432;0.827;1.916
2022-08-23;0.000;8.782;0.848;1.916
2022-08-24;0.000;9.031;0.852;1.916
2022-08-25;0.000;9.179;0.847;1.916
2022-08-26;0.000;9.191;0.838;1.916
2022-08-27;0.000;9.206;0.855;1.916
2022-08-28;0.000;9.111;0.843;1.916
2022-08-29;0.000;8.991;0.806;1.916
2022-08-30;0.000;9.038;0.793;1.916
2022-08-31;0.000;9.009;0.843;1.916
2022-09-01;0.000;8.960;0.815;2.580
2022-09-02;0.000;8.937;0.851;2.580
2022-09-03;0.000;8.898;0.858;2.580
2022-09-04;5.550;9.247;0.787;2.580
2022-09-05;0.000;9.363;0.758;2.580
2022-09-06;0.030;9.427;0.813;2.580
2022-09-07;0.000;9.491;0.771;2.580
2022-09-08;0.000;9.628;0.743;2.580
2022-09-09;0.000;9.632;0.849;2.580
2022-09-10;0.000;9.530;0.858;2.580
2022-09-11;0.000;9.240;0.790;2.580
2022-09-12;0.000;8.981;0.776;2.580
2022-09-13;2.870;8.930;0.784;2.580
2022-09-14;4.500;9.212;0.745;2.580
2022-09-15;0.720;9.400;0.736;2.580
2022-09-16;0.000;9.352;0.747;2.580
2022-09-17;0.000;9.194;0.795;2.580
2022-09-18;0.000;9.084;0.767;2.580
2022-09-19;0.000;8.902;0.776;2.580
2022-09-20;0.000;8.753;0.776;2.580
2022-09-21;5.800;8.548;0.810;2.580
2022-09-22;0.470;8.762;0.791;2.580
2022-09-23;0.000;8.611;0.838;2.580
2022-09-24;0.000;8.426;0.803;2.580
2022-09-25;0.000;8.214;0.789;2.580
2022-09-26;24.760;9.574;0.770;2.580
2022-09-27;17.740;11.365;0.722;2.580
2022-09-28;16.900;13.611;0.741;2.580
2022-09-29;0.000;14.037;0.713;2.580
2022-09-30;14.220;14.508;0.742;2.580
2022-10-01;0.000;14.002;0.787;3.418
2022-10-02;0.000;11.329;0.788;3.418
2022-10-03;0.050;7.600;0.750;3.418
2022-10-04;0.000;5.594;0.765;3.418
2022-10-05;0.000;4.525;0.784;3.418
2022-10-06;9.080;4.541;0.764;3.418
2022-10-07;8.220;7.370;0.765;3.418
2022-10-08;0.000;8.530;0.808;3.418
2022-10-09;3.030;9.248;0.759;3.418
2022-10-10;3.260;10.200;0.717;3.418
2022-10-11;0.000;10.687;0.734;3.418
2022-10-12;0.590;10.734;0.779;3.418
2022-10-13;0.000;10.288;0.789;3.418
2022-10-14;0.000;9.690;0.790;3.418
2022-10-15;0.000;9.095;0.787;3.418
2022-10-16;0.060;8.679;0.743;3.418
2022-10-17;0.000;8.392;0.729;3.418
2022-10-18;0.340;8.216;0.797;3.418
2022-10-19;2.750;8.218;0.694;3.418
2022-10-20;3.020;8.242;0.786;3.418
2022-10-21;8.890;8.951;0.760;3.418
2022-10-22;0.300;9.365;0.807;3.418
2022-10-23;0.000;9.066;0.749;3.418
2022-10-24;0.000;8.654;0.777;3.418
2022-10-25;0.000;8.399;0.764;3.418
2022-10-26;0.000;8.172;0.802;3.418
2022-10-27;3.250;8.141;0.787;3.418
2022-10-28;0.750;8.306;0.785;3.418
2022-10-29;14.560;8.936;0.783;3.418
2022-10-30;4.550;12.010;0.767;3.418
2022-10-31;22.790;13.909;0.692;3.418
2022-11-01;0.000;15.071;0.732;3.717
2022-11-02;0.100;14.840;0.726;3.717
2022-11-03;0.000;13.002;0.750;3.717
2022-11-04;0.000;9.088;0.759;3.717
2022-11-05;0.000;6.362;0.779;3.717
2022-11-06;0.000;5.455;0.785;3.717
2022-11-07;5.590;5.979;0.740;3.717
2022-11-08;0.000;6.558;0.739;3.717
2022-11-09;0.020;7.095;0.817;3.717
2022-11-10;0.000;7.914;0.760;3.717
2022-11-11;12.870;9.524;0.836;3.717
2022-11-12;0.000;11.174;0.808;3.717
2022-11-13;0.290;10.956;0.761;3.717
2022-11-14;13.670;11.937;0.713;3.717
2022-11-15;0.920;12.189;0.730;3.717
2022-11-16;0.000;11.577;0.750;3.717
2022-11-17;0.000;10.646;0.758;3.717
2022-11-18;0.000;9.772;0.767;3.717
2022-11-19;0.010;9.094;0.787;3.717
2022-11-20;22.030;8.943;0.740;3.717
2022-11-21;0.000;11.061;0.725;3.717
2022-11-22;12.770;12.427;0.749;3.717
2022-11-23;32.450;13.050;0.698;3.717
2022-11-24;0.400;16.864;0.749;3.717
2022-11-25;0.000;18.295;0.707;3.717
2022-11-26;0.190;18.984;0.796;3.717
2022-11-27;2.580;17.373;0.715;3.717
2022-11-28;16.910;14.114;0.680;3.717
2022-11-29;5.480;13.477;0.725;3.717
2022-11-30;3.420;13.691;0.704;3.717
2022-12-01;0.520;11.391;0.718;4.236
2022-12-02;0.450;9.297;0.813;4.236
2022-12-03;8.010;8.350;0.749;4.236
2022-12-04;4.320;9.258;0.731;4.236
2022-12-05;13.110;9.067;0.694;4.236
2022-12-06;18.980;13.117;0.711;4.236
2022-12-07;13.450;17.507;0.719;4.236
2022-12-08;0.000;18.253;0.745;4.236
2022-12-09;0.000;17.526;0.773;4.236
2022-12-10;0.000;15.376;0.808;4.236
2022-12-11;4.710;11.683;0.797;4.236
2022-12-12;6.080;9.325;0.771;4.236
2022-12-13;5.950;12.832;0.680;4.236
2022-12-14;0.000;16.035;0.749;4.236
2022-12-15;0.000;15.948;0.763;4.236
2022-12-16;5.250;14.456;0.748;4.236
2022-12-17;0.000;13.806;0.759;4.236
2022-12-18;0.000;10.301;0.737;4.236
2022-12-19;1.270;7.461;0.730;4.236
2022-12-20;0.430;6.435;0.736;4.236
2022-12-21;0.000;5.981;0.692;4.236
2022-12-22;0.000;5.761;0.750;4.236
2022-12-23;0.520;6.268;0.761;4.236
2022-12-24;6.800;6.474;0.744;4.236
2022-12-25;6.080;7.289;0.705;4.236
2022-12-26;8.910;10.182;0.661;4.236
2022-12-27;5.990;12.013;0.718;4.236
2022-12-28;43.650;17.375;0.685;4.236
2022-12-29;6.210;23.277;0.704;4.236
2022-12-30;25.410;30.938;0.745;4.236
2022-12-31;4.770;26.886;0.735;4.236
2023-01-01;0.770;25.533;0.730;4.281
2023-01-02;0.000;26.457;0.712;4.281
2023-01-03;3.600;21.870;0.753;4.281
2023-01-04;34.350;18.096;0.720;4.281
2023-01-05;5.840;23.983;0.709;4.281
2023-01-06;0.500;29.029;0.723;4.281
2023-01-07;0.000;28.020;0.747;4.281
2023-01-08;0.410;23.320;0.708;4.281
2023-01-09;0.250;18.136;0.716;4.281
2023-01-10;0.250;14.472;0.713;4.281
2023-01-11;1.090;11.447;0.696;4.281
2023-01-12;0.290;10.061;0.688;4.281
2023-01-13;4.670;8.823;0.754;4.281
2023-01-14;8.850;12.245;0.763;4.281
2023-01-15;0.000;11.323;0.734;4.281
2023-01-16;1.190;8.783;0.754;4.281
2023-01-17;0.000;7.451;0.770;4.281
2023-01-18;14.240;9.302;0.771;4.281
2023-01-19;3.530;15.174;0.808;4.281
2023-01-20;3.540;15.961;0.796;4.281
2023-01-21;0.000;16.260;0.729;4.281
2023-01-22;0.000;12.791;0.725;4.281
2023-01-23;11.630;9.323;0.719;4.281
2023-01-24;0.070;9.677;0.723;4.281
2023-01-25;0.000;10.966;0.765;4.281
2023-01-26;0.000;8.826;0.767;4.281
2023-01-27;0.000;6.663;0.758;4.281
2023-01-28;7.360;7.075;0.758;4.281
2023-01-29;0.670;9.513;0.734;4.281
2023-01-30;5.910;9.533;0.691;4.281
2023-01-31;6.910;7.295;0.734;4.281
2023-02-01;55.970;9.644;0.726;4.377
2023-02-02;1.660;25.661;0.709;4.377
2023-02-03;8.940;31.665;0.732;4.377
2023-02-04;3.210;36.746;0.757;4.377
2023-02-05;3.000;29.725;0.724;4.377
2023-02-06;6.190;21.662;0.728;4.377
2023-02-07;8.530;18.081;0.703;4.377
2023-02-08;0.000;16.932;0.763;4.377
2023-02-09;0.000;14.213;0.784;4.377
2023-02-10;14.300;10.988;0.772;4.377
2023-02-11;1.680;12.752;0.785;4.377
2023-02-12;0.070;16.791;0.724;4.377
2023-02-13;2.740;17.283;0.726;4.377
2023-02-14;0.120;14.241;0.704;4.377
2023-02-15;0.090;10.691;0.772;4.377
2023-02-16;1.670;8.589;0.744;4.377
2023-02-17;0.600;8.014;0.757;4.377
2023-02-18;4.720;7.615;0.762;4.377
2023-02-19;9.210;9.045;0.727;4.377
2023-02-20;0.060;11.275;0.723;4.377
2023-02-21;17.470;11.997;0.754;4.377
2023-02-22;4.410;15.344;0.699;4.377
2023-02-23;27.000;14.298;0.740;4.377
2023-02-24;1.490;16.840;0.760;4.377
2023-02-25;0.000;18.362;0.770;4.377
2023-02-26;0.000;16.803;0.737;4.377
2023-02-27;0.880;13.828;0.752;4.377
2023-02-28;10.190;10.674;0.795;4.377
2023-03-01;0.000;10.066;0.789;3.878
2023-03-02;1.270;11.034;0.833;3.878
2023-03-03;0.140;10.512;0.813;3.878
2023-03-04;8.820;11.585;0.789;3.878
2023-03-05;3.670;11.201;0.794;3.878
2023-03-06;4.830;11.527;0.777;3.878
2023-03-07;10.820;10.174;0.788;3.878
2023-03-08;11.360;10.262;0.780;3.878
2023-03-09;0.010;13.567;0.819;3.878
2023-03-10;11.360;14.312;0.819;3.878
2023-03-11;4.050;16.237;0.790;3.878
2023-03-12;9.680;16.792;0.817;3.878
2023-03-13;19.440;17.412;0.758;3.878
2023-03-14;4.750;18.452;0.764;3.878
2023-03-15;0.000;19.239;0.800;3.878
2023-03-16;0.000;18.119;0.813;3.878
2023-03-17;0.000;15.462;0.855;3.878
2023-03-18;0.000;11.214;0.862;3.878
2023-03-19;0.000;8.124;0.796;3.878
2023-03-20;14.750;7.036;0.776;3.878
2023-03-21;0.000;10.361;0.783;3.878
2023-03-22;0.000;10.231;0.765;3.878
2023-03-23;0.000;7.112;0.801;3.878
2023-03-24;0.000;6.168;0.829;3.878
2023-03-25;0.000;5.997;0.833;3.878
2023-03-26;0.080;5.825;0.787;3.878
2023-03-27;0.970;5.667;0.806;3.878
2023-03-28;0.050;5.784;0.802;3.878
2023-03-29;0.890;5.660;0.788;3.878
2023-03-30;0.000;5.692;0.813;3.878
2023-03-31;3.230;5.718;0.897;3.878
2023-04-01;0.000;6.015;0.874;3.104
2023-04-02;0.040;5.702;0.843;3.104
2023-04-03;0.000;5.418;0.841;3.104
2023-04-04;0.000;5.268;0.847;3.104
2023-04-05;0.000;5.118;0.825;3.104
2023-04-06;0.000;5.061;0.879;3.104
2023-04-07;2.800;5.551;0.785;3.104
2023-04-08;0.970;6.295;0.859;3.104
2023-04-09;0.010;6.427;0.787;3.104
2023-04-10;0.000;6.268;0.879;3.104
2023-04-11;0.000;6.194;0.828;3.104
2023-04-12;0.350;6.065;0.884;3.104
2023-04-13;0.000;6.052;0.849;3.104
2023-04-14;11.960;7.064;0.830;3.104
2023-04-15;0.050;7.856;0.829;3.104
2023-04-16;0.000;7.363;0.838;3.104
2023-04-17;19.170;7.820;0.806;3.104
2023-04-18;12.070;11.199;0.761;3.104
2023-04-19;15.240;15.405;0.828;3.104
2023-04-20;0.000;16.279;0.808;3.104
2023-04-21;0.000;14.847;0.848;3.104
2023-04-22;0.000;11.480;0.817;3.104
2023-04-23;0.000;8.150;0.762;3.104
2023-04-24;0.000;6.573;0.815;3.104
2023-04-25;0.000;5.845;0.805;3.104
2023-04-26;0.110;5.528;0.889;3.104
2023-04-27;1.130;5.476;0.815;3.104
2023-04-28;2.850;6.240;0.748;3.104
2023-04-29;0.000;6.754;0.849;3.104
2023-04-30;0.000;6.564;0.825;3.104
2023-05-01;0.150;6.351;0.807;1.867
2023-05-02;4.950;6.214;0.816;1.867
2023-05-03;0.000;6.577;0.839;1.867
2023-05-04;0.000;7.186;0.824;1.867
2023-05-05;0.000;6.412;0.853;1.867
2023-05-06;0.000;6.050;0.853;1.867
2023-05-07;0.000;5.829;0.802;1.867
2023-05-08;0.000;5.637;0.784;1.867
2023-05-09;0.000;5.610;0.786;1.867
2023-05-10;1.400;5.530;0.792;1.867
2023-05-11;0.000;5.487;0.815;1.867
2023-05-12;0.000;5.538;0.826;1.867
2023-05-13;0.000;6.304;0.758;1.867
2023-05-14;0.000;6.705;0.771;1.867
2023-05-15;0.000;6.578;0.750;1.867
2023-05-16;0.000;6.390;0.825;1.867
2023-05-17;0.000;6.302;0.790;1.867
2023-05-18;0.000;6.220;0.799;1.867
2023-05-19;0.000;6.181;0.813;1.867
2023-05-20;0.000;6.138;0.808;1.867
2023-05-21;0.000;6.097;0.781;1.867
2023-05-22;0.000;6.139;0.779;1.867
2023-05-23;0.000;6.703;0.780;1.867
2023-05-24;0.000;7.384;0.806;1.867
2023-05-25;0.000;7.766;0.792;1.867
2023-05-26;0.000;7.928;0.780;1.867
2023-05-27;0.000;8.016;0.828;1.867
2023-05-28;0.000;8.101;0.741;1.867
2023-05-29;0.000;8.182;0.722;1.867
2023-05-30;2.930;8.356;0.714;1.867
2023-05-31;22.320;10.243;0.667;1.867
2023-06-01;0.000;11.590;0.754;1.583
2023-06-02;0.000;11.374;0.752;1.583
2023-06-03;0.000;10.446;0.800;1.583
2023-06-04;0.030;8.836;0.746;1.583
2023-06-05;0.410;7.531;0.749;1.583
2023-06-06;0.000;6.823;0.751;1.583
2023-06-07;0.000;6.351;0.761;1.583
2023-06-08;0.000;6.131;0.760;1.583
2023-06-09;0.000;6.128;0.755;1.583
2023-06-10;0.000;6.875;0.786;1.583
2023-06-11;0.000;7.436;0.728;1.583
2023-06-12;0.000;7.745;0.753;1.583
2023-06-13;0.000;7.958;0.723;1.583
2023-06-14;17.070;9.194;0.644;1.583
2023-06-15;9.140;11.281;0.684;1.583
2023-06-16;0.000;12.382;0.675;1.583
2023-06-17;0.000;11.921;0.763;1.583
2023-06-18;0.000;10.416;0.709;1.583
2023-06-19;0.000;8.442;0.772;1.583
2023-06-20;0.000;7.225;0.735;1.583
2023-06-21;0.000;6.623;0.780;1.583
2023-06-22;0.000;6.304;0.744;1.583
2023-06-23;0.000;6.189;0.749;1.583
2023-06-24;0.000;6.938;0.768;1.583
2023-06-25;0.000;7.653;0.739;1.583
2023-06-26;0.000;8.049;0.702;1.583
2023-06-27;0.000;8.225;0.746;1.583
2023-06-28;0.000;8.248;0.753;1.583
2023-06-29;0.000;8.297;0.752;1.583
2023-06-30;0.000;8.342;0.755;1.583
2023-07-01;0.000;8.337;0.776;1.532
2023-07-02;0.000;8.310;0.703;1.532
2023-07-03;0.000;8.192;0.750;1.532
2023-07-04;0.000;8.127;0.722;1.532
2023-07-05;0.000;7.967;0.772;1.532
2023-07-06;0.000;7.880;0.756;1.532
2023-07-07;0.000;7.744;0.783;1.532
2023-07-08;0.000;7.579;0.757;1.532
2023-07-09;0.320;7.729;0.624;1.532
2023-07-10;0.320;8.015;0.715;1.532
2023-07-11;0.000;8.202;0.705;1.532
2023-07-12;0.000;8.303;0.837;1.532
2023-07-13;0.000;8.389;0.768;1.532
2023-07-14;0.000;8.377;0.813;1.532
2023-07-15;0.000;8.771;0.760;1.532
2023-07-16;0.000;9.126;0.711;1.532
2023-07-17;0.000;9.412;0.722;1.532
2023-07-18;0.000;9.537;0.706;1.532
2023-07-19;0.000;9.650;0.653;1.532
2023-07-20;0.000;9.781;0.662;1.532
2023-07-21;0.000;9.609;0.722;1.532
2023-07-22;0.000;9.225;0.743;1.532
2023-07-23;0.000;8.876;0.674;1.532
2023-07-24;0.000;8.715;0.678;1.532
2023-07-25;0.000;8.599;0.720;1.532
2023-07-26;0.000;8.499;0.706;1.532
2023-07-27;0.000;8.476;0.723;1.532
2023-07-28;0.000;8.429;0.740;1.532
2023-07-29;0.000;8.374;0.733;1.532
2023-07-30;0.000;8.349;0.664;1.532
2023-07-31;0.000;8.312;0.684;1.532
2023-08-01;0.000;8.472;0.706;1.916
2023-08-02;0.000;8.558;0.691;1.916
2023-08-03;0.000;8.639;0.698;1.916
2023-08-04;0.000;8.582;0.699;1.916
2023-08-05;0.000;8.563;0.733;1.916
2023-08-06;0.000;8.481;0.733;1.916
2023-08-07;0.000;8.475;0.702;1.916
2023-08-08;0.000;8.484;0.698;1.916
2023-08-09;0.000;8.468;0.724;1.916
2023-08-10;0.010;8.665;0.714;1.916
2023-08-11;0.350;8.796;0.742;1.916
2023-08-12;0.100;8.778;0.753;1.916
2023-08-13;0.000;8.818;0.673;1.916
2023-08-14;0.000;8.910;0.682;1.916
2023-08-15;0.000;8.976;0.685;1.916
2023-08-16;0.000;8.911;0.741;1.916
2023-08-17;0.000;8.923;0.711;1.916
2023-08-18;0.000;8.870;0.753;1.916
2023-08-19;0.000;8.833;0.734;1.916
2023-08-20;0.010;8.903;0.721;1.916
2023-08-21;0.000;8.992;0.709;1.916
2023-08-22;0.000;8.884;0.739;1.916
2023-08-23;0.000;8.778;0.737;1.916
2023-08-24;5.090;8.861;0.752;1.916
2023-08-25;0.120;9.184;0.728;1.916
2023-08-26;9.110;9.835;0.649;1.916
2023-08-27;4.540;10.058;0.594;1.916
2023-08-28;0.000;10.316;0.671;1.916
2023-08-29;0.000;10.372;0.696;1.916
2023-08-30;0.000;10.229;0.702;1.916
2023-08-31;0.000;10.024;0.721;1.916
2023-09-01;0.000;9.857;0.730;2.580
2023-09-02;13.240;9.753;0.775;2.580
2023-09-03;3.640;13.869;0.759;2.580
2023-09-04;0.000;13.645;0.744;2.580
2023-09-05;2.450;13.717;0.748;2.580
2023-09-06;0.000;12.601;0.717;2.580
2023-09-07;0.000;11.397;0.744;2.580
2023-09-08;0.000;9.992;0.724;2.580
2023-09-09;0.000;8.739;0.750;2.580
2023-09-10;0.000;8.059;0.700;2.580
2023-09-11;0.000;7.645;0.755;2.580
2023-09-12;0.000;7.413;0.734;2.580
2023-09-13;0.000;7.206;0.790;2.580
2023-09-14;4.840;7.863;0.729;2.580
2023-09-15;0.000;8.784;0.748;2.580
2023-09-16;0.000;8.937;0.768;2.580
2023-09-17;0.000;8.724;0.751;2.580
2023-09-18;1.480;9.300;0.663;2.580
2023-09-19;0.000;10.134;0.679;2.580
2023-09-20;0.000;10.977;0.702;2.580
2023-09-21;0.000;11.606;0.714;2.580
2023-09-22;0.000;11.857;0.768;2.580
2023-09-23;0.000;11.887;0.797;2.580
2023-09-24;0.000;11.826;0.759;2.580
2023-09-25;0.000;11.630;0.809;2.580
2023-09-26;0.000;11.222;0.764;2.580
2023-09-27;6.780;11.823;0.788;2.580
2023-09-28;0.000;14.090;0.851;2.580
2023-09-29;0.000;13.289;0.831;2.580
2023-09-30;0.000;13.091;0.829;2.580
2023-10-01;10.260;15.718;0.730;3.418
2023-10-02;0.000;17.501;0.741;3.418
2023-10-03;0.000;17.803;0.748;3.418
2023-10-04;11.320;17.441;0.750;3.418
2023-10-05;2.240;17.607;0.662;3.418
2023-10-06;0.000;17.120;0.831;3.418
2023-10-07;18.610;15.766;0.758;3.418
2023-10-08;11.760;17.818;0.715;3.418
2023-10-09;12.900;23.972;0.715;3.418
2023-10-10;0.000;25.171;0.727;3.418
2023-10-11;0.000;22.637;0.736;3.418
2023-10-12;22.440;18.272;0.728;3.418
2023-10-13;0.890;16.280;0.686;3.418
2023-10-14;0.000;13.466;0.660;3.418
2023-10-15;0.000;10.120;0.658;3.418
2023-10-16;5.170;8.136;0.719;3.418
2023-10-17;9.180;12.421;0.671;3.418
2023-10-18;0.000;13.884;0.694;3.418
2023-10-19;0.000;14.149;0.661;3.418
2023-10-20;0.000;11.533;0.685;3.418
2023-10-21;0.000;8.790;0.710;3.418
2023-10-22;0.000;7.140;0.714;3.418
2023-10-23;0.000;6.137;0.681;3.418
2023-10-24;0.000;6.661;0.712;3.418
2023-10-25;0.000;7.592;0.672;3.418
2023-10-26;0.000;8.213;0.665;3.418
2023-10-27;9.500;8.775;0.768;3.418
2023-10-28;5.720;9.858;0.759;3.418
2023-10-29;11.110;11.871;0.769;3.418
2023-10-30;0.000;14.630;0.747;3.418
2023-10-31;4.710;15.453;0.736;3.418
2023-11-01;0.000;15.172;0.794;3.717
2023-11-02;0.000;14.454;0.714;3.717
2023-11-03;11.170;13.737;0.800;3.717
2023-11-04;0.140;14.216;0.764;3.717
2023-11-05;0.000;13.366;0.684;3.717
2023-11-06;0.000;11.395;0.707;3.717
2023-11-07;0.000;9.495;0.681;3.717
2023-11-08;0.000;8.341;0.709;3.717
2023-11-09;0.000;7.684;0.692;3.717
2023-11-10;1.230;7.382;0.742;3.717
2023-11-11;0.000;8.170;0.823;3.717
2023-11-12;0.000;8.607;0.850;3.717
2023-11-13;0.000;9.171;0.857;3.717
2023-11-14;0.500;9.957;0.867;3.717
2023-11-15;7.950;11.415;0.843;3.717
2023-11-16;1.230;11.538;0.808;3.717
2023-11-17;0.000;11.693;0.809;3.717
2023-11-18;0.000;11.685;0.844;3.717
2023-11-19;18.430;13.551;0.774;3.717
2023-11-20;0.000;13.950;0.772;3.717
2023-11-21;0.000;13.435;0.798;3.717
2023-11-22;0.000;12.982;0.772;3.717
2023-11-23;10.970;11.948;0.765;3.717
2023-11-24;0.000;10.978;0.715;3.717
2023-11-25;0.000;9.675;0.723;3.717
2023-11-26;0.000;8.448;0.738;3.717
2023-11-27;0.160;9.282;0.759;3.717
2023-11-28;17.390;15.286;0.747;3.717
2023-11-29;5.840;18.540;0.776;3.717
2023-11-30;0.000;21.279;0.786;3.717
2023-12-01;0.000;20.687;0.795;4.236
2023-12-02;0.000;17.803;0.813;4.236
2023-12-03;0.000;14.403;0.809;4.236
2023-12-04;1.990;10.398;0.789;4.236
2023-12-05;0.000;9.770;0.778;4.236
2023-12-06;0.770;8.620;0.774;4.236
2023-12-07;2.460;7.919;0.784;4.236
2023-12-08;1.080;8.841;0.830;4.236
2023-12-09;0.000;7.963;0.758;4.236
2023-12-10;10.560;7.667;0.752;4.236
2023-12-11;0.000;9.212;0.778;4.236
2023-12-12;0.000;6.837;0.743;4.236
2023-12-13;0.000;5.643;0.699;4.236
2023-12-14;0.000;5.060;0.727;4.236
2023-12-15;0.000;4.684;0.778;4.236
2023-12-16;0.080;4.861;0.762;4.236
2023-12-17;2.000;6.536;0.682;4.236
2023-12-18;0.000;8.299;0.731;4.236
2023-12-19;0.000;9.213;0.735;4.236
2023-12-20;0.000;10.022;0.722;4.236
2023-12-21;4.570;10.281;0.726;4.236
2023-12-22;5.710;10.926;0.766;4.236
2023-12-23;3.660;12.962;0.773;4.236
2023-12-24;0.000;13.211;0.775;4.236
2023-12-25;0.000;12.108;0.752;4.236
2023-12-26;1.220;10.862;0.757;4.236
2023-12-27;0.000;9.718;0.763;4.236
2023-12-28;0.000;9.050;0.767;4.236
2023-12-29;0.000;8.682;0.793;4.236
2023-12-30;0.000;8.889;0.751;4.236
2023-12-31;0.000;9.603;0.750;4.236
2024-01-01;0.000;9.953;0.716;4.281
2024-01-02;0.000;10.173;0.791;4.281
2024-01-03;11.590;10.521;0.704;4.281
2024-01-04;0.000;10.680;0.747;4.281
2024-01-05;0.000;10.658;0.764;4.281
2024-01-06;0.000;9.389;0.760;4.281
2024-01-07;0.010;8.875;0.740;4.281
2024-01-08;0.000;9.711;0.744;4.281
2024-01-09;2.450;10.275;0.747;4.281
2024-01-10;2.840;10.619;0.802;4.281
2024-01-11;1.500;12.242;0.870;4.281
2024-01-12;12.090;12.471;0.832;4.281
2024-01-13;0.420;13.478;0.861;4.281
2024-01-14;0.000;13.118;0.908;4.281
2024-01-15;5.510;12.792;0.911;4.281
2024-01-16;0.000;12.968;0.886;4.281
2024-01-17;0.000;12.311;0.907;4.281
2024-01-18;6.430;11.302;0.861;4.281
2024-01-19;8.060;12.002;0.896;4.281
2024-01-20;9.200;12.996;0.887;4.281
2024-01-21;0.020;15.668;0.857;4.281
2024-01-22;0.000;18.233;0.832;4.281
2024-01-23;9.040;19.366;0.821;4.281
2024-01-24;0.000;19.471;0.881;4.281
2024-01-25;0.000;18.328;0.856;4.281
2024-01-26;0.500;16.864;0.807;4.281
2024-01-27;0.000;14.314;0.882;4.281
2024-01-28;1.310;13.811;0.821;4.281
2024-01-29;1.470;13.294;0.861;4.281
2024-01-30;0.000;11.717;0.820;4.281
2024-01-31;6.810;9.896;0.885;4.281
2024-02-01;0.000;9.165;0.856;4.377
2024-02-02;0.540;9.835;0.869;4.377
2024-02-03;2.670;10.186;0.846;4.377
2024-02-04;11.460;9.227;0.866;4.377
2024-02-05;0.000;9.225;0.916;4.377
2024-02-06;0.000;8.286;0.863;4.377
2024-02-07;0.000;7.234;0.913;4.377
2024-02-08;0.000;6.631;0.885;4.377
2024-02-09;0.000;6.223;0.914;4.377
2024-02-10;0.000;6.402;0.925;4.377
2024-02-11;0.000;6.819;0.901;4.377
2024-02-12;0.000;6.819;0.908;4.377
2024-02-13;10.250;6.714;0.899;4.377
2024-02-14;12.380;9.654;0.839;4.377
2024-02-15;0.000;10.144;0.867;4.377
2024-02-16;0.000;9.403;0.881;4.377
2024-02-17;13.870;8.257;0.890;4.377
2024-02-18;20.040;9.638;0.830;4.377
2024-02-19;2.880;12.830;0.876;4.377
2024-02-20;0.000;10.846;0.906;4.377
2024-02-21;4.880;11.736;0.884;4.377
2024-02-22;0.000;17.272;0.907;4.377
2024-02-23;2.660;20.207;0.925;4.377
2024-02-24;10.300;24.305;0.886;4.377
2024-02-25;0.610;26.353;0.876;4.377
2024-02-26;0.000;21.772;0.913;4.377
2024-02-27;0.000;17.559;0.884;4.377
2024-02-28;0.220;13.291;0.944;4.377
2024-02-29;2.620;8.927;0.954;4.377
2024-03-01;4.120;7.603;0.913;3.878
2024-03-02;0.000;7.519;0.923;3.878
2024-03-03;0.000;6.422;0.888;3.878
2024-03-04;0.000;5.679;0.917;3.878
2024-03-05;7.770;5.832;0.889;3.878
2024-03-06;7.740;11.458;0.855;3.878
2024-03-07;0.000;10.563;0.847;3.878
2024-03-08;15.840;9.115;0.871;3.878
2024-03-09;7.690;10.502;0.900;3.878
2024-03-10;3.220;11.689;0.850;3.878
2024-03-11;0.000;11.393;0.859;3.878
2024-03-12;0.000;10.685;0.819;3.878
2024-03-13;0.000;8.919;0.873;3.878
2024-03-14;0.000;7.238;0.859;3.878
2024-03-15;0.000;6.230;0.898;3.878
2024-03-16;0.000;5.657;0.903;3.878
2024-03-17;1.690;5.532;0.885;3.878
2024-03-18;0.000;6.403;0.858;3.878
2024-03-19;0.000;6.810;0.884;3.878
2024-03-20;0.000;7.373;0.901;3.878
2024-03-21;9.020;7.464;0.898;3.878
2024-03-22;0.690;7.645;0.877;3.878
2024-03-23;1.920;8.357;0.861;3.878
2024-03-24;5.430;9.283;0.767;3.878
2024-03-25;0.000;8.698;0.886;3.878
2024-03-26;6.720;7.716;0.861;3.878
2024-03-27;6.970;6.994;0.853;3.878
2024-03-28;6.210;8.064;0.751;3.878
2024-03-29;0.000;9.510;0.846;3.878
2024-03-30;0.000;9.318;0.858;3.878
2024-03-31;0.000;8.109;0.868;3.878
2024-04-01;0.000;7.167;0.885;3.104
2024-04-02;0.000;6.489;0.879;3.104
2024-04-03;0.000;6.039;1.404;3.104
2024-04-04;0.000;6.313;0.885;3.104
2024-04-05;0.000;6.477;0.850;3.104
2024-04-06;0.000;6.376;0.887;3.104
2024-04-07;0.000;7.217;0.903;3.104
2024-04-08;0.000;8.165;0.918;3.104
2024-04-09;0.010;9.194;0.921;3.104
2024-04-10;0.000;9.835;0.912;3.104
2024-04-11;0.000;10.443;0.927;3.104
2024-04-12;2.370;10.742;0.940;3.104
2024-04-13;0.030;10.389;0.932;3.104
2024-04-14;0.000;9.122;0.899;3.104
2024-04-15;0.000;7.754;0.908;3.104
2024-04-16;0.070;6.788;0.928;3.104
2024-04-17;4.280;6.293;0.917;3.104
2024-04-18;0.000;6.187;0.880;3.104
2024-04-19;0.000;5.975;0.929;3.104
2024-04-20;0.000;6.002;0.927;3.104
2024-04-21;0.000;6.891;0.938;3.104
2024-04-22;0.000;7.719;0.948;3.104
2024-04-23;0.000;8.514;0.913;3.104
2024-04-24;0.000;9.024;0.920;3.104
2024-04-25;0.000;9.368;0.889;3.104
2024-04-26;0.000;9.581;0.898;3.104
2024-04-27;0.000;9.697;0.901;3.104
2024-04-28;0.000;9.586;0.885;3.104
2024-04-29;0.000;8.754;0.912;3.104
2024-04-30;0.000;8.688;0.907;3.104
2024-05-01;0.000;9.607;0.886;1.867
2024-05-02;0.000;10.481;0.905;1.867
2024-05-03;0.000;10.917;0.898;1.867
2024-05-04;0.000;11.025;0.877;1.867
2024-05-05;0.000;11.203;0.870;1.867
2024-05-06;0.000;11.757;0.871;1.867
2024-05-07;0.000;11.828;0.882;1.867
2024-05-08;0.000;11.238;0.893;1.867
2024-05-09;0.000;10.740;0.909;1.867
2024-05-10;0.000;10.519;0.931;1.867
2024-05-11;0.000;10.391;0.922;1.867
2024-05-12;0.000;10.332;0.875;1.867
2024-05-13;0.000;10.294;0.877;1.867
2024-05-14;0.000;10.324;0.871;1.867
2024-05-15;0.000;10.371;0.873;1.867
2024-05-16;0.000;10.426;0.858;1.867
2024-05-17;0.000;10.389;0.908;1.867
2024-05-18;0.000;10.430;0.895;1.867
2024-05-19;0.000;10.468;0.864;1.867
2024-05-20;0.000;10.166;0.866;1.867
2024-05-21;0.000;10.059;0.874;1.867
2024-05-22;0.000;10.034;0.883;1.867
2024-05-23;0.000;10.079;0.902;1.867
2024-05-24;1.070;10.184;0.864;1.867
2024-05-25;1.200;10.469;0.854;1.867
2024-05-26;3.410;11.131;0.794;1.867
2024-05-27;6.420;14.296;0.800;1.867
2024-05-28;0.000;15.789;0.826;1.867
2024-05-29;0.000;15.851;0.846;1.867
2024-05-30;0.000;14.395;0.875;1.867
2024-05-31;0.000;11.391;0.851;1.867
2024-06-01;0.000;8.753;0.838;1.583
2024-06-02;0.000;7.391;0.862;1.583
2024-06-03;0.000;6.949;0.871;1.583
2024-06-04;0.000;8.012;0.794;1.583
2024-06-05;0.000;8.868;0.865;1.583
2024-06-06;0.000;9.349;0.845;1.583
2024-06-07;0.000;9.682;0.856;1.583
2024-06-08;0.000;10.141;0.885;1.583
2024-06-09;0.000;10.740;0.841;1.583
2024-06-10;0.000;11.183;0.871;1.583
2024-06-11;0.000;11.472;0.845;1.583
2024-06-12;0.000;11.611;0.856;1.583
2024-06-13;0.000;11.651;0.838;1.583
2024-06-14;0.000;11.526;0.865;1.583
2024-06-15;0.000;11.123;0.882;1.583
2024-06-16;0.000;10.664;0.883;1.583
2024-06-17;0.000;10.551;0.904;1.583
2024-06-18;0.000;10.592;0.848;1.583
2024-06-19;0.000;10.598;0.824;1.583
2024-06-20;0.000;10.607;0.812;1.583
2024-06-21;0.000;10.680;0.835;1.583
2024-06-22;0.000;10.686;0.872;1.583
2024-06-23;0.000;10.656;0.824;1.583
2024-06-24;0.000;10.666;0.833;1.583
2024-06-25;0.000;10.708;0.832;1.583
2024-06-26;0.000;10.652;0.858;1.583
2024-06-27;0.000;10.657;0.872;1.583
2024-06-28;0.000;10.644;0.853;1.583
2024-06-29;0.000;10.661;0.867;1.583
2024-06-30;0.000;10.600;0.815;1.583
2024-07-01;0.000;10.502;0.828;1.532
2024-07-02;0.000;10.467;0.821;1.532
2024-07-03;0.000;10.415;0.869;1.532
2024-07-04;0.000;10.374;0.874;1.532
2024-07-05;0.000;10.333;0.851;1.532
2024-07-06;0.000;10.330;0.821;1.532
2024-07-07;0.000;10.285;0.840;1.532
2024-07-08;0.000;10.266;0.819;1.532
2024-07-09;2.750;11.316;0.749;1.532
2024-07-10;0.220;13.129;0.807;1.532
2024-07-11;0.000;13.212;0.885;1.532
2024-07-12;0.000;12.764;0.859;1.532
2024-07-13;0.000;12.339;0.861;1.532
2024-07-14;0.000;11.902;0.848;1.532
2024-07-15;0.000;11.455;0.850;1.532
2024-07-16;0.000;11.099;0.875;1.532
2024-07-17;0.000;10.815;0.886;1.532
2024-07-18;0.000;10.707;0.873;1.532
2024-07-19;0.000;10.685;0.876;1.532
2024-07-20;0.000;10.602;0.891;1.532
2024-07-21;0.000;10.498;0.842;1.532
2024-07-22;0.000;10.388;0.840;1.532
2024-07-23;0.000;10.307;0.880;1.532
2024-07-24;0.000;10.239;0.854;1.532
2024-07-25;0.000;10.194;0.855;1.532
2024-07-26;0.000;10.200;0.877;1.532
2024-07-27;0.000;10.177;0.873;1.532
2024-07-28;0.000;10.215;0.825;1.532
2024-07-29;0.000;10.201;0.845;1.532
2024-07-30;0.000;10.289;0.740;1.532
2024-07-31;0.000;10.412;0.775;1.532
2024-08-01;0.000;10.373;0.796;1.916
2024-08-02;0.000;10.319;0.795;1.916
2024-08-03;0.000;10.192;0.806;1.916
2024-08-04;0.000;10.132;0.796;1.916
2024-08-05;0.000;10.077;0.817;1.916
2024-08-06;0.000;10.049;0.819;1.916
2024-08-07;0.000;10.023;0.785;1.916
2024-08-08;0.000;10.345;0.807;1.916
2024-08-09;2.540;10.614;0.808;1.916
2024-08-10;6.450;13.355;0.680;1.916
2024-08-11;0.000;13.766;0.782;1.916
2024-08-12;0.000;13.489;0.763;1.916
2024-08-13;0.000;12.418;0.740;1.916
2024-08-14;0.000;11.185;0.794;1.916
2024-08-15;0.000;10.288;0.796;1.916
2024-08-16;0.000;9.735;0.830;1.916
2024-08-17;0.000;9.452;0.808;1.916
2024-08-18;0.000;9.308;0.796;1.916
2024-08-19;0.000;9.395;0.793;1.916
2024-08-20;0.000;9.630;0.797;1.916
2024-08-21;0.000;9.959;0.797;1.916
2024-08-22;0.000;10.310;0.793;1.916
2024-08-23;0.000;10.540;0.800;1.916
2024-08-24;0.250;10.645;0.784;1.916
2024-08-25;0.000;10.966;0.706;1.916
2024-08-26;0.000;11.200;0.811;1.916
2024-08-27;0.000;11.417;0.782;1.916
2024-08-28;0.000;11.364;0.809;1.916
2024-08-29;0.000;11.202;0.791;1.916
2024-08-30;0.000;11.083;0.816;1.916
2024-08-31;0.000;10.988;0.800;1.916
2024-09-01;0.000;10.855;0.800;2.580
2024-09-02;0.000;10.777;0.802;2.580
2024-09-03;0.000;10.760;0.800;2.580
2024-09-04;0.000;10.639;0.834;2.580
2024-09-05;0.000;10.610;0.825;2.580
2024-09-06;0.000;10.580;0.826;2.580
2024-09-07;0.000;10.588;0.840;2.580
2024-09-08;0.000;10.637;0.807;2.580
2024-09-09;0.000;10.815;0.824;2.580
2024-09-10;0.000;10.871;0.800;2.580
2024-09-11;0.000;10.834;0.795;2.580
2024-09-12;0.000;10.776;0.821;2.580
2024-09-13;0.000;10.780;0.833;2.580
2024-09-14;0.000;10.765;0.815;2.580
2024-09-15;0.000;10.731;0.809;2.580
2024-09-16;1.390;10.730;0.802;2.580
2024-09-17;0.000;10.765;0.831;2.580
2024-09-18;0.000;10.832;0.845;2.580
2024-09-19;0.000;10.887;0.874;2.580
2024-09-20;2.350;10.921;0.835;2.580
2024-09-21;0.000;11.163;0.825;2.580
2024-09-22;0.000;11.137;0.813;2.580
2024-09-23;0.000;11.110;0.786;2.580
2024-09-24;0.000;11.017;0.796;2.580
2024-09-25;0.000;10.946;0.822;2.580
2024-09-26;0.000;10.868;0.823;2.580
2024-09-27;0.000;10.856;0.841;2.580
2024-09-28;0.000;10.798;0.826;2.580
2024-09-29;0.000;10.781;0.805;2.580
2024-09-30;0.000;10.705;0.803;2.580
2024-10-01;0.000;10.602;0.000;3.418
2024-10-02;0.000;10.464;0.000;3.418
2024-10-03;0.000;10.519;0.000;3.418
2024-10-04;0.620;11.651;0.000;3.418
2024-10-05;0.000;11.721;0.000;3.418
2024-10-06;0.000;11.650;0.000;3.418
2024-10-07;0.000;11.576;0.000;3.418
2024-10-08;0.000;11.562;0.000;3.418
2024-10-09;0.000;11.556;0.000;3.418
2024-10-10;7.550;11.530;0.000;3.418
2024-10-11;4.600;12.416;0.000;3.418
2024-10-12;0.000;12.717;0.000;3.418
2024-10-13;0.000;12.284;0.000;3.418
2024-10-14;0.000;11.336;0.000;3.418
2024-10-15;0.000;10.375;0.000;3.418
2024-10-16;1.630;9.798;0.000;3.418
2024-10-17;1.850;9.374;0.000;3.418
2024-10-18;1.740;9.055;0.000;3.418
2024-10-19;0.000;8.851;0.000;3.418
2024-10-20;0.000;9.071;0.000;3.418
2024-10-21;0.000;9.152;0.000;3.418
2024-10-22;4.810;9.194;0.000;3.418
2024-10-23;27.270;10.891;0.000;3.418
2024-10-24;19.700;14.969;0.000;3.418
2024-10-25;9.010;18.101;0.000;3.418
