Dia;Precipitacao;Vazao;Captacao;Evapotranspiracao
2015-01-01;1.600;10.341;0.000;4.281
2015-01-02;2.400;8.447;0.000;4.281
2015-01-03;0.200;7.399;0.000;4.281
2015-01-04;0.000;6.651;0.000;4.281
2015-01-05;0.000;5.918;0.000;4.281
2015-01-06;7.400;5.477;0.000;4.281
2015-01-07;3.600;5.499;0.000;4.281
2015-01-08;4.800;9.619;0.000;4.281
2015-01-09;0.000;10.160;0.000;4.281
2015-01-10;0.000;10.560;0.000;4.281
2015-01-11;0.000;9.945;0.000;4.281
2015-01-12;0.000;9.213;0.000;4.281
2015-01-13;0.000;8.090;0.000;4.281
2015-01-14;28.000;7.398;0.000;4.281
2015-01-15;0.400;8.018;0.000;4.281
2015-01-16;0.000;6.441;0.000;4.281
2015-01-17;0.000;6.035;0.000;4.281
2015-01-18;0.000;5.431;0.000;4.281
2015-01-19;0.400;4.544;0.000;4.281
2015-01-20;0.000;4.101;0.000;4.281
2015-01-21;8.400;3.591;0.000;4.281
2015-01-22;0.200;4.075;0.000;4.281
2015-01-23;2.000;4.628;0.000;4.281
2015-01-24;7.200;8.004;0.000;4.281
2015-01-25;0.000;10.128;0.000;4.281
2015-01-26;34.600;11.583;0.000;4.281
2015-01-27;0.200;29.928;0.000;4.281
2015-01-28;0.000;26.913;0.000;4.281
2015-01-29;0.000;20.010;0.000;4.281
2015-01-30;0.000;13.613;0.000;4.281
2015-01-31;15.800;11.150;0.000;4.281
2015-02-01;0.000;9.359;0.000;4.377
2015-02-02;0.800;8.321;0.000;4.377
2015-02-03;0.000;10.997;0.000;4.377
2015-02-04;4.000;18.052;0.000;4.377
2015-02-05;49.800;16.759;0.000;4.377
2015-02-06;13.400;20.718;0.000;4.377
2015-02-07;0.000;19.937;0.000;4.377
2015-02-08;0.000;16.843;0.000;4.377
2015-02-09;23.400;13.663;0.000;4.377
2015-02-10;36.200;19.732;0.000;4.377
2015-02-11;0.000;16.467;0.000;4.377
2015-02-12;0.000;18.023;0.000;4.377
2015-02-13;0.000;17.256;0.000;4.377
2015-02-14;0.000;15.614;0.000;4.377
2015-02-15;33.400;14.435;0.000;4.377
2015-02-16;20.600;20.551;0.000;4.377
2015-02-17;58.400;33.270;0.000;4.377
2015-02-18;21.200;40.010;0.000;4.377
2015-02-19;5.400;40.650;0.000;4.377
2015-02-20;0.600;38.112;0.000;4.377
2015-02-21;0.000;33.554;0.000;4.377
2015-02-22;0.000;29.023;0.000;4.377
2015-02-23;0.000;23.419;0.000;4.377
2015-02-24;2.000;18.291;0.000;4.377
2015-02-25;8.800;14.627;0.000;4.377
2015-02-26;0.000;15.390;0.000;4.377
2015-02-27;20.200;18.033;0.000;4.377
2015-02-28;2.400;18.641;0.000;4.377
2015-03-01;0.000;18.002;0.000;3.878
2015-03-02;0.000;16.467;0.000;3.878
2015-03-03;0.000;14.253;0.000;3.878
2015-03-04;0.000;12.514;0.000;3.878
2015-03-05;13.000;11.241;0.000;3.878
2015-03-06;13.000;11.416;0.000;3.878
2015-03-07;41.200;14.670;0.000;3.878
2015-03-08;1.400;31.088;0.000;3.878
2015-03-09;4.800;25.522;0.000;3.878
2015-03-10;19.400;26.338;0.000;3.878
2015-03-11;9.800;36.085;0.000;3.878
2015-03-12;5.600;39.854;0.000;3.878
2015-03-13;0.400;36.741;0.000;3.878
2015-03-14;0.600;31.410;0.000;3.878
2015-03-15;44.200;29.585;0.000;3.878
2015-03-16;13.600;49.277;0.000;3.878
2015-03-17;0.400;45.026;0.000;3.878
2015-03-18;3.000;44.659;0.000;3.878
2015-03-19;0.400;37.720;0.000;3.878
2015-03-20;2.600;37.810;0.000;3.878
2015-03-21;8.800;41.646;0.000;3.878
2015-03-22;1.200;35.751;0.000;3.878
2015-03-23;0.000;33.417;0.000;3.878
2015-03-24;0.000;28.754;0.000;3.878
2015-03-25;0.000;24.701;0.000;3.878
2015-03-26;0.000;22.209;0.000;3.878
2015-03-27;0.000;20.750;0.000;3.878
2015-03-28;4.000;19.243;0.000;3.878
2015-03-29;2.400;18.724;0.000;3.878
2015-03-30;1.000;18.986;0.000;3.878
2015-03-31;0.000;18.761;0.000;3.878
2015-04-01;0.200;17.948;0.000;3.104
2015-04-02;0.000;17.347;0.000;3.104
2015-04-03;0.000;16.599;0.000;3.104
2015-04-04;0.000;16.020;0.000;3.104
2015-04-05;14.000;15.524;0.000;3.104
2015-04-06;0.000;16.518;0.000;3.104
2015-04-07;0.200;15.868;0.000;3.104
2015-04-08;0.000;14.939;0.000;3.104
2015-04-09;0.000;14.724;0.000;3.104
2015-04-10;0.000;14.378;0.000;3.104
2015-04-11;0.000;13.950;0.000;3.104
2015-04-12;0.000;13.397;0.000;3.104
2015-04-13;0.000;13.204;0.000;3.104
2015-04-14;0.000;9.184;0.000;3.104
2015-04-15;9.800;6.327;0.000;3.104
2015-04-16;0.200;6.289;0.000;3.104
2015-04-17;0.000;7.259;0.000;3.104
2015-04-18;0.000;6.331;0.000;3.104
2015-04-19;13.000;5.776;0.000;3.104
2015-04-20;0.000;5.543;0.000;3.104
2015-04-21;4.400;5.917;0.000;3.104
2015-04-22;0.600;6.576;0.000;3.104
2015-04-23;0.000;7.182;0.000;3.104
2015-04-24;0.000;7.553;0.000;3.104
2015-04-25;0.000;6.991;0.000;3.104
2015-04-26;0.000;6.497;0.000;3.104
2015-04-27;0.000;6.092;0.000;3.104
2015-04-28;0.000;5.838;0.000;3.104
2015-04-29;0.000;5.719;0.000;3.104
2015-04-30;0.000;5.405;0.000;3.104
2015-05-01;0.000;4.905;0.000;1.867
2015-05-02;0.000;4.516;0.000;1.867
2015-05-03;0.000;4.300;0.000;1.867
2015-05-04;9.000;4.442;0.000;1.867
2015-05-05;0.000;5.021;0.000;1.867
2015-05-06;0.000;5.472;0.000;1.867
2015-05-07;0.000;5.737;0.000;1.867
2015-05-08;0.000;5.776;0.000;1.867
2015-05-09;0.000;5.640;0.000;1.867
2015-05-10;23.400;5.371;0.000;1.867
2015-05-11;0.200;8.921;0.000;1.867
2015-05-12;0.000;11.350;0.000;1.867
2015-05-13;0.000;10.406;0.000;1.867
2015-05-14;0.000;9.090;0.000;1.867
2015-05-15;0.000;8.032;0.000;1.867
2015-05-16;0.000;7.162;0.000;1.867
2015-05-17;0.200;6.251;0.000;1.867
2015-05-18;0.600;5.795;0.000;1.867
2015-05-19;0.000;5.811;0.000;1.867
2015-05-20;1.200;6.368;0.000;1.867
2015-05-21;0.200;6.440;0.000;1.867
2015-05-22;0.000;6.079;0.000;1.867
2015-05-23;0.000;5.859;0.000;1.867
2015-05-24;0.200;5.366;0.000;1.867
2015-05-25;0.200;5.176;0.000;1.867
2015-05-26;0.000;5.381;0.000;1.867
2015-05-27;1.000;5.540;0.000;1.867
2015-05-28;3.200;5.630;0.000;1.867
2015-05-29;2.600;6.551;0.000;1.867
2015-05-30;5.400;7.188;0.000;1.867
2015-05-31;18.000;9.524;0.000;1.867
2015-06-01;0.200;11.603;0.000;1.583
2015-06-02;0.200;12.773;0.000;1.583
2015-06-03;0.200;11.523;0.000;1.583
2015-06-04;0.000;10.368;0.000;1.583
2015-06-05;0.200;8.526;0.000;1.583
2015-06-06;0.200;7.454;0.000;1.583
2015-06-07;0.000;6.474;0.000;1.583
2015-06-08;0.200;6.008;0.000;1.583
2015-06-09;0.400;5.679;0.000;1.583
2015-06-10;0.000;5.452;0.000;1.583
2015-06-11;0.000;5.266;0.000;1.583
2015-06-12;0.000;5.128;0.000;1.583
2015-06-13;0.000;5.160;0.000;1.583
2015-06-14;0.000;5.051;0.000;1.583
2015-06-15;6.400;5.181;0.000;1.583
2015-06-16;0.000;6.100;0.000;1.583
2015-06-17;0.000;6.623;0.000;1.583
2015-06-18;15.400;6.844;0.000;1.583
2015-06-19;0.000;7.334;0.000;1.583
2015-06-20;0.000;7.518;0.000;1.583
2015-06-21;0.000;7.370;0.000;1.583
2015-06-22;0.200;7.249;0.000;1.583
2015-06-23;0.400;7.112;0.000;1.583
2015-06-24;0.400;6.463;0.000;1.583
2015-06-25;0.000;6.002;0.000;1.583
2015-06-26;0.000;5.686;0.000;1.583
2015-06-27;0.000;5.411;0.000;1.583
2015-06-28;0.000;4.977;0.000;1.583
2015-06-29;0.200;4.926;0.000;1.583
2015-06-30;0.400;5.182;0.000;1.583
2015-07-01;1.600;5.415;0.000;1.532
2015-07-02;0.800;5.400;0.000;1.532
2015-07-03;3.200;5.589;0.000;1.532
2015-07-04;1.800;6.255;0.000;1.532
2015-07-05;0.000;7.049;0.000;1.532
2015-07-06;0.000;7.477;0.000;1.532
2015-07-07;3.000;7.527;0.000;1.532
2015-07-08;3.600;7.792;0.000;1.532
2015-07-09;0.000;7.822;0.000;1.532
2015-07-10;0.000;7.450;0.000;1.532
2015-07-11;1.400;6.960;0.000;1.532
2015-07-12;0.200;6.395;0.000;1.532
2015-07-13;0.000;5.910;0.000;1.532
2015-07-14;0.000;5.675;0.000;1.532
2015-07-15;0.000;5.370;0.000;1.532
2015-07-16;0.000;5.071;0.000;1.532
2015-07-17;0.000;4.783;0.000;1.532
2015-07-18;0.000;4.636;0.000;1.532
2015-07-19;0.000;4.489;0.000;1.532
2015-07-20;0.000;4.583;0.000;1.532
2015-07-21;0.400;4.874;0.000;1.532
2015-07-22;0.000;6.022;0.000;1.532
2015-07-23;0.000;6.111;0.000;1.532
2015-07-24;2.200;5.847;0.000;1.532
2015-07-25;13.200;7.784;0.000;1.532
2015-07-26;0.200;9.318;0.000;1.532
2015-07-27;0.200;10.492;0.000;1.532
2015-07-28;0.000;9.542;0.000;1.532
2015-07-29;0.000;8.577;0.000;1.532
2015-07-30;0.000;8.064;0.000;1.532
2015-07-31;0.000;6.434;0.000;1.532
2015-08-01;0.000;5.572;0.000;1.916
2015-08-02;0.000;5.352;0.000;1.916
2015-08-03;0.000;4.614;0.000;1.916
2015-08-04;0.000;4.540;0.000;1.916
2015-08-05;0.000;4.607;0.000;1.916
2015-08-06;0.400;5.332;0.000;1.916
2015-08-07;0.000;5.672;0.000;1.916
2015-08-08;0.000;5.876;0.000;1.916
2015-08-09;0.000;5.446;0.000;1.916
2015-08-10;0.000;5.476;0.000;1.916
2015-08-11;0.000;5.787;0.000;1.916
2015-08-12;0.000;6.604;0.000;1.916
2015-08-13;0.000;6.887;0.000;1.916
2015-08-14;0.000;6.137;0.000;1.916
2015-08-15;0.000;5.496;0.000;1.916
2015-08-16;0.000;5.339;0.000;1.916
2015-08-17;0.000;5.103;0.000;1.916
2015-08-18;0.000;4.975;0.000;1.916
2015-08-19;0.000;4.624;0.000;1.916
2015-08-20;0.400;4.590;0.000;1.916
2015-08-21;0.000;4.810;0.000;1.916
2015-08-22;0.000;5.114;0.000;1.916
2015-08-23;0.000;4.802;0.000;1.916
2015-08-24;8.600;4.701;0.000;1.916
2015-08-25;11.800;6.153;0.000;1.916
2015-08-26;0.000;6.718;0.000;1.916
2015-08-27;11.000;8.204;0.000;1.916
2015-08-28;0.200;10.315;0.000;1.916
2015-08-29;0.000;9.790;0.000;1.916
2015-08-30;0.000;8.053;0.000;1.916
2015-08-31;0.000;6.857;0.000;1.916
2015-09-01;0.000;5.935;0.000;2.580
2015-09-02;0.000;5.306;0.000;2.580
2015-09-03;0.400;4.538;0.000;2.580
2015-09-04;0.800;3.935;0.000;2.580
2015-09-05;0.000;4.338;0.000;2.580
2015-09-06;0.200;4.187;0.000;2.580
2015-09-07;6.400;4.513;0.000;2.580
2015-09-08;69.800;9.889;0.000;2.580
2015-09-09;0.200;36.747;0.000;2.580
2015-09-10;9.000;37.951;0.000;2.580
2015-09-11;38.600;37.885;0.000;2.580
2015-09-12;1.400;43.460;0.000;2.580
2015-09-13;0.400;39.585;0.000;2.580
2015-09-14;0.000;29.560;0.000;2.580
2015-09-15;0.000;21.993;0.000;2.580
2015-09-16;0.000;15.969;0.000;2.580
2015-09-17;0.000;13.395;0.000;2.580
2015-09-18;0.000;11.059;0.000;2.580
2015-09-19;0.000;9.219;0.000;2.580
2015-09-20;0.000;7.967;0.000;2.580
2015-09-21;0.000;7.253;0.000;2.580
2015-09-22;0.400;6.662;0.000;2.580
2015-09-23;0.000;6.161;0.000;2.580
2015-09-24;0.000;5.736;0.000;2.580
2015-09-25;6.800;5.443;0.000;2.580
2015-09-26;13.200;7.137;0.000;2.580
2015-09-27;0.200;9.611;0.000;2.580
2015-09-28;15.400;14.337;0.000;2.580
2015-09-29;0.800;14.348;0.000;2.580
2015-09-30;11.000;13.398;0.000;2.580
2015-10-01;0.200;13.131;0.000;3.418
2015-10-02;0.000;17.528;0.000;3.418
2015-10-03;8.400;17.503;0.000;3.418
2015-10-04;0.000;13.856;0.000;3.418
2015-10-05;0.000;11.479;0.000;3.418
2015-10-06;0.400;10.984;0.000;3.418
2015-10-07;0.000;9.715;0.000;3.418
2015-10-08;0.000;8.543;0.000;3.418
2015-10-09;0.000;7.631;0.000;3.418
2015-10-10;1.000;6.994;0.000;3.418
2015-10-11;0.000;6.542;0.000;3.418
2015-10-12;0.000;6.178;0.000;3.418
2015-10-13;0.000;5.893;0.000;3.418
2015-10-14;0.000;5.827;0.000;3.418
2015-10-15;0.000;7.159;0.000;3.418
2015-10-16;0.000;6.420;0.000;3.418
2015-10-17;0.000;5.937;0.000;3.418
2015-10-18;0.000;6.056;0.000;3.418
2015-10-19;0.000;6.481;0.000;3.418
2015-10-20;0.000;6.660;0.000;3.418
2015-10-21;6.200;6.984;0.000;3.418
2015-10-22;12.200;7.917;0.000;3.418
2015-10-23;0.200;10.081;0.000;3.418
2015-10-24;0.000;10.090;0.000;3.418
2015-10-25;0.000;9.188;0.000;3.418
2015-10-26;39.200;8.554;0.000;3.418
2015-10-27;0.200;10.533;0.000;3.418
2015-10-28;0.000;17.191;0.000;3.418
2015-10-29;0.000;14.351;0.000;3.418
2015-10-30;0.000;10.791;0.000;3.418
2015-10-31;15.400;9.643;0.000;3.418
2015-11-01;14.200;9.386;0.000;3.717
2015-11-02;17.800;11.396;0.000;3.717
2015-11-03;2.200;12.441;0.000;3.717
2015-11-04;30.200;15.154;0.000;3.717
2015-11-05;0.600;30.102;0.000;3.717
2015-11-06;0.800;41.204;0.000;3.717
2015-11-07;0.000;33.279;0.000;3.717
2015-11-08;1.200;21.438;0.000;3.717
2015-11-09;0.800;18.550;0.000;3.717
2015-11-10;0.000;14.604;0.000;3.717
2015-11-11;0.000;11.335;0.000;3.717
2015-11-12;0.000;9.718;0.000;3.717
2015-11-13;12.200;8.690;0.000;3.717
2015-11-14;8.200;9.059;0.000;3.717
2015-11-15;4.000;12.153;0.000;3.717
2015-11-16;0.000;9.796;0.000;3.717
2015-11-17;3.400;9.090;0.000;3.717
2015-11-18;0.200;26.964;0.000;3.717
2015-11-19;8.000;21.044;0.000;3.717
2015-11-20;16.600;20.044;0.000;3.717
2015-11-21;0.800;16.428;0.000;3.717
2015-11-22;0.000;16.753;0.000;3.717
2015-11-23;15.600;22.148;0.000;3.717
2015-11-24;1.200;39.439;0.000;3.717
2015-11-25;0.600;30.854;0.000;3.717
2015-11-26;0.000;19.624;0.000;3.717
2015-11-27;0.000;16.077;0.000;3.717
2015-11-28;15.400;14.251;0.000;3.717
2015-11-29;11.200;15.021;0.000;3.717
2015-11-30;0.200;18.535;0.000;3.717
2015-12-01;0.600;21.840;0.000;4.236
2015-12-02;5.800;16.805;0.000;4.236
2015-12-03;0.800;15.224;0.000;4.236
2015-12-04;0.200;14.433;0.000;4.236
2015-12-05;8.600;18.571;0.000;4.236
2015-12-06;52.800;18.832;0.000;4.236
2015-12-07;22.000;55.386;0.000;4.236
2015-12-08;0.000;63.147;0.000;4.236
2015-12-09;0.000;53.976;0.000;4.236
2015-12-10;13.200;39.982;0.000;4.236
2015-12-11;0.000;34.433;0.000;4.236
2015-12-12;15.400;30.043;0.000;4.236
2015-12-13;14.200;26.607;0.000;4.236
2015-12-14;17.600;23.469;0.000;4.236
2015-12-15;1.200;25.187;0.000;4.236
2015-12-16;0.600;21.496;0.000;4.236
2015-12-17;0.000;18.780;0.000;4.236
2015-12-18;0.000;16.080;0.000;4.236
2015-12-19;36.600;15.952;0.000;4.236
2015-12-20;0.000;26.688;0.000;4.236
2015-12-21;0.000;32.405;0.000;4.236
2015-12-22;0.400;27.324;0.000;4.236
2015-12-23;0.000;20.663;0.000;4.236
2015-12-24;0.000;16.691;0.000;4.236
2015-12-25;17.200;19.943;0.000;4.236
2015-12-26;0.200;26.520;0.000;4.236
2015-12-27;12.000;26.877;0.000;4.236
2015-12-28;27.200;23.371;0.000;4.236
2015-12-29;19.200;23.391;0.000;4.236
2015-12-30;12.000;23.831;0.000;4.236
2015-12-31;32.600;26.414;0.000;4.236
2016-01-01;0.600;35.573;0.000;4.281
2016-01-02;24.000;37.260;0.000;4.281
2016-01-03;0.000;26.311;0.000;4.281
2016-01-04;0.000;23.561;0.000;4.281
2016-01-05;0.000;22.412;0.000;4.281
2016-01-06;0.400;20.428;0.000;4.281
2016-01-07;0.000;17.833;0.000;4.281
2016-01-08;0.800;13.810;0.000;4.281
2016-01-09;15.200;12.470;0.000;4.281
2016-01-10;9.200;15.533;0.000;4.281
2016-01-11;13.200;20.680;0.000;4.281
2016-01-12;65.200;41.245;0.000;4.281
2016-01-13;1.600;64.127;0.000;4.281
2016-01-14;59.600;69.880;0.000;4.281
2016-01-15;22.600;75.562;0.000;4.281
2016-01-16;0.000;82.851;0.000;4.281
2016-01-17;0.000;77.132;0.000;4.281
2016-01-18;0.000;68.358;0.000;4.281
2016-01-19;0.000;60.228;0.000;4.281
2016-01-20;0.000;55.577;0.000;4.281
2016-01-21;0.200;44.707;0.000;4.281
2016-01-22;0.000;31.909;0.000;4.281
2016-01-23;0.000;25.134;0.000;4.281
2016-01-24;0.000;19.892;0.000;4.281
2016-01-25;6.600;22.441;0.000;4.281
2016-01-26;0.000;28.057;0.000;4.281
2016-01-27;14.600;23.988;0.000;4.281
2016-01-28;0.000;58.997;0.000;4.281
2016-01-29;0.400;69.812;0.000;4.281
2016-01-30;0.200;46.804;0.000;4.281
2016-01-31;0.000;35.779;0.000;4.281
2016-02-01;0.000;27.378;0.000;4.377
2016-02-02;0.200;18.561;0.000;4.377
2016-02-03;0.000;17.628;0.000;4.377
2016-02-04;0.000;15.817;0.000;4.377
2016-02-05;0.000;14.645;0.000;4.377
2016-02-06;53.800;15.187;0.000;4.377
2016-02-07;64.400;30.279;0.000;4.377
2016-02-08;0.200;41.486;0.000;4.377
2016-02-09;0.000;35.064;0.000;4.377
2016-02-10;3.200;28.037;0.000;4.377
2016-02-11;1.600;23.713;0.000;4.377
2016-02-12;0.000;21.510;0.000;4.377
2016-02-13;0.000;22.388;0.000;4.377
2016-02-14;0.000;18.995;0.000;4.377
2016-02-15;19.200;15.954;0.000;4.377
2016-02-16;11.800;21.571;0.000;4.377
2016-02-17;2.000;30.025;0.000;4.377
2016-02-18;0.400;32.265;0.000;4.377
2016-02-19;45.600;29.660;0.000;4.377
2016-02-20;0.400;53.717;0.000;4.377
2016-02-21;35.000;41.577;0.000;4.377
2016-02-22;15.200;64.917;0.000;4.377
2016-02-23;2.600;72.048;0.000;4.377
2016-02-24;19.400;64.739;0.000;4.377
2016-02-25;0.000;59.555;0.000;4.377
2016-02-26;7.000;58.453;0.000;4.377
2016-02-27;30.000;56.743;0.000;4.377
2016-02-28;34.600;61.003;0.000;4.377
2016-02-29;1.400;58.631;0.000;4.377
2016-03-01;23.400;58.158;0.000;3.878
2016-03-02;22.600;70.144;0.000;3.878
2016-03-03;15.200;87.777;0.000;3.878
2016-03-04;2.000;83.007;0.000;3.878
2016-03-05;0.000;76.906;0.000;3.878
2016-03-06;1.600;71.207;0.000;3.878
2016-03-07;1.200;64.452;0.000;3.878
2016-03-08;3.800;81.460;0.000;3.878
2016-03-09;0.200;82.632;0.000;3.878
2016-03-10;93.800;82.479;0.000;3.878
2016-03-11;13.000;160.228;0.000;3.878
2016-03-12;0.200;155.925;0.000;3.878
2016-03-13;0.000;131.381;0.000;3.878
2016-03-14;0.000;103.522;0.000;3.878
2016-03-15;10.200;83.760;0.000;3.878
2016-03-16;1.200;60.590;0.000;3.878
2016-03-17;2.600;48.326;0.000;3.878
2016-03-18;0.000;47.515;0.000;3.878
2016-03-19;0.000;38.356;0.000;3.878
2016-03-20;0.000;29.065;0.000;3.878
2016-03-21;0.200;29.908;0.000;3.878
2016-03-22;0.400;28.105;0.000;3.878
2016-03-23;44.000;28.285;0.000;3.878
2016-03-24;0.400;31.047;0.000;3.878
2016-03-25;5.200;42.387;0.000;3.878
2016-03-26;0.200;42.244;0.000;3.878
2016-03-27;0.000;38.650;0.000;3.878
2016-03-28;0.000;28.826;0.000;3.878
2016-03-29;0.000;25.559;0.000;3.878
2016-03-30;0.000;24.651;0.000;3.878
2016-03-31;0.400;23.429;0.000;3.878
2016-04-01;5.200;22.819;0.000;3.104
2016-04-02;0.000;21.654;0.000;3.104
2016-04-03;0.200;21.131;0.000;3.104
2016-04-04;0.000;20.058;0.000;3.104
2016-04-05;0.200;18.807;0.000;3.104
2016-04-06;0.000;18.292;0.000;3.104
2016-04-07;0.000;17.159;0.000;3.104
2016-04-08;0.000;16.778;0.000;3.104
2016-04-09;0.000;16.237;0.000;3.104
2016-04-10;0.000;15.794;0.000;3.104
2016-04-11;0.000;15.618;0.000;3.104
2016-04-12;0.000;15.184;0.000;3.104
2016-04-13;0.000;14.783;0.000;3.104
2016-04-14;0.000;14.492;0.000;3.104
2016-04-15;0.000;13.970;0.000;3.104
2016-04-16;0.000;14.173;0.000;3.104
2016-04-17;0.000;13.676;0.000;3.104
2016-04-18;0.000;12.956;0.000;3.104
2016-04-19;0.200;12.599;0.000;3.104
2016-04-20;0.000;12.312;0.000;3.104
2016-04-21;0.000;12.068;0.000;3.104
2016-04-22;0.000;11.989;0.000;3.104
2016-04-23;0.000;12.231;0.000;3.104
2016-04-24;0.000;11.787;0.000;3.104
2016-04-25;0.000;11.716;0.000;3.104
2016-04-26;1.800;11.457;0.000;3.104
2016-04-27;3.800;11.565;0.000;3.104
2016-04-28;0.000;11.756;0.000;3.104
2016-04-29;0.000;12.007;0.000;3.104
2016-04-30;0.200;12.045;0.000;3.104
2016-05-01;0.200;11.981;0.000;1.867
2016-05-02;0.000;11.695;0.000;1.867
2016-05-03;0.000;11.618;0.000;1.867
2016-05-04;0.000;11.257;0.000;1.867
2016-05-05;0.000;11.241;0.000;1.867
2016-05-06;0.200;11.203;0.000;1.867
2016-05-07;0.000;11.084;0.000;1.867
2016-05-08;0.000;11.154;0.000;1.867
2016-05-09;0.000;11.259;0.000;1.867
2016-05-10;0.000;11.254;0.000;1.867
2016-05-11;0.000;11.195;0.000;1.867
2016-05-12;0.000;11.041;0.000;1.867
2016-05-13;0.000;11.022;0.000;1.867
2016-05-14;0.000;11.262;0.000;1.867
2016-05-15;0.000;10.032;0.000;1.867
2016-05-16;1.800;10.573;0.000;1.867
2016-05-17;0.000;10.575;0.000;1.867
2016-05-18;9.600;11.272;0.000;1.867
2016-05-19;6.400;14.781;0.000;1.867
2016-05-20;0.200;18.568;0.000;1.867
2016-05-21;35.200;25.426;0.000;1.867
2016-05-22;5.600;33.804;0.000;1.867
2016-05-23;14.600;36.368;0.000;1.867
2016-05-24;0.000;40.378;0.000;1.867
2016-05-25;0.000;32.140;0.000;1.867
2016-05-26;0.000;25.128;0.000;1.867
2016-05-27;0.000;20.601;0.000;1.867
2016-05-28;0.000;17.638;0.000;1.867
2016-05-29;0.000;15.903;0.000;1.867
2016-05-30;10.200;15.316;0.000;1.867
2016-05-31;10.800;17.780;0.000;1.867
2016-06-01;11.400;18.646;0.000;1.583
2016-06-02;37.800;32.318;0.000;1.583
2016-06-03;27.000;47.314;0.000;1.583
2016-06-04;5.200;57.991;0.000;1.583
2016-06-05;59.400;72.559;0.000;1.583
2016-06-06;43.600;96.935;0.000;1.583
2016-06-07;15.800;137.820;0.000;1.583
2016-06-08;0.200;141.513;0.000;1.583
2016-06-09;0.200;127.244;0.000;1.583
2016-06-10;0.200;106.359;0.000;1.583
2016-06-11;0.200;87.046;0.000;1.583
2016-06-12;0.200;70.050;0.000;1.583
2016-06-13;0.000;47.461;0.000;1.583
2016-06-14;0.000;36.181;0.000;1.583
2016-06-15;0.000;32.834;0.000;1.583
2016-06-16;0.200;30.585;0.000;1.583
2016-06-17;0.200;28.493;0.000;1.583
2016-06-18;0.000;25.909;0.000;1.583
2016-06-19;0.000;25.199;0.000;1.583
2016-06-20;0.000;24.558;0.000;1.583
2016-06-21;0.200;23.400;0.000;1.583
2016-06-22;0.000;22.324;0.000;1.583
2016-06-23;0.000;21.649;0.000;1.583
2016-06-24;0.000;21.122;0.000;1.583
2016-06-25;0.000;20.629;0.000;1.583
2016-06-26;0.000;20.098;0.000;1.583
2016-06-27;0.000;19.596;0.000;1.583
2016-06-28;0.200;18.916;0.000;1.583
2016-06-29;0.000;18.488;0.000;1.583
2016-06-30;0.000;18.222;0.000;1.583
2016-07-01;0.200;18.054;0.000;1.532
2016-07-02;0.000;17.782;0.000;1.532
2016-07-03;0.000;17.484;0.000;1.532
2016-07-04;0.000;17.338;0.000;1.532
2016-07-05;0.200;16.604;0.000;1.532
2016-07-06;0.200;15.950;0.000;1.532
2016-07-07;0.000;16.211;0.000;1.532
2016-07-08;0.000;15.698;0.000;1.532
2016-07-09;0.000;15.260;0.000;1.532
2016-07-10;0.200;14.843;0.000;1.532
2016-07-11;0.000;14.924;0.000;1.532
2016-07-12;0.000;14.667;0.000;1.532
2016-07-13;0.200;14.530;0.000;1.532
2016-07-14;0.000;14.273;0.000;1.532
2016-07-15;0.000;13.956;0.000;1.532
2016-07-16;1.800;13.815;0.000;1.532
2016-07-17;0.000;14.103;0.000;1.532
2016-07-18;0.200;14.372;0.000;1.532
2016-07-19;0.000;14.128;0.000;1.532
2016-07-20;0.000;13.903;0.000;1.532
2016-07-21;0.000;13.715;0.000;1.532
2016-07-22;0.000;13.625;0.000;1.532
2016-07-23;0.000;13.533;0.000;1.532
2016-07-24;0.000;13.374;0.000;1.532
2016-07-25;0.000;13.369;0.000;1.532
2016-07-26;0.000;13.145;0.000;1.532
2016-07-27;0.000;12.865;0.000;1.532
2016-07-28;0.000;12.588;0.000;1.532
2016-07-29;0.000;12.480;0.000;1.532
2016-07-30;0.000;12.203;0.000;1.532
2016-07-31;0.000;12.027;0.000;1.532
2016-08-01;0.000;12.086;0.000;1.916
2016-08-02;0.200;11.875;0.000;1.916
2016-08-03;0.000;11.630;0.000;1.916
2016-08-04;0.000;11.646;0.000;1.916
2016-08-05;0.000;11.706;0.000;1.916
2016-08-06;0.000;11.346;0.000;1.916
2016-08-07;0.000;11.151;0.000;1.916
2016-08-08;0.000;10.920;0.000;1.916
2016-08-09;0.000;10.640;0.000;1.916
2016-08-10;0.000;10.440;0.000;1.916
2016-08-11;0.000;10.469;0.000;1.916
2016-08-12;0.000;10.417;0.000;1.916
2016-08-13;0.000;10.462;0.000;1.916
2016-08-14;0.000;10.407;0.000;1.916
2016-08-15;3.200;10.144;0.000;1.916
2016-08-16;0.200;10.255;0.000;1.916
2016-08-17;0.000;10.715;0.000;1.916
2016-08-18;2.000;10.872;0.000;1.916
2016-08-19;0.000;11.132;0.000;1.916
2016-08-20;9.200;11.279;0.000;1.916
2016-08-21;28.600;20.302;0.000;1.916
2016-08-22;0.000;30.348;0.000;1.916
2016-08-23;0.000;28.658;0.000;1.916
2016-08-24;0.000;21.911;0.000;1.916
2016-08-25;0.000;17.564;0.000;1.916
2016-08-26;0.200;14.862;0.000;1.916
2016-08-27;0.000;13.133;0.000;1.916
2016-08-28;0.000;12.263;0.000;1.916
2016-08-29;0.000;11.485;0.000;1.916
2016-08-30;0.000;11.156;0.000;1.916
2016-08-31;15.600;12.025;0.000;1.916
2016-09-01;0.400;13.186;0.000;2.580
2016-09-02;0.000;13.942;0.000;2.580
2016-09-03;0.000;13.272;0.000;2.580
2016-09-04;0.400;12.652;0.000;2.580
2016-09-05;0.000;12.108;0.000;2.580
2016-09-06;21.600;14.018;0.000;2.580
2016-09-07;2.400;16.002;0.000;2.580
2016-09-08;0.200;16.358;0.000;2.580
2016-09-09;0.000;15.042;0.000;2.580
2016-09-10;0.000;13.767;0.000;2.580
2016-09-11;0.000;12.661;0.000;2.580
2016-09-12;0.000;11.761;0.000;2.580
2016-09-13;0.000;11.294;0.000;2.580
2016-09-14;0.200;10.450;0.000;2.580
2016-09-15;0.000;10.033;0.000;2.580
2016-09-16;0.000;9.678;0.000;2.580
2016-09-17;0.000;9.371;0.000;2.580
2016-09-18;4.000;9.029;0.000;2.580
2016-09-19;0.000;10.569;0.000;2.580
2016-09-20;0.000;10.474;0.000;2.580
2016-09-21;0.000;10.456;0.000;2.580
2016-09-22;0.000;10.310;0.000;2.580
2016-09-23;0.000;10.156;0.000;2.580
2016-09-24;0.000;9.656;0.000;2.580
2016-09-25;0.000;9.299;0.000;2.580
2016-09-26;0.000;9.156;0.000;2.580
2016-09-27;0.000;9.252;0.000;2.580
2016-09-28;0.000;8.495;0.000;2.580
2016-09-29;0.000;8.592;0.000;2.580
2016-09-30;0.000;8.496;0.000;2.580
2016-10-01;0.000;8.548;0.000;3.418
2016-10-02;0.000;8.691;0.000;3.418
2016-10-03;32.400;10.743;0.000;3.418
2016-10-04;1.000;16.655;0.000;3.418
2016-10-05;0.400;17.142;0.000;3.418
2016-10-06;0.000;15.017;0.000;3.418
2016-10-07;0.000;13.579;0.000;3.418
2016-10-08;0.000;12.322;0.000;3.418
2016-10-09;0.000;11.356;0.000;3.418
2016-10-10;0.000;10.617;0.000;3.418
2016-10-11;0.000;9.761;0.000;3.418
2016-10-12;0.200;9.455;0.000;3.418
2016-10-13;24.600;9.748;0.000;3.418
2016-10-14;6.400;17.545;0.000;3.418
2016-10-15;0.200;21.025;0.000;3.418
2016-10-16;0.000;24.703;0.000;3.418
2016-10-17;0.000;26.260;0.000;3.418
2016-10-18;0.000;26.107;0.000;3.418
2016-10-19;0.000;28.442;0.000;3.418
2016-10-20;0.000;16.168;0.000;3.418
2016-10-21;1.000;13.209;0.000;3.418
2016-10-22;0.000;10.172;0.000;3.418
2016-10-23;5.800;9.535;0.000;3.418
2016-10-24;39.000;10.746;0.000;3.418
2016-10-25;29.000;34.309;0.000;3.418
2016-10-26;3.600;48.091;0.000;3.418
2016-10-27;4.400;38.269;0.000;3.418
2016-10-28;0.000;30.048;0.000;3.418
2016-10-29;0.000;26.610;0.000;3.418
2016-10-30;0.000;22.917;0.000;3.418
2016-10-31;0.000;16.296;0.000;3.418
2016-11-01;0.000;14.455;0.000;3.717
2016-11-02;6.000;14.323;0.000;3.717
2016-11-03;27.600;15.695;0.000;3.717
2016-11-04;0.800;18.475;0.000;3.717
2016-11-05;0.000;15.485;0.000;3.717
2016-11-06;6.000;14.106;0.000;3.717
2016-11-07;0.000;13.949;0.000;3.717
2016-11-08;0.000;13.756;0.000;3.717
2016-11-09;59.800;14.520;0.000;3.717
2016-11-10;2.000;22.203;0.000;3.717
2016-11-11;10.600;24.865;0.000;3.717
2016-11-12;0.000;23.375;0.000;3.717
2016-11-13;10.800;36.216;0.000;3.717
2016-11-14;12.800;39.487;0.000;3.717
2016-11-15;0.000;31.874;0.000;3.717
2016-11-16;2.600;29.267;0.000;3.717
2016-11-17;2.200;27.403;0.000;3.717
2016-11-18;0.200;25.277;0.000;3.717
2016-11-19;0.000;25.064;0.000;3.717
2016-11-20;0.000;17.895;0.000;3.717
2016-11-21;0.000;16.373;0.000;3.717
2016-11-22;0.000;15.188;0.000;3.717
2016-11-23;0.600;14.753;0.000;3.717
2016-11-24;0.000;14.750;0.000;3.717
2016-11-25;0.000;13.968;0.000;3.717
2016-11-26;0.800;12.944;0.000;3.717
2016-11-27;0.400;12.688;0.000;3.717
2016-11-28;0.000;12.086;0.000;3.717
2016-11-29;1.000;24.993;0.000;3.717
2016-11-30;0.000;22.267;0.000;3.717
2016-12-01;0.000;18.670;0.000;4.236
2016-12-02;0.000;15.046;0.000;4.236
2016-12-03;33.200;13.829;0.000;4.236
2016-12-04;4.400;24.373;0.000;4.236
2016-12-05;0.200;40.791;0.000;4.236
2016-12-06;0.000;33.060;0.000;4.236
2016-12-07;14.400;21.866;0.000;4.236
2016-12-08;0.600;17.523;0.000;4.236
2016-12-09;32.400;17.285;0.000;4.236
2016-12-10;0.600;15.313;0.000;4.236
2016-12-11;0.400;15.435;0.000;4.236
2016-12-12;28.600;20.178;0.000;4.236
2016-12-13;0.600;42.433;0.000;4.236
2016-12-14;0.000;35.232;0.000;4.236
2016-12-15;0.000;27.724;0.000;4.236
2016-12-16;0.000;21.692;0.000;4.236
2016-12-17;0.000;15.319;0.000;4.236
2016-12-18;5.200;13.968;0.000;4.236
2016-12-19;10.000;15.261;0.000;4.236
2016-12-20;1.400;19.939;0.000;4.236
2016-12-21;0.000;15.482;0.000;4.236
2016-12-22;0.000;21.041;0.000;4.236
2016-12-23;9.600;17.721;0.000;4.236
2016-12-24;0.000;26.418;0.000;4.236
2016-12-25;24.800;26.867;0.000;4.236
2016-12-26;0.000;27.450;0.000;4.236
2016-12-27;0.000;31.021;0.000;4.236
2016-12-28;23.200;23.519;0.000;4.236
2016-12-29;0.200;24.709;0.000;4.236
2016-12-30;0.000;20.856;0.000;4.236
2016-12-31;1.400;15.091;0.000;4.236
2017-01-01;2.000;13.215;0.000;4.281
2017-01-02;0.000;12.236;0.000;4.281
2017-01-03;6.800;11.266;0.000;4.281
2017-01-04;0.600;12.196;0.000;4.281
2017-01-05;0.200;10.987;0.000;4.281
2017-01-06;6.400;11.342;0.000;4.281
2017-01-07;0.200;12.886;0.000;4.281
2017-01-08;0.000;12.888;0.000;4.281
2017-01-09;24.000;11.744;0.000;4.281
2017-01-10;3.800;20.021;0.000;4.281
2017-01-11;18.800;41.486;0.000;4.281
2017-01-12;3.800;48.168;0.000;4.281
2017-01-13;0.600;53.746;0.000;4.281
2017-01-14;4.000;53.107;0.000;4.281
2017-01-15;0.000;44.998;0.000;4.281
2017-01-16;35.600;45.056;0.000;4.281
2017-01-17;76.000;71.983;0.000;4.281
2017-01-18;19.600;98.948;0.000;4.281
2017-01-19;15.400;96.520;0.000;4.281
2017-01-20;30.800;89.276;0.000;4.281
2017-01-21;8.800;75.309;0.000;4.281
2017-01-22;2.600;74.688;0.000;4.281
2017-01-23;0.400;94.832;0.000;4.281
2017-01-24;0.800;104.742;0.000;4.281
2017-01-25;7.600;93.919;0.000;4.281
2017-01-26;28.800;80.982;0.000;4.281
2017-01-27;6.800;70.444;0.000;4.281
2017-01-28;0.000;61.971;0.000;4.281
2017-01-29;0.000;55.744;0.000;4.281
2017-01-30;0.000;49.976;0.000;4.281
2017-01-31;13.200;48.144;0.000;4.281
2017-02-01;10.600;56.426;0.000;4.377
2017-02-02;6.800;42.956;0.000;4.377
2017-02-03;14.200;43.758;0.000;4.377
2017-02-04;28.600;43.633;0.000;4.377
2017-02-05;0.200;43.462;0.000;4.377
2017-02-06;0.200;44.151;0.000;4.377
2017-02-07;0.000;40.602;0.000;4.377
2017-02-08;0.000;36.051;0.000;4.377
2017-02-09;0.000;29.373;0.000;4.377
2017-02-10;0.000;26.555;0.000;4.377
2017-02-11;0.000;21.729;0.000;4.377
2017-02-12;0.000;20.878;0.000;4.377
2017-02-13;0.000;20.128;0.000;4.377
2017-02-14;0.000;18.723;0.000;4.377
2017-02-15;0.000;17.943;0.000;4.377
2017-02-16;0.000;16.432;0.000;4.377
2017-02-17;1.000;15.501;0.000;4.377
2017-02-18;0.200;15.365;0.000;4.377
2017-02-19;0.000;15.137;0.000;4.377
2017-02-20;0.000;15.707;0.000;4.377
2017-02-21;0.200;15.329;0.000;4.377
2017-02-22;0.000;14.148;0.000;4.377
2017-02-23;0.000;13.254;0.000;4.377
2017-02-24;11.000;13.338;0.000;4.377
2017-02-25;0.800;14.735;0.000;4.377
2017-02-26;4.600;18.296;0.000;4.377
2017-02-27;0.200;26.213;0.000;4.377
2017-02-28;1.800;27.875;0.000;4.377
2017-03-01;0.800;20.973;0.000;3.878
2017-03-02;5.000;19.681;0.000;3.878
2017-03-03;18.600;19.290;0.000;3.878
2017-03-04;8.200;22.275;0.000;3.878
2017-03-05;25.000;30.160;0.000;3.878
2017-03-06;4.000;38.785;0.000;3.878
2017-03-07;19.800;34.911;0.000;3.878
2017-03-08;1.200;54.782;0.000;3.878
2017-03-09;0.000;61.246;0.000;3.878
2017-03-10;8.400;53.758;0.000;3.878
2017-03-11;0.200;41.792;0.000;3.878
2017-03-12;0.000;28.458;0.000;3.878
2017-03-13;0.000;24.001;0.000;3.878
2017-03-14;28.400;21.893;0.000;3.878
2017-03-15;0.200;21.616;0.000;3.878
2017-03-16;0.000;21.479;0.000;3.878
2017-03-17;29.200;19.879;0.000;3.878
2017-03-18;25.400;19.582;0.000;3.878
2017-03-19;9.800;21.677;0.000;3.878
2017-03-20;0.000;29.923;0.000;3.878
2017-03-21;0.200;21.866;0.000;3.878
2017-03-22;0.000;19.306;0.000;3.878
2017-03-23;0.000;17.425;0.000;3.878
2017-03-24;0.000;16.047;0.000;3.878
2017-03-25;0.000;14.475;0.000;3.878
2017-03-26;0.000;13.582;0.000;3.878
2017-03-27;0.200;13.625;0.000;3.878
2017-03-28;0.200;13.641;0.000;3.878
2017-03-29;0.000;13.689;0.000;3.878
2017-03-30;0.000;13.309;0.000;3.878
2017-03-31;0.000;12.778;0.000;3.878
2017-04-01;0.000;12.883;0.000;3.104
2017-04-02;0.000;12.770;0.000;3.104
2017-04-03;0.000;12.606;0.000;3.104
2017-04-04;0.000;12.502;0.000;3.104
2017-04-05;0.000;12.179;0.000;3.104
2017-04-06;28.400;13.705;0.000;3.104
2017-04-07;2.200;18.475;0.000;3.104
2017-04-08;0.000;28.480;0.000;3.104
2017-04-09;0.000;26.239;0.000;3.104
2017-04-10;0.000;19.202;0.000;3.104
2017-04-11;0.000;17.288;0.000;3.104
2017-04-12;0.000;15.943;0.000;3.104
2017-04-13;0.000;14.406;0.000;3.104
2017-04-14;0.000;13.703;0.000;3.104
2017-04-15;0.000;13.205;0.000;3.104
2017-04-16;0.000;12.738;0.000;3.104
2017-04-17;0.000;12.476;0.000;3.104
2017-04-18;0.000;12.362;0.000;3.104
2017-04-19;0.000;12.611;0.000;3.104
2017-04-20;0.000;12.499;0.000;3.104
2017-04-21;0.000;12.559;0.000;3.104
2017-04-22;0.000;16.451;0.000;3.104
2017-04-23;0.000;16.160;0.000;3.104
2017-04-24;0.000;15.704;0.000;3.104
2017-04-25;0.000;14.957;0.000;3.104
2017-04-26;0.000;17.999;0.000;3.104
2017-04-27;0.000;23.012;0.000;3.104
2017-04-28;0.400;25.274;0.000;3.104
2017-04-29;0.000;21.260;0.000;3.104
2017-04-30;0.000;17.229;0.000;3.104
2017-05-01;0.000;14.431;0.000;1.867
2017-05-02;0.000;14.235;0.000;1.867
2017-05-03;0.000;13.749;0.000;1.867
2017-05-04;5.000;13.248;0.000;1.867
2017-05-05;53.400;28.285;0.000;1.867
2017-05-06;0.400;48.810;0.000;1.867
2017-05-07;0.000;43.776;0.000;1.867
2017-05-08;0.000;31.699;0.000;1.867
2017-05-09;0.000;24.410;0.000;1.867
2017-05-10;0.000;20.033;0.000;1.867
2017-05-11;0.000;16.518;0.000;1.867
2017-05-12;0.000;15.303;0.000;1.867
2017-05-13;0.000;14.730;0.000;1.867
2017-05-14;2.000;14.295;0.000;1.867
2017-05-15;0.000;14.052;0.000;1.867
2017-05-16;0.000;13.937;0.000;1.867
2017-05-17;0.000;13.554;0.000;1.867
2017-05-18;18.000;13.775;0.000;1.867
2017-05-19;47.800;28.134;0.000;1.867
2017-05-20;0.000;49.299;0.000;1.867
2017-05-21;34.200;49.567;0.000;1.867
2017-05-22;4.000;61.450;0.000;1.867
2017-05-23;0.000;61.623;0.000;1.867
2017-05-24;0.000;47.656;0.000;1.867
2017-05-25;0.000;38.405;0.000;1.867
2017-05-26;0.000;27.717;0.000;1.867
2017-05-27;0.000;23.841;0.000;1.867
2017-05-28;0.000;20.411;0.000;1.867
2017-05-29;0.000;19.377;0.000;1.867
2017-05-30;0.000;18.377;0.000;1.867
2017-05-31;0.400;17.616;0.000;1.867
2017-06-01;1.800;17.634;0.000;1.583
2017-06-02;0.000;17.332;0.000;1.583
2017-06-03;0.200;16.454;0.000;1.583
2017-06-04;0.200;16.000;0.000;1.583
2017-06-05;15.400;15.851;0.000;1.583
2017-06-06;11.200;24.826;0.000;1.583
2017-06-07;0.000;35.556;0.000;1.583
2017-06-08;0.000;33.690;0.000;1.583
2017-06-09;2.800;25.897;0.000;1.583
2017-06-10;0.000;23.025;0.000;1.583
2017-06-11;0.000;21.093;0.000;1.583
2017-06-12;0.000;18.886;0.000;1.583
2017-06-13;7.000;17.853;0.000;1.583
2017-06-14;0.200;18.533;0.000;1.583
2017-06-15;0.000;19.155;0.000;1.583
2017-06-16;0.000;18.347;0.000;1.583
2017-06-17;0.000;17.380;0.000;1.583
2017-06-18;0.000;16.620;0.000;1.583
2017-06-19;0.000;15.642;0.000;1.583
2017-06-20;0.000;15.398;0.000;1.583
2017-06-21;0.000;14.972;0.000;1.583
2017-06-22;0.000;14.405;0.000;1.583
2017-06-23;0.000;14.078;0.000;1.583
2017-06-24;0.000;13.700;0.000;1.583
2017-06-25;0.000;13.516;0.000;1.583
2017-06-26;0.000;13.324;0.000;1.583
2017-06-27;0.400;13.047;0.000;1.583
2017-06-28;0.200;12.295;0.000;1.583
2017-06-29;0.000;12.161;0.000;1.583
2017-06-30;0.000;12.331;0.000;1.583
2017-07-01;0.200;12.207;0.000;1.532
2017-07-02;0.000;12.106;0.000;1.532
2017-07-03;0.000;12.394;0.000;1.532
2017-07-04;0.000;12.769;0.000;1.532
2017-07-05;0.200;12.776;0.000;1.532
2017-07-06;0.000;12.849;0.000;1.532
2017-07-07;0.000;13.142;0.000;1.532
2017-07-08;0.000;13.341;0.000;1.532
2017-07-09;0.000;13.505;0.000;1.532
2017-07-10;0.000;13.574;0.000;1.532
2017-07-11;0.000;13.675;0.000;1.532
2017-07-12;0.200;13.762;0.000;1.532
2017-07-13;0.000;13.794;0.000;1.532
2017-07-14;0.000;13.832;0.000;1.532
2017-07-15;0.200;13.872;0.000;1.532
2017-07-16;0.000;13.940;0.000;1.532
2017-07-17;0.000;13.932;0.000;1.532
2017-07-18;0.000;13.676;0.000;1.532
2017-07-19;0.000;13.584;0.000;1.532
2017-07-20;0.000;13.483;0.000;1.532
2017-07-21;0.000;13.655;0.000;1.532
2017-07-22;0.000;13.556;0.000;1.532
2017-07-23;0.000;13.380;0.000;1.532
2017-07-24;0.000;14.347;0.000;1.532
2017-07-25;0.400;12.724;0.000;1.532
2017-07-26;0.000;13.009;0.000;1.532
2017-07-27;0.000;12.966;0.000;1.532
2017-07-28;0.000;13.108;0.000;1.532
2017-07-29;0.000;12.787;0.000;1.532
2017-07-30;0.000;12.566;0.000;1.532
2017-07-31;0.000;12.646;0.000;1.532
2017-08-01;0.000;12.390;0.000;1.916
2017-08-02;0.000;12.308;0.000;1.916
2017-08-03;0.000;12.505;0.000;1.916
2017-08-04;0.000;12.349;0.000;1.916
2017-08-05;0.000;12.393;0.000;1.916
2017-08-06;0.000;12.385;0.000;1.916
2017-08-07;0.000;12.654;0.000;1.916
2017-08-08;0.000;12.524;0.000;1.916
2017-08-09;0.000;12.923;0.000;1.916
2017-08-10;0.000;13.068;0.000;1.916
2017-08-11;0.000;12.710;0.000;1.916
2017-08-12;0.000;12.539;0.000;1.916
2017-08-13;0.000;12.462;0.000;1.916
2017-08-14;0.000;12.363;0.000;1.916
2017-08-15;0.200;12.372;0.000;1.916
2017-08-16;5.400;12.788;0.000;1.916
2017-08-17;4.400;13.497;0.000;1.916
2017-08-18;2.600;14.432;0.000;1.916
2017-08-19;9.400;17.440;0.000;1.916
2017-08-20;5.800;19.600;0.000;1.916
2017-08-21;2.000;21.585;0.000;1.916
2017-08-22;0.000;20.830;0.000;1.916
2017-08-23;0.000;18.959;0.000;1.916
2017-08-24;0.000;17.085;0.000;1.916
2017-08-25;0.000;14.437;0.000;1.916
2017-08-26;0.000;13.649;0.000;1.916
2017-08-27;0.000;13.041;0.000;1.916
2017-08-28;0.000;12.382;0.000;1.916
2017-08-29;0.000;11.882;0.000;1.916
2017-08-30;0.400;11.630;0.000;1.916
2017-08-31;0.000;11.142;0.000;1.916
2017-09-01;0.000;10.912;0.000;2.580
2017-09-02;0.000;10.844;0.000;2.580
2017-09-03;0.000;10.810;0.000;2.580
2017-09-04;0.000;10.962;0.000;2.580
2017-09-05;0.000;11.637;0.000;2.580
2017-09-06;0.000;12.060;0.000;2.580
2017-09-07;0.000;11.538;0.000;2.580
2017-09-08;0.000;11.237;0.000;2.580
2017-09-09;0.000;11.317;0.000;2.580
2017-09-10;0.000;11.088;0.000;2.580
2017-09-11;0.000;11.325;0.000;2.580
2017-09-12;0.000;11.361;0.000;2.580
2017-09-13;0.000;11.139;0.000;2.580
2017-09-14;0.000;11.097;0.000;2.580
2017-09-15;0.000;10.850;0.000;2.580
2017-09-16;0.000;10.892;0.000;2.580
2017-09-17;0.000;10.682;0.000;2.580
2017-09-18;0.000;11.062;0.000;2.580
2017-09-19;0.000;11.232;0.000;2.580
2017-09-20;0.000;11.568;0.000;2.580
2017-09-21;0.000;10.971;0.000;2.580
2017-09-22;0.000;11.144;0.000;2.580
2017-09-23;0.000;10.893;0.000;2.580
2017-09-24;0.000;10.746;0.000;2.580
2017-09-25;0.000;10.828;0.000;2.580
2017-09-26;0.000;11.004;0.000;2.580
2017-09-27;0.000;10.929;0.000;2.580
2017-09-28;0.000;10.584;0.000;2.580
2017-09-29;8.400;10.766;0.000;2.580
2017-09-30;41.400;13.086;0.000;2.580
2017-10-01;0.200;20.768;0.000;3.418
2017-10-02;20.400;22.784;0.000;3.418
2017-10-03;2.400;24.299;0.000;3.418
2017-10-04;0.400;23.025;0.000;3.418
2017-10-05;0.000;19.576;0.000;3.418
2017-10-06;3.800;16.437;0.000;3.418
2017-10-07;4.600;15.764;0.000;3.418
2017-10-08;0.800;14.521;0.000;3.418
2017-10-09;0.000;11.810;0.000;3.418
2017-10-10;0.000;11.547;0.000;3.418
2017-10-11;6.000;10.468;0.000;3.418
2017-10-12;0.200;9.528;0.000;3.418
2017-10-13;5.800;9.690;0.000;3.418
2017-10-14;0.000;11.086;0.000;3.418
2017-10-15;0.000;10.446;0.000;3.418
2017-10-16;0.000;10.778;0.000;3.418
2017-10-17;0.000;10.864;0.000;3.418
2017-10-18;0.000;10.897;0.000;3.418
2017-10-19;0.000;10.767;0.000;3.418
2017-10-20;0.000;10.320;0.000;3.418
2017-10-21;0.000;10.361;0.000;3.418
2017-10-22;7.800;10.593;0.000;3.418
2017-10-23;0.200;11.763;0.000;3.418
2017-10-24;0.000;12.791;0.000;3.418
2017-10-25;0.600;12.914;0.000;3.418
2017-10-26;20.200;15.063;0.000;3.418
2017-10-27;9.200;20.371;0.000;3.418
2017-10-28;0.000;19.525;0.000;3.418
2017-10-29;0.000;18.520;0.000;3.418
2017-10-30;2.600;17.970;0.000;3.418
2017-10-31;1.000;15.926;0.000;3.418
2017-11-01;0.000;13.227;0.000;3.717
2017-11-02;0.000;10.461;0.000;3.717
2017-11-03;0.000;9.408;0.000;3.717
2017-11-04;23.000;9.124;0.000;3.717
2017-11-05;0.200;11.425;0.000;3.717
2017-11-06;0.000;11.723;0.000;3.717
2017-11-07;0.400;12.064;0.000;3.717
2017-11-08;0.000;12.034;0.000;3.717
2017-11-09;0.000;12.413;0.000;3.717
2017-11-10;27.600;16.967;0.000;3.717
2017-11-11;9.800;36.553;0.000;3.717
2017-11-12;0.000;39.413;0.000;3.717
2017-11-13;0.000;30.804;0.000;3.717
2017-11-14;0.000;24.411;0.000;3.717
2017-11-15;0.000;19.298;0.000;3.717
2017-11-16;3.800;13.178;0.000;3.717
2017-11-17;23.200;14.665;0.000;3.717
2017-11-18;54.000;17.614;0.000;3.717
2017-11-19;5.800;56.067;0.000;3.717
2017-11-20;0.000;57.166;0.000;3.717
2017-11-21;9.800;47.171;0.000;3.717
2017-11-22;3.600;40.118;0.000;3.717
2017-11-23;0.000;36.868;0.000;3.717
2017-11-24;0.000;31.712;0.000;3.717
2017-11-25;2.400;22.977;0.000;3.717
2017-11-26;15.400;19.213;0.000;3.717
2017-11-27;33.800;20.063;0.000;3.717
2017-11-28;0.000;21.173;0.000;3.717
2017-11-29;0.000;25.576;0.000;3.717
2017-11-30;10.600;16.801;0.000;3.717
2017-12-01;4.800;13.499;0.000;4.236
2017-12-02;0.000;12.588;0.000;4.236
2017-12-03;0.000;11.608;0.000;4.236
2017-12-04;0.000;10.744;0.000;4.236
2017-12-05;0.400;10.019;0.000;4.236
2017-12-06;27.800;10.320;0.000;4.236
2017-12-07;6.400;10.989;0.000;4.236
2017-12-08;0.000;11.863;0.000;4.236
2017-12-09;0.000;12.693;0.000;4.236
2017-12-10;0.000;16.189;0.000;4.236
2017-12-11;0.000;16.194;0.000;4.236
2017-12-12;0.000;16.776;0.000;4.236
2017-12-13;0.000;13.076;0.000;4.236
2017-12-14;0.000;13.034;0.000;4.236
2017-12-15;0.800;12.647;0.000;4.236
2017-12-16;0.000;13.462;0.000;4.236
2017-12-17;0.000;11.990;0.000;4.236
2017-12-18;0.800;12.371;0.000;4.236
2017-12-19;2.000;16.140;0.000;4.236
2017-12-20;0.000;20.002;0.000;4.236
2017-12-21;3.200;15.947;0.000;4.236
2017-12-22;6.200;17.591;0.000;4.236
2017-12-23;0.200;22.293;0.000;4.236
2017-12-24;20.800;19.654;0.000;4.236
2017-12-25;22.000;25.686;0.000;4.236
2017-12-26;2.800;26.976;0.000;4.236
2017-12-27;0.000;23.528;0.000;4.236
2017-12-28;0.000;19.466;0.000;4.236
2017-12-29;39.400;15.600;0.000;4.236
2017-12-30;40.600;21.506;0.000;4.236
2017-12-31;44.800;32.031;0.000;4.236
2018-01-01;0.000;36.127;0.000;4.281
2018-01-02;21.800;30.477;0.000;4.281
2018-01-03;35.000;32.795;0.000;4.281
2018-01-04;0.000;30.249;0.000;4.281
2018-01-05;0.000;21.041;0.000;4.281
2018-01-06;5.600;16.348;0.000;4.281
2018-01-07;5.400;19.127;0.000;4.281
2018-01-08;7.600;35.319;0.000;4.281
2018-01-09;6.000;45.371;0.000;4.281
2018-01-10;0.000;43.753;0.000;4.281
2018-01-11;43.200;36.529;0.000;4.281
2018-01-12;3.000;38.153;0.000;4.281
2018-01-13;1.400;30.603;0.000;4.281
2018-01-14;1.200;25.723;0.000;4.281
2018-01-15;1.400;24.864;0.000;4.281
2018-01-16;0.200;26.639;0.000;4.281
2018-01-17;0.200;24.195;0.000;4.281
2018-01-18;4.400;23.695;0.000;4.281
2018-01-19;11.600;29.877;0.000;4.281
2018-01-20;19.000;22.370;0.000;4.281
2018-01-21;0.200;36.901;0.000;4.281
2018-01-22;0.000;44.940;0.000;4.281
2018-01-23;10.600;32.737;0.000;4.281
2018-01-24;0.200;30.835;0.000;4.281
2018-01-25;0.200;28.761;0.000;4.281
2018-01-26;2.800;29.023;0.000;4.281
2018-01-27;0.000;31.547;0.000;4.281
2018-01-28;9.000;24.817;0.000;4.281
2018-01-29;17.400;21.459;0.000;4.281
2018-01-30;20.600;24.632;0.000;4.281
2018-01-31;0.000;51.827;0.000;4.281
2018-02-01;0.000;57.317;0.000;4.377
2018-02-02;0.000;49.142;0.000;4.377
2018-02-03;0.000;41.078;0.000;4.377
2018-02-04;0.000;33.457;0.000;4.377
2018-02-05;0.000;27.828;0.000;4.377
2018-02-06;0.000;15.794;0.000;4.377
2018-02-07;0.400;15.527;0.000;4.377
2018-02-08;0.000;14.632;0.000;4.377
2018-02-09;0.000;13.538;0.000;4.377
2018-02-10;12.800;12.744;0.000;4.377
2018-02-11;0.000;12.501;0.000;4.377
2018-02-12;0.000;22.862;0.000;4.377
2018-02-13;0.000;20.120;0.000;4.377
2018-02-14;3.200;19.010;0.000;4.377
2018-02-15;0.000;20.326;0.000;4.377
2018-02-16;0.000;18.009;0.000;4.377
2018-02-17;3.600;15.262;0.000;4.377
2018-02-18;70.800;28.431;0.000;4.377
2018-02-19;0.200;50.309;0.000;4.377
2018-02-20;13.000;34.474;0.000;4.377
2018-02-21;0.400;26.887;0.000;4.377
2018-02-22;0.000;18.255;0.000;4.377
2018-02-23;0.000;15.949;0.000;4.377
2018-02-24;0.000;13.928;0.000;4.377
2018-02-25;0.000;12.717;0.000;4.377
2018-02-26;32.000;13.105;0.000;4.377
2018-02-27;0.000;19.007;0.000;4.377
2018-02-28;19.600;24.711;0.000;4.377
2018-03-01;1.000;20.123;0.000;3.878
2018-03-02;22.200;30.982;0.000;3.878
2018-03-03;0.000;48.272;0.000;3.878
2018-03-04;0.000;47.575;0.000;3.878
2018-03-05;5.200;43.917;0.000;3.878
2018-03-06;0.200;40.767;0.000;3.878
2018-03-07;0.400;36.748;0.000;3.878
2018-03-08;0.000;32.248;0.000;3.878
2018-03-09;0.000;22.008;0.000;3.878
2018-03-10;0.000;20.550;0.000;3.878
2018-03-11;0.200;15.811;0.000;3.878
2018-03-12;0.000;11.748;0.000;3.878
2018-03-13;0.000;16.128;0.000;3.878
2018-03-14;28.000;14.967;0.000;3.878
2018-03-15;4.600;21.347;0.000;3.878
2018-03-16;4.400;29.358;0.000;3.878
2018-03-17;0.000;34.075;0.000;3.878
2018-03-18;0.000;29.834;0.000;3.878
2018-03-19;0.000;22.432;0.000;3.878
2018-03-20;56.600;28.549;0.000;3.878
2018-03-21;33.800;40.098;0.000;3.878
2018-03-22;0.200;60.278;0.000;3.878
2018-03-23;0.000;51.506;0.000;3.878
2018-03-24;0.000;39.031;0.000;3.878
2018-03-25;0.000;36.645;0.000;3.878
2018-03-26;0.000;25.932;0.000;3.878
2018-03-27;0.000;25.481;0.000;3.878
2018-03-28;1.400;25.647;0.000;3.878
2018-03-29;3.600;52.577;0.000;3.878
2018-03-30;0.000;49.882;0.000;3.878
2018-03-31;0.000;29.231;0.000;3.878
2018-04-01;40.800;30.149;0.000;3.104
2018-04-02;0.400;30.702;0.000;3.104
2018-04-03;46.200;29.839;0.000;3.104
2018-04-04;0.200;30.723;0.000;3.104
2018-04-05;0.400;23.706;0.000;3.104
2018-04-06;0.000;19.132;0.000;3.104
2018-04-07;0.000;16.101;0.000;3.104
2018-04-08;0.000;15.991;0.000;3.104
2018-04-09;0.000;15.013;0.000;3.104
2018-04-10;0.000;14.220;0.000;3.104
2018-04-11;0.000;13.580;0.000;3.104
2018-04-12;0.000;13.012;0.000;3.104
2018-04-13;0.000;13.128;0.000;3.104
2018-04-14;0.000;12.775;0.000;3.104
2018-04-15;0.000;12.757;0.000;3.104
2018-04-16;0.000;12.822;0.000;3.104
2018-04-17;0.000;13.385;0.000;3.104
2018-04-18;0.000;13.734;0.000;3.104
2018-04-19;0.000;13.901;0.000;3.104
2018-04-20;0.000;13.984;0.000;3.104
2018-04-21;0.000;14.098;0.000;3.104
2018-04-22;0.000;14.069;0.000;3.104
2018-04-23;0.000;14.323;0.000;3.104
2018-04-24;0.000;14.010;0.000;3.104
2018-04-25;0.000;13.939;0.000;3.104
2018-04-26;0.000;14.024;0.000;3.104
2018-04-27;0.000;14.065;0.000;3.104
2018-04-28;0.000;13.868;0.000;3.104
2018-04-29;0.000;13.795;0.000;3.104
2018-04-30;0.000;13.569;0.000;3.104
2018-05-01;0.000;13.145;0.000;1.867
2018-05-02;0.000;12.990;0.000;1.867
2018-05-03;0.000;12.753;0.000;1.867
2018-05-04;0.000;12.634;0.000;1.867
2018-05-05;0.000;12.406;0.000;1.867
2018-05-06;0.000;12.494;0.000;1.867
2018-05-07;0.000;12.416;0.000;1.867
2018-05-08;0.000;12.526;0.000;1.867
2018-05-09;0.400;12.431;0.000;1.867
2018-05-10;0.000;12.708;0.000;1.867
2018-05-11;0.000;12.704;0.000;1.867
2018-05-12;0.000;12.637;0.000;1.867
2018-05-13;0.000;12.710;0.000;1.867
2018-05-14;0.000;12.729;0.000;1.867
2018-05-15;0.000;12.714;0.000;1.867
2018-05-16;0.200;12.890;0.000;1.867
2018-05-17;0.000;12.911;0.000;1.867
2018-05-18;0.000;12.886;0.000;1.867
2018-05-19;6.400;13.060;0.000;1.867
2018-05-20;0.000;14.133;0.000;1.867
2018-05-21;0.000;14.962;0.000;1.867
2018-05-22;0.000;14.624;0.000;1.867
2018-05-23;0.200;13.995;0.000;1.867
2018-05-24;0.000;13.587;0.000;1.867
2018-05-25;0.000;13.142;0.000;1.867
2018-05-26;0.000;12.981;0.000;1.867
2018-05-27;0.000;12.896;0.000;1.867
2018-05-28;0.000;12.857;0.000;1.867
2018-05-29;0.000;12.704;0.000;1.867
2018-05-30;0.000;12.625;0.000;1.867
2018-05-31;0.000;12.026;0.000;1.867
2018-06-01;0.000;11.529;0.000;1.583
2018-06-02;0.000;11.697;0.000;1.583
2018-06-03;0.000;11.484;0.000;1.583
2018-06-04;0.000;11.936;0.000;1.583
2018-06-05;0.000;11.915;0.000;1.583
2018-06-06;0.600;12.107;0.000;1.583
2018-06-07;2.200;11.981;0.000;1.583
2018-06-08;1.000;14.748;0.000;1.583
2018-06-09;0.000;17.793;0.000;1.583
2018-06-10;0.000;16.010;0.000;1.583
2018-06-11;0.000;14.668;0.000;1.583
2018-06-12;0.200;12.942;0.000;1.583
2018-06-13;4.400;13.197;0.000;1.583
2018-06-14;0.000;13.882;0.000;1.583
2018-06-15;0.000;13.969;0.000;1.583
2018-06-16;0.000;13.317;0.000;1.583
2018-06-17;0.000;12.604;0.000;1.583
2018-06-18;0.000;12.184;0.000;1.583
2018-06-19;0.000;11.974;0.000;1.583
2018-06-20;0.000;11.943;0.000;1.583
2018-06-21;0.000;11.448;0.000;1.583
2018-06-22;0.000;11.169;0.000;1.583
2018-06-23;0.000;10.998;0.000;1.583
2018-06-24;0.000;10.867;0.000;1.583
2018-06-25;0.000;10.952;0.000;1.583
2018-06-26;0.000;11.408;0.000;1.583
2018-06-27;0.000;11.487;0.000;1.583
2018-06-28;0.000;11.675;0.000;1.583
2018-06-29;0.000;11.675;0.000;1.583
2018-06-30;0.000;11.488;0.000;1.583
2018-07-01;0.000;11.356;0.000;1.532
2018-07-02;0.000;11.338;0.000;1.532
2018-07-03;0.000;11.403;0.000;1.532
2018-07-04;0.000;11.278;0.000;1.532
2018-07-05;0.400;11.040;0.000;1.532
2018-07-06;0.000;10.897;0.000;1.532
2018-07-07;0.000;10.707;0.000;1.532
2018-07-08;0.000;10.688;0.000;1.532
2018-07-09;0.000;10.545;0.000;1.532
2018-07-10;0.000;10.488;0.000;1.532
2018-07-11;0.000;10.380;0.000;1.532
2018-07-12;0.000;10.387;0.000;1.532
2018-07-13;0.000;10.551;0.000;1.532
2018-07-14;0.000;10.616;0.000;1.532
2018-07-15;0.000;10.913;0.000;1.532
2018-07-16;0.000;11.011;0.000;1.532
2018-07-17;0.000;11.016;0.000;1.532
2018-07-18;0.000;11.150;0.000;1.532
2018-07-19;0.000;10.856;0.000;1.532
2018-07-20;0.000;10.640;0.000;1.532
2018-07-21;0.000;10.682;0.000;1.532
2018-07-22;0.000;10.585;0.000;1.532
2018-07-23;0.000;10.589;0.000;1.532
2018-07-24;0.000;10.459;0.000;1.532
2018-07-25;0.000;10.419;0.000;1.532
2018-07-26;0.000;10.351;0.000;1.532
2018-07-27;0.000;10.408;0.000;1.532
2018-07-28;0.000;10.103;0.000;1.532
2018-07-29;0.000;10.203;0.000;1.532
2018-07-30;4.600;10.758;0.000;1.532
2018-07-31;5.000;12.247;0.000;1.532
2018-08-01;5.200;13.290;0.000;1.916
2018-08-02;3.200;14.755;0.000;1.916
2018-08-03;21.800;16.367;0.000;1.916
2018-08-04;2.000;19.753;0.000;1.916
2018-08-05;0.200;20.196;0.000;1.916
2018-08-06;29.200;20.110;0.000;1.916
2018-08-07;0.000;21.659;0.000;1.916
2018-08-08;0.200;20.049;0.000;1.916
2018-08-09;11.000;17.645;0.000;1.916
2018-08-10;0.000;14.683;0.000;1.916
2018-08-11;0.000;12.268;0.000;1.916
2018-08-12;0.000;10.551;0.000;1.916
2018-08-13;0.000;9.267;0.000;1.916
2018-08-14;0.000;8.306;0.000;1.916
2018-08-15;0.000;7.665;0.000;1.916
2018-08-16;0.000;8.458;0.000;1.916
2018-08-17;0.000;9.409;0.000;1.916
2018-08-18;0.000;10.174;0.000;1.916
2018-08-19;0.000;11.075;0.000;1.916
2018-08-20;0.000;11.951;0.000;1.916
2018-08-21;0.000;12.701;0.000;1.916
2018-08-22;0.000;12.774;0.000;1.916
2018-08-23;0.000;13.131;0.000;1.916
2018-08-24;0.000;13.087;0.000;1.916
2018-08-25;11.400;13.836;0.000;1.916
2018-08-26;0.000;13.966;0.000;1.916
2018-08-27;0.000;14.033;0.000;1.916
2018-08-28;0.000;13.559;0.000;1.916
2018-08-29;0.000;13.017;0.000;1.916
2018-08-30;0.000;12.442;0.000;1.916
2018-08-31;0.000;11.669;0.000;1.916
2018-09-01;0.000;11.045;0.000;2.580
2018-09-02;0.000;10.511;0.000;2.580
2018-09-03;4.000;10.197;0.000;2.580
2018-09-04;6.800;10.058;0.000;2.580
2018-09-05;0.600;11.680;0.000;2.580
2018-09-06;0.000;12.221;0.000;2.580
2018-09-07;0.000;11.721;0.000;2.580
2018-09-08;0.000;11.361;0.000;2.580
2018-09-09;0.000;10.899;0.000;2.580
2018-09-10;0.000;10.660;0.000;2.580
2018-09-11;0.000;10.642;0.000;2.580
2018-09-12;0.000;10.757;0.000;2.580
2018-09-13;0.000;10.844;0.000;2.580
2018-09-14;10.800;11.439;0.000;2.580
2018-09-15;0.000;12.905;0.000;2.580
2018-09-16;0.000;19.814;0.000;2.580
2018-09-17;5.800;17.933;0.000;2.580
2018-09-18;4.760;16.470;0.000;2.580
2018-09-19;0.000;15.951;0.000;2.580
2018-09-20;4.276;15.344;0.000;2.580
2018-09-21;0.000;14.603;0.000;2.580
2018-09-22;0.000;13.947;0.000;2.580
2018-09-23;0.000;13.420;0.000;2.580
2018-09-24;0.000;12.486;0.000;2.580
2018-09-25;0.000;11.619;0.000;2.580
2018-09-26;0.000;10.020;0.000;2.580
2018-09-27;2.085;9.186;0.000;2.580
2018-09-28;0.000;8.942;0.000;2.580
2018-09-29;0.000;9.215;0.000;2.580
2018-09-30;16.911;9.125;0.000;2.580
2018-10-01;0.166;12.407;0.000;3.418
2018-10-02;2.068;21.944;0.000;3.418
2018-10-03;4.621;24.375;0.000;3.418
2018-10-04;0.000;23.721;0.000;3.418
2018-10-05;0.000;20.799;0.000;3.418
2018-10-06;4.637;17.791;0.000;3.418
2018-10-07;0.000;16.113;0.000;3.418
2018-10-08;3.017;16.640;0.000;3.418
2018-10-09;16.775;21.633;0.000;3.418
2018-10-10;11.934;29.829;0.000;3.418
2018-10-11;4.493;31.550;0.000;3.418
2018-10-12;0.297;29.257;0.000;3.418
2018-10-13;2.706;24.317;0.000;3.418
2018-10-14;0.000;19.802;0.000;3.418
2018-10-15;10.234;17.705;0.000;3.418
2018-10-16;0.093;16.427;0.000;3.418
2018-10-17;1.764;16.877;0.000;3.418
2018-10-18;12.864;16.790;0.000;3.418
2018-10-19;0.000;23.714;0.000;3.418
2018-10-20;0.015;25.031;0.000;3.418
2018-10-21;0.000;19.882;0.000;3.418
2018-10-22;0.000;16.496;0.000;3.418
2018-10-23;0.032;11.940;0.000;3.418
2018-10-24;7.395;10.318;0.000;3.418
2018-10-25;8.688;12.140;0.000;3.418
2018-10-26;0.448;14.416;0.000;3.418
2018-10-27;3.831;18.341;0.000;3.418
2018-10-28;1.934;18.991;0.000;3.418
2018-10-29;0.000;18.139;0.000;3.418
2018-10-30;0.321;16.111;0.000;3.418
2018-10-31;5.644;14.687;0.000;3.418
2018-11-01;0.000;16.394;0.000;3.717
2018-11-02;0.633;13.266;0.000;3.717
2018-11-03;19.512;13.128;0.000;3.717
2018-11-04;6.001;21.167;0.000;3.717
2018-11-05;0.000;15.630;0.000;3.717
2018-11-06;0.000;13.444;0.000;3.717
2018-11-07;4.684;12.479;0.000;3.717
2018-11-08;0.070;12.005;0.000;3.717
2018-11-09;0.019;11.842;0.000;3.717
2018-11-10;2.104;11.704;0.000;3.717
2018-11-11;5.948;11.807;0.000;3.717
2018-11-12;6.859;12.306;0.000;3.717
2018-11-13;0.171;13.222;0.000;3.717
2018-11-14;4.973;13.648;0.000;3.717
2018-11-15;2.544;14.595;0.000;3.717
2018-11-16;0.000;13.472;0.000;3.717
2018-11-17;0.000;11.679;0.000;3.717
2018-11-18;14.868;9.768;0.000;3.717
2018-11-19;22.457;14.641;0.000;3.717
2018-11-20;8.355;23.875;0.000;3.717
2018-11-21;0.518;25.421;0.000;3.717
2018-11-22;7.788;21.129;0.000;3.717
2018-11-23;7.323;18.013;0.000;3.717
2018-11-24;27.535;19.932;0.000;3.717
2018-11-25;15.372;30.257;0.000;3.717
2018-11-26;1.865;34.502;0.000;3.717
2018-11-27;0.000;39.107;0.000;3.717
2018-11-28;2.782;29.804;0.000;3.717
2018-11-29;1.713;23.160;0.000;3.717
2018-11-30;26.897;17.576;0.000;3.717
2018-12-01;43.999;36.602;0.000;4.236
2018-12-02;1.550;58.093;0.000;4.236
2018-12-03;0.000;55.071;0.000;4.236
2018-12-04;0.038;44.323;0.000;4.236
2018-12-05;1.211;33.303;0.000;4.236
2018-12-06;3.268;24.722;0.000;4.236
2018-12-07;0.044;17.425;0.000;4.236
2018-12-08;0.000;13.174;0.000;4.236
2018-12-09;0.000;11.155;0.000;4.236
2018-12-10;5.179;10.319;0.000;4.236
2018-12-11;16.027;10.121;0.000;4.236
2018-12-12;1.537;10.185;0.000;4.236
2018-12-13;3.480;10.803;0.000;4.236
2018-12-14;0.000;12.586;0.000;4.236
2018-12-15;0.085;13.442;0.000;4.236
2018-12-16;0.378;12.983;0.000;4.236
2018-12-17;0.881;12.223;0.000;4.236
2018-12-18;25.003;16.221;0.000;4.236
2018-12-19;1.523;37.117;0.000;4.236
2018-12-20;0.077;37.199;0.000;4.236
2018-12-21;0.736;23.940;0.000;4.236
2018-12-22;3.772;20.244;0.000;4.236
2018-12-23;7.663;20.097;0.000;4.236
2018-12-24;0.818;21.907;0.000;4.236
2018-12-25;0.000;19.951;0.000;4.236
2018-12-26;0.018;29.184;0.000;4.236
2018-12-27;5.934;28.769;0.000;4.236
2018-12-28;0.466;20.578;0.000;4.236
2018-12-29;0.000;16.216;0.000;4.236
2018-12-30;0.000;14.496;0.000;4.236
2018-12-31;0.000;12.968;0.000;4.236
2019-01-01;4.032;11.265;0.000;4.281
2019-01-02;0.057;14.676;0.000;4.281
2019-01-03;14.147;11.903;0.000;4.281
2019-01-04;48.400;26.303;0.000;4.281
2019-01-05;5.753;54.416;0.000;4.281
2019-01-06;1.179;64.719;0.000;4.281
2019-01-07;0.000;65.238;0.000;4.281
2019-01-08;10.270;46.130;0.000;4.281
2019-01-09;0.083;45.817;0.000;4.281
2019-01-10;1.551;34.588;0.000;4.281
2019-01-11;0.835;29.482;0.000;4.281
2019-01-12;4.042;25.056;0.000;4.281
2019-01-13;0.000;20.514;0.000;4.281
2019-01-14;0.152;18.469;0.000;4.281
2019-01-15;0.118;15.258;0.000;4.281
2019-01-16;4.652;13.248;0.000;4.281
2019-01-17;0.526;12.660;0.000;4.281
2019-01-18;3.568;15.899;0.000;4.281
2019-01-19;1.589;20.513;0.000;4.281
2019-01-20;4.708;20.587;0.000;4.281
2019-01-21;0.081;18.012;0.000;4.281
2019-01-22;0.586;15.360;0.000;4.281
2019-01-23;9.683;14.216;0.000;4.281
2019-01-24;3.512;15.638;0.000;4.281
2019-01-25;14.723;14.096;0.000;4.281
2019-01-26;3.468;16.971;0.000;4.281
2019-01-27;0.004;23.897;0.000;4.281
2019-01-28;0.000;25.512;0.000;4.281
2019-01-29;2.789;21.436;0.000;4.281
2019-01-30;1.041;17.631;0.000;4.281
2019-01-31;0.000;14.295;0.000;4.281
2019-02-01;0.000;11.290;0.000;4.377
2019-02-02;0.000;9.850;0.000;4.377
2019-02-03;0.000;9.184;0.000;4.377
2019-02-04;5.418;8.903;0.000;4.377
2019-02-05;0.000;10.453;0.000;4.377
2019-02-06;34.521;17.886;0.000;4.377
2019-02-07;0.000;29.995;0.000;4.377
2019-02-08;0.000;32.248;0.000;4.377
2019-02-09;0.000;27.910;0.000;4.377
2019-02-10;0.000;24.604;0.000;4.377
2019-02-11;0.000;21.513;0.000;4.377
2019-02-12;9.969;18.698;0.000;4.377
2019-02-13;0.000;16.575;0.000;4.377
2019-02-14;0.000;19.072;0.000;4.377
2019-02-15;25.200;15.249;0.000;4.377
2019-02-16;10.646;27.544;0.000;4.377
2019-02-17;0.083;44.535;0.000;4.377
2019-02-18;0.000;44.410;0.000;4.377
2019-02-19;0.100;34.586;0.000;4.377
2019-02-20;3.498;26.549;0.000;4.377
2019-02-21;0.892;23.773;0.000;4.377
2019-02-22;19.569;23.659;0.000;4.377
2019-02-23;0.512;29.337;0.000;4.377
2019-02-24;0.913;26.133;0.000;4.377
2019-02-25;8.898;19.340;0.000;4.377
2019-02-26;30.789;54.873;0.000;4.377
2019-02-27;1.660;56.916;0.000;4.377
2019-02-28;4.330;53.559;0.000;4.377
2019-03-01;6.380;50.885;0.000;3.878
2019-03-02;12.872;47.922;0.000;3.878
2019-03-03;9.082;64.228;0.000;3.878
2019-03-04;1.329;64.803;0.000;3.878
2019-03-05;0.000;57.762;0.000;3.878
2019-03-06;0.907;52.372;0.000;3.878
2019-03-07;2.575;49.889;0.000;3.878
2019-03-08;0.043;47.504;0.000;3.878
2019-03-09;1.167;41.326;0.000;3.878
2019-03-10;1.574;35.260;0.000;3.878
2019-03-11;2.018;34.859;0.000;3.878
2019-03-12;1.105;28.330;0.000;3.878
2019-03-13;4.785;23.953;0.000;3.878
2019-03-14;14.851;37.777;0.000;3.878
2019-03-15;0.429;34.874;0.000;3.878
2019-03-16;2.068;32.303;0.000;3.878
2019-03-17;13.143;29.797;0.000;3.878
2019-03-18;2.974;41.937;0.000;3.878
2019-03-19;2.291;38.200;0.000;3.878
2019-03-20;0.000;32.969;0.000;3.878
2019-03-21;0.000;26.847;0.000;3.878
2019-03-22;0.000;23.502;0.000;3.878
2019-03-23;0.000;19.948;0.000;3.878
2019-03-24;0.000;18.595;0.000;3.878
2019-03-25;0.000;17.897;0.000;3.878
2019-03-26;0.000;16.678;0.000;3.878
2019-03-27;0.000;15.606;0.000;3.878
2019-03-28;0.000;14.366;0.000;3.878
2019-03-29;0.000;14.328;0.000;3.878
2019-03-30;0.000;14.363;0.000;3.878
2019-03-31;0.346;14.560;0.000;3.878
2019-04-01;0.000;14.738;0.000;3.104
2019-04-02;0.000;14.604;0.000;3.104
2019-04-03;0.000;14.344;0.000;3.104
2019-04-04;0.000;14.202;0.000;3.104
2019-04-05;0.410;13.961;0.000;3.104
2019-04-06;15.618;14.239;0.000;3.104
2019-04-07;5.075;16.526;0.000;3.104
2019-04-08;15.152;24.064;0.000;3.104
2019-04-09;0.000;30.019;0.000;3.104
2019-04-10;0.000;30.790;0.000;3.104
2019-04-11;0.000;26.295;0.000;3.104
2019-04-12;0.000;22.157;0.000;3.104
2019-04-13;9.867;19.292;0.000;3.104
2019-04-14;18.471;27.985;0.000;3.104
2019-04-15;0.000;28.483;0.000;3.104
2019-04-16;13.000;27.709;0.000;3.104
2019-04-17;0.000;30.587;0.000;3.104
2019-04-18;0.000;28.133;0.000;3.104
2019-04-19;0.000;24.302;0.000;3.104
2019-04-20;0.000;21.637;0.000;3.104
2019-04-21;0.000;18.868;0.000;3.104
2019-04-22;0.000;17.362;0.000;3.104
2019-04-23;9.500;16.907;0.000;3.104
2019-04-24;1.800;16.466;0.000;3.104
2019-04-25;1.700;21.201;0.000;3.104
2019-04-26;3.900;21.993;0.000;3.104
2019-04-27;0.000;21.548;0.000;3.104
2019-04-28;20.300;20.386;0.000;3.104
2019-04-29;0.000;27.506;0.000;3.104
2019-04-30;0.000;28.100;0.000;3.104
2019-05-01;0.000;24.184;0.000;1.867
2019-05-02;0.100;21.456;0.000;1.867
2019-05-03;0.000;19.039;0.000;1.867
2019-05-04;0.000;17.038;0.000;1.867
2019-05-05;3.200;16.117;0.000;1.867
2019-05-06;0.000;15.687;0.000;1.867
2019-05-07;0.000;15.891;0.000;1.867
2019-05-08;0.000;15.804;0.000;1.867
2019-05-09;0.000;15.493;0.000;1.867
2019-05-10;0.000;15.270;0.000;1.867
2019-05-11;0.000;15.046;0.000;1.867
2019-05-12;0.300;15.001;0.000;1.867
2019-05-13;0.000;14.897;0.000;1.867
2019-05-14;4.400;14.782;0.000;1.867
2019-05-15;0.000;14.277;0.000;1.867
2019-05-16;0.000;13.814;0.000;1.867
2019-05-17;0.400;13.512;0.000;1.867
2019-05-18;7.000;14.456;0.000;1.867
2019-05-19;0.600;16.657;0.000;1.867
2019-05-20;0.000;18.938;0.000;1.867
2019-05-21;0.000;19.308;0.000;1.867
2019-05-22;0.000;18.106;0.000;1.867
2019-05-23;0.000;17.514;0.000;1.867
2019-05-24;0.000;16.393;0.000;1.867
2019-05-25;0.000;15.492;0.000;1.867
2019-05-26;0.000;14.688;0.000;1.867
2019-05-27;0.000;14.080;0.000;1.867
2019-05-28;0.000;13.573;0.000;1.867
2019-05-29;9.100;16.390;0.000;1.867
2019-05-30;0.570;17.687;0.000;1.867
2019-05-31;0.070;17.332;0.000;1.867
2019-06-01;0.080;16.219;0.000;1.583
2019-06-02;16.310;16.141;0.000;1.583
2019-06-03;14.590;21.390;0.000;1.583
2019-06-04;0.060;31.194;0.000;1.583
2019-06-05;0.000;30.941;0.000;1.583
2019-06-06;0.000;26.162;0.000;1.583
2019-06-07;0.000;23.411;0.000;1.583
2019-06-08;0.000;21.102;0.000;1.583
2019-06-09;0.000;17.938;0.000;1.583
2019-06-10;0.000;16.082;0.000;1.583
2019-06-11;0.000;14.981;0.000;1.583
2019-06-12;0.000;14.346;0.000;1.583
2019-06-13;0.000;14.434;0.000;1.583
2019-06-14;0.000;14.149;0.000;1.583
2019-06-15;0.000;14.143;0.000;1.583
2019-06-16;0.000;14.208;0.000;1.583
2019-06-17;0.000;14.323;0.000;1.583
2019-06-18;0.000;14.347;0.000;1.583
2019-06-19;0.000;14.262;0.000;1.583
2019-06-20;0.000;14.122;0.000;1.583
2019-06-21;0.000;14.091;0.000;1.583
2019-06-22;0.000;13.930;0.000;1.583
2019-06-23;0.000;13.819;0.000;1.583
2019-06-24;0.000;13.832;0.000;1.583
2019-06-25;0.000;13.669;0.000;1.583
2019-06-26;0.000;13.469;0.000;1.583
2019-06-27;0.000;13.267;0.000;1.583
2019-06-28;0.000;13.020;0.000;1.583
2019-06-29;0.000;12.962;0.000;1.583
2019-06-30;0.000;12.986;0.000;1.583
2019-07-01;0.000;12.928;0.000;1.532
2019-07-02;0.000;12.921;0.000;1.532
2019-07-03;0.000;12.900;0.000;1.532
2019-07-04;51.140;14.884;0.000;1.532
2019-07-05;19.230;34.558;0.000;1.532
2019-07-06;0.000;48.255;0.000;1.532
2019-07-07;0.000;47.538;0.000;1.532
2019-07-08;0.000;37.610;0.000;1.532
2019-07-09;0.000;32.103;0.000;1.532
2019-07-10;0.000;27.107;0.000;1.532
2019-07-11;0.000;19.345;0.000;1.532
2019-07-12;0.000;16.012;0.000;1.532
2019-07-13;0.000;13.776;0.000;1.532
2019-07-14;0.000;13.602;0.000;1.532
2019-07-15;0.200;13.874;0.000;1.532
2019-07-16;0.310;14.462;0.000;1.532
2019-07-17;0.000;15.596;0.000;1.532
2019-07-18;0.000;15.777;0.000;1.532
2019-07-19;0.000;15.619;0.000;1.532
2019-07-20;0.000;15.321;0.000;1.532
2019-07-21;0.000;15.135;0.000;1.532
2019-07-22;0.000;14.787;0.000;1.532
2019-07-23;0.000;14.526;0.000;1.532
2019-07-24;0.000;14.279;0.000;1.532
2019-07-25;0.000;14.152;0.000;1.532
2019-07-26;0.000;14.044;0.000;1.532
2019-07-27;0.000;13.992;0.000;1.532
2019-07-28;0.000;13.903;0.000;1.532
2019-07-29;0.000;13.847;0.000;1.532
2019-07-30;1.730;13.664;0.000;1.532
2019-07-31;0.000;14.457;0.000;1.532
2019-08-01;0.000;15.206;0.000;1.916
2019-08-02;0.000;14.465;0.000;1.916
2019-08-03;0.310;14.416;0.000;1.916
2019-08-04;0.000;14.719;0.000;1.916
2019-08-05;0.000;14.766;0.000;1.916
2019-08-06;0.000;14.741;0.000;1.916
2019-08-07;0.000;14.612;0.000;1.916
2019-08-08;0.000;14.020;0.000;1.916
2019-08-09;0.000;13.285;0.000;1.916
2019-08-10;0.000;13.701;0.000;1.916
2019-08-11;0.000;13.143;0.000;1.916
2019-08-12;0.000;13.186;0.000;1.916
2019-08-13;0.000;13.091;0.000;1.916
2019-08-14;0.000;12.820;0.000;1.916
2019-08-15;0.000;12.890;0.000;1.916
2019-08-16;0.000;12.947;0.000;1.916
2019-08-17;0.000;13.012;0.000;1.916
2019-08-18;0.000;13.306;0.000;1.916
2019-08-19;0.580;13.292;0.000;1.916
2019-08-20;0.000;13.527;0.000;1.916
2019-08-21;0.000;13.633;0.000;1.916
2019-08-22;0.000;13.086;0.000;1.916
2019-08-23;0.000;13.008;0.000;1.916
2019-08-24;0.000;12.865;0.000;1.916
2019-08-25;0.000;12.670;0.000;1.916
2019-08-26;0.000;12.491;0.000;1.916
2019-08-27;0.000;12.367;0.000;1.916
2019-08-28;0.000;12.200;0.000;1.916
2019-08-29;0.000;12.054;0.000;1.916
2019-08-30;0.000;11.981;0.000;1.916
2019-08-31;0.000;12.018;0.000;1.916
2019-09-01;12.010;12.083;0.000;2.580
2019-09-02;3.250;16.850;0.000;2.580
2019-09-03;1.220;18.865;0.000;2.580
2019-09-04;0.000;16.991;0.000;2.580
2019-09-05;2.230;16.552;0.000;2.580
2019-09-06;0.020;15.963;0.000;2.580
2019-09-07;0.000;16.230;0.000;2.580
2019-09-08;0.000;15.430;0.000;2.580
2019-09-09;0.000;14.806;0.000;2.580
2019-09-10;0.000;13.921;0.000;2.580
2019-09-11;0.000;12.800;0.000;2.580
2019-09-12;2.460;12.031;0.000;2.580
2019-09-13;0.000;11.606;0.000;2.580
2019-09-14;0.000;11.319;0.000;2.580
2019-09-15;0.020;11.191;0.000;2.580
2019-09-16;0.000;11.640;0.000;2.580
2019-09-17;0.000;12.074;0.000;2.580
2019-09-18;0.000;12.239;0.000;2.580
2019-09-19;0.090;12.322;0.000;2.580
2019-09-20;0.100;12.281;0.000;2.580
2019-09-21;1.060;12.274;0.000;2.580
2019-09-22;0.000;12.345;0.000;2.580
2019-09-23;0.000;12.564;0.000;2.580
2019-09-24;0.000;12.586;0.000;2.580
2019-09-25;0.070;12.818;0.000;2.580
2019-09-26;8.520;15.424;0.000;2.580
2019-09-27;0.000;15.864;0.000;2.580
2019-09-28;0.000;15.302;0.000;2.580
2019-09-29;0.000;14.673;0.000;2.580
2019-09-30;0.000;13.922;0.000;2.580
2019-10-01;0.000;13.059;0.000;3.418
2019-10-02;0.000;12.139;0.000;3.418
2019-10-03;0.000;11.410;0.000;3.418
2019-10-04;0.000;10.880;0.000;3.418
2019-10-05;0.000;10.506;0.000;3.418
2019-10-06;0.390;10.489;0.000;3.418
2019-10-07;1.250;10.763;0.000;3.418
2019-10-08;9.210;11.374;0.000;3.418
2019-10-09;0.450;13.375;0.000;3.418
2019-10-10;0.120;14.416;0.000;3.418
2019-10-11;0.000;14.010;0.000;3.418
2019-10-12;0.000;13.761;0.000;3.418
2019-10-13;0.000;13.254;0.000;3.418
2019-10-14;0.000;12.525;0.000;3.418
2019-10-15;0.000;11.543;0.000;3.418
2019-10-16;0.000;10.751;0.000;3.418
2019-10-17;1.460;10.374;0.000;3.418
2019-10-18;1.760;10.250;0.000;3.418
2019-10-19;1.850;10.066;0.000;3.418
2019-10-20;0.000;9.903;0.000;3.418
2019-10-21;0.840;9.928;0.000;3.418
2019-10-22;0.090;10.421;0.000;3.418
2019-10-23;0.000;10.618;0.000;3.418
2019-10-24;2.900;10.679;0.000;3.418
2019-10-25;0.000;10.517;0.000;3.418
2019-10-26;0.160;10.701;0.000;3.418
2019-10-27;2.440;10.484;0.000;3.418
2019-10-28;10.960;10.619;0.000;3.418
2019-10-29;1.890;11.618;0.000;3.418
2019-10-30;5.190;11.606;0.000;3.418
2019-10-31;0.000;11.588;0.000;3.418
2019-11-01;0.000;11.265;0.000;3.717
2019-11-02;0.000;11.024;0.000;3.717
2019-11-03;0.000;10.734;0.000;3.717
2019-11-04;1.420;10.623;0.000;3.717
2019-11-05;20.640;11.299;0.000;3.717
2019-11-06;0.030;13.798;0.000;3.717
2019-11-07;1.200;13.081;0.000;3.717
2019-11-08;21.700;12.961;0.000;3.717
2019-11-09;0.000;21.230;0.000;3.717
2019-11-10;1.060;24.323;0.000;3.717
2019-11-11;0.000;19.589;0.000;3.717
2019-11-12;0.000;17.405;0.000;3.717
2019-11-13;8.410;15.609;0.000;3.717
2019-11-14;14.290;19.510;0.000;3.717
2019-11-15;1.480;24.870;0.000;3.717
2019-11-16;0.000;32.496;0.000;3.717
2019-11-17;0.000;27.826;0.000;3.717
2019-11-18;0.000;20.828;0.000;3.717
2019-11-19;0.000;16.792;0.000;3.717
2019-11-20;0.570;13.491;0.000;3.717
2019-11-21;0.000;14.834;0.000;3.717
2019-11-22;0.150;12.681;0.000;3.717
2019-11-23;7.130;10.411;0.000;3.717
2019-11-24;0.000;9.338;0.000;3.717
2019-11-25;0.000;10.216;0.000;3.717
2019-11-26;0.000;10.109;0.000;3.717
2019-11-27;17.240;10.272;0.000;3.717
2019-11-28;0.280;17.498;0.000;3.717
2019-11-29;0.000;22.537;0.000;3.717
2019-11-30;15.760;22.841;0.000;3.717
2019-12-01;6.720;27.295;0.000;4.236
2019-12-02;0.000;33.196;0.000;4.236
2019-12-03;0.000;29.755;0.000;4.236
2019-12-04;0.900;24.327;0.000;4.236
2019-12-05;9.780;20.845;0.000;4.236
2019-12-06;6.480;31.145;0.000;4.236
2019-12-07;0.000;34.488;0.000;4.236
2019-12-08;0.000;26.698;0.000;4.236
2019-12-09;0.900;20.469;0.000;4.236
2019-12-10;8.210;17.180;0.000;4.236
2019-12-11;12.580;16.076;0.000;4.236
2019-12-12;0.000;21.273;0.000;4.236
2019-12-13;0.930;27.826;0.000;4.236
2019-12-14;6.500;27.801;0.000;4.236
2019-12-15;0.000;36.285;0.000;4.236
2019-12-16;0.000;22.852;0.000;4.236
2019-12-17;4.680;14.777;0.000;4.236
2019-12-18;3.190;14.979;0.000;4.236
2019-12-19;0.230;17.983;0.000;4.236
2019-12-20;0.000;17.623;0.000;4.236
2019-12-21;0.050;16.077;0.000;4.236
2019-12-22;2.990;14.334;0.000;4.236
2019-12-23;23.680;25.741;0.000;4.236
2019-12-24;0.000;36.010;0.000;4.236
2019-12-25;0.000;33.971;0.000;4.236
2019-12-26;0.000;28.046;0.000;4.236
2019-12-27;0.000;22.738;0.000;4.236
2019-12-28;0.000;17.982;0.000;4.236
2019-12-29;0.000;13.879;0.000;4.236
2019-12-30;9.030;12.229;0.000;4.236
2019-12-31;0.460;11.460;0.000;4.236
2020-01-01;3.620;14.446;0.000;4.281
2020-01-02;18.190;13.608;0.000;4.281
2020-01-03;0.060;42.679;0.000;4.281
2020-01-04;1.230;47.501;0.000;4.281
2020-01-05;15.530;43.221;0.000;4.281
2020-01-06;0.840;50.883;0.000;4.281
2020-01-07;17.780;44.402;0.000;4.281
2020-01-08;20.500;37.923;0.000;4.281
2020-01-09;3.590;41.953;0.000;4.281
2020-01-10;0.480;49.262;0.000;4.281
2020-01-11;3.800;46.676;0.000;4.281
2020-01-12;1.830;36.392;0.000;4.281
2020-01-13;2.090;26.159;0.000;4.281
2020-01-14;0.000;20.069;0.000;4.281
2020-01-15;0.000;18.179;0.000;4.281
2020-01-16;9.850;15.069;0.000;4.281
2020-01-17;0.040;16.377;0.000;4.281
2020-01-18;0.550;21.925;0.000;4.281
2020-01-19;0.000;17.425;0.000;4.281
2020-01-20;0.000;15.834;0.000;4.281
2020-01-21;0.000;14.824;0.000;4.281
2020-01-22;0.000;13.897;0.000;4.281
2020-01-23;1.320;13.915;0.000;4.281
2020-01-24;0.000;17.299;0.000;4.281
2020-01-25;0.000;17.815;0.000;4.281
2020-01-26;0.000;16.579;0.000;4.281
2020-01-27;0.000;15.319;0.000;4.281
2020-01-28;11.890;14.520;0.000;4.281
2020-01-29;0.000;18.540;0.000;4.281
2020-01-30;4.560;24.456;0.000;4.281
2020-01-31;4.580;21.982;0.000;4.281
2020-02-01;12.350;22.886;0.000;4.377
2020-02-02;20.130;28.046;0.000;4.377
2020-02-03;4.040;39.700;0.000;4.377
2020-02-04;11.420;42.416;0.000;4.377
2020-02-05;0.690;57.482;0.000;4.377
2020-02-06;2.450;57.460;0.000;4.377
2020-02-07;0.380;55.489;0.000;4.377
2020-02-08;0.820;50.513;0.000;4.377
2020-02-09;10.980;42.662;0.000;4.377
2020-02-10;35.560;53.148;0.000;4.377
2020-02-11;0.120;71.058;0.000;4.377
2020-02-12;0.000;72.861;0.000;4.377
2020-02-13;0.000;66.402;0.000;4.377
2020-02-14;0.000;52.009;0.000;4.377
2020-02-15;0.000;43.213;0.000;4.377
2020-02-16;0.730;36.343;0.000;4.377
2020-02-17;1.130;27.087;0.000;4.377
2020-02-18;1.180;24.255;0.000;4.377
2020-02-19;0.410;22.111;0.000;4.377
2020-02-20;21.490;20.515;0.000;4.377
2020-02-21;25.120;27.369;0.000;4.377
2020-02-22;0.210;60.478;0.000;4.377
2020-02-23;0.000;66.396;0.000;4.377
2020-02-24;19.540;52.413;0.000;4.377
2020-02-25;19.230;52.775;0.000;4.377
2020-02-26;13.860;70.766;0.000;4.377
2020-02-27;9.810;85.043;0.000;4.377
2020-02-28;6.410;85.347;0.000;4.377
2020-02-29;1.760;78.136;0.000;4.377
2020-03-01;0.000;69.548;0.000;3.878
2020-03-02;0.150;59.021;0.000;3.878
2020-03-03;0.000;51.234;0.000;3.878
2020-03-04;0.000;45.266;0.000;3.878
2020-03-05;0.000;38.442;0.000;3.878
2020-03-06;0.000;26.847;0.000;3.878
2020-03-07;0.000;24.478;0.000;3.878
2020-03-08;4.060;23.384;0.000;3.878
2020-03-09;0.860;25.141;0.000;3.878
2020-03-10;0.000;24.905;0.000;3.878
2020-03-11;0.000;22.175;0.000;3.878
2020-03-12;0.000;20.495;0.000;3.878
2020-03-13;0.000;19.564;0.000;3.878
2020-03-14;0.020;19.137;0.000;3.878
2020-03-15;0.890;18.610;0.000;3.878
2020-03-16;6.870;18.646;0.000;3.878
2020-03-17;6.680;22.235;0.000;3.878
2020-03-18;0.410;23.037;0.000;3.878
2020-03-19;0.130;20.968;0.000;3.878
2020-03-20;6.980;20.294;0.000;3.878
2020-03-21;0.000;22.959;0.000;3.878
2020-03-22;0.000;20.268;0.000;3.878
2020-03-23;0.000;19.353;0.000;3.878
2020-03-24;0.000;18.207;0.000;3.878
2020-03-25;0.000;17.252;0.000;3.878
2020-03-26;0.000;16.277;0.000;3.878
2020-03-27;0.000;15.462;0.000;3.878
2020-03-28;0.000;14.763;0.000;3.878
2020-03-29;13.280;14.047;0.000;3.878
2020-03-30;0.000;17.018;0.000;3.878
2020-03-31;0.000;17.526;0.000;3.878
2020-04-01;0.000;16.805;0.000;3.104
2020-04-02;0.000;15.943;0.000;3.104
2020-04-03;0.010;15.373;0.000;3.104
2020-04-04;0.000;15.048;0.000;3.104
2020-04-05;0.000;14.568;0.000;3.104
2020-04-06;0.000;14.108;0.000;3.104
2020-04-07;0.000;13.962;0.000;3.104
2020-04-08;0.000;13.906;0.000;3.104
2020-04-09;0.000;13.687;0.000;3.104
2020-04-10;0.000;13.743;0.000;3.104
2020-04-11;0.000;13.636;0.000;3.104
2020-04-12;0.000;13.671;0.000;3.104
2020-04-13;0.000;13.642;0.000;3.104
2020-04-14;0.540;13.793;0.000;3.104
2020-04-15;0.000;14.119;0.000;3.104
2020-04-16;0.000;14.283;0.000;3.104
2020-04-17;0.000;14.356;0.000;3.104
2020-04-18;0.000;13.784;0.000;3.104
2020-04-19;0.000;13.344;0.000;3.104
2020-04-20;0.000;12.969;0.000;3.104
2020-04-21;0.000;12.705;0.000;3.104
2020-04-22;0.000;12.432;0.000;3.104
2020-04-23;0.000;12.249;0.000;3.104
2020-04-24;0.000;12.062;0.000;3.104
2020-04-25;0.000;12.086;0.000;3.104
2020-04-26;0.000;12.276;0.000;3.104
2020-04-27;0.000;12.321;0.000;3.104
2020-04-28;0.000;12.455;0.000;3.104
2020-04-29;0.000;12.660;0.293;3.104
2020-04-30;0.000;12.654;0.291;3.104
2020-05-01;0.000;12.567;0.285;1.867
2020-05-02;0.000;12.436;0.321;1.867
2020-05-03;0.000;12.415;0.288;1.867
2020-05-04;0.000;12.646;0.260;1.867
2020-05-05;0.000;12.864;0.312;1.867
2020-05-06;0.380;12.648;0.000;1.867
2020-05-07;0.000;11.749;0.000;1.867
2020-05-08;0.000;10.960;0.322;1.867
2020-05-09;0.000;10.828;0.147;1.867
2020-05-10;0.000;10.974;0.156;1.867
2020-05-11;0.000;11.422;0.138;1.867
2020-05-12;0.000;11.653;0.164;1.867
2020-05-13;0.000;11.844;0.247;1.867
2020-05-14;0.000;11.983;0.169;1.867
2020-05-15;0.000;12.136;0.230;1.867
2020-05-16;0.000;12.478;0.174;1.867
2020-05-17;0.000;12.183;0.155;1.867
2020-05-18;0.000;12.322;0.182;1.867
2020-05-19;0.930;12.150;0.286;1.867
2020-05-20;0.000;12.073;0.313;1.867
2020-05-21;0.000;11.938;0.330;1.867
2020-05-22;0.380;11.945;0.328;1.867
2020-05-23;5.450;12.717;0.316;1.867
2020-05-24;0.000;13.876;0.297;1.867
2020-05-25;0.000;14.231;0.273;1.867
2020-05-26;0.000;13.770;0.298;1.867
2020-05-27;0.000;13.658;0.318;1.867
2020-05-28;0.000;13.420;0.348;1.867
2020-05-29;0.000;13.274;0.290;1.867
2020-05-30;0.000;13.138;0.268;1.867
2020-05-31;0.000;12.849;0.278;1.867
2020-06-01;0.000;12.967;0.298;1.583
2020-06-02;0.050;12.656;0.314;1.583
2020-06-03;0.000;12.591;0.289;1.583
2020-06-04;0.020;12.636;0.318;1.583
2020-06-05;0.020;12.823;0.299;1.583
2020-06-06;9.060;13.066;0.295;1.583
2020-06-07;24.160;28.487;0.231;1.583
2020-06-08;0.770;27.622;0.298;1.583
2020-06-09;2.020;22.752;0.332;1.583
2020-06-10;0.000;20.029;0.329;1.583
2020-06-11;0.000;17.550;0.370;1.583
2020-06-12;0.000;14.867;0.327;1.583
2020-06-13;0.000;13.210;0.346;1.583
2020-06-14;0.000;12.079;0.318;1.583
2020-06-15;0.000;11.934;0.334;1.583
2020-06-16;0.000;12.088;0.343;1.583
2020-06-17;0.000;12.475;0.331;1.583
2020-06-18;0.000;12.302;0.347;1.583
2020-06-19;0.000;12.494;0.315;1.583
2020-06-20;0.000;12.717;0.342;1.583
2020-06-21;0.000;12.809;0.308;1.583
2020-06-22;0.000;12.944;0.339;1.583
2020-06-23;0.000;12.931;0.345;1.583
2020-06-24;0.000;12.924;0.349;1.583
2020-06-25;0.000;12.941;0.287;1.583
2020-06-26;2.300;12.864;0.337;1.583
2020-06-27;23.770;15.415;0.266;1.583
2020-06-28;0.000;20.886;0.312;1.583
2020-06-29;0.000;21.763;0.329;1.583
2020-06-30;0.000;19.216;0.363;1.583
2020-07-01;2.140;17.382;0.302;1.532
2020-07-02;0.000;15.966;0.331;1.532
2020-07-03;0.000;14.519;0.346;1.532
2020-07-04;0.000;13.356;0.328;1.532
2020-07-05;0.000;12.576;0.314;1.532
2020-07-06;0.000;12.475;0.344;1.532
2020-07-07;0.000;12.537;0.340;1.532
2020-07-08;0.290;12.496;0.322;1.532
2020-07-09;0.560;12.546;0.343;1.532
2020-07-10;0.000;12.576;0.301;1.532
2020-07-11;0.000;12.590;0.315;1.532
2020-07-12;0.000;12.558;0.252;1.532
2020-07-13;0.000;12.481;0.315;1.532
2020-07-14;0.000;12.446;0.351;1.532
2020-07-15;0.000;12.427;0.302;1.532
2020-07-16;0.000;12.355;0.354;1.532
2020-07-17;0.000;12.069;0.350;1.532
2020-07-18;0.000;12.005;0.292;1.532
2020-07-19;0.000;12.098;0.303;1.532
2020-07-20;0.000;12.165;0.328;1.532
2020-07-21;0.000;12.306;0.347;1.532
2020-07-22;0.000;12.140;0.337;1.532
2020-07-23;0.000;12.072;0.299;1.532
2020-07-24;0.000;12.277;0.330;1.532
2020-07-25;0.000;12.465;0.317;1.532
2020-07-26;0.000;12.863;0.339;1.532
2020-07-27;0.000;13.362;0.142;1.532
2020-07-28;0.000;12.866;0.350;1.532
2020-07-29;0.000;12.091;0.300;1.532
2020-07-30;0.880;11.890;0.281;1.532
2020-07-31;0.000;11.808;0.360;1.532
2020-08-01;0.000;11.400;0.340;1.916
2020-08-02;0.000;11.079;0.291;1.916
2020-08-03;0.000;10.883;0.327;1.916
2020-08-04;0.000;10.618;0.324;1.916
2020-08-05;0.000;10.563;0.317;1.916
2020-08-06;0.000;10.548;0.287;1.916
2020-08-07;0.000;10.639;0.335;1.916
2020-08-08;0.000;10.921;0.293;1.916
2020-08-09;0.000;11.248;0.306;1.916
2020-08-10;0.000;11.371;0.347;1.916
2020-08-11;0.000;11.245;0.284;1.916
2020-08-12;0.000;11.344;0.318;1.916
2020-08-13;0.000;11.560;0.301;1.916
2020-08-14;0.000;11.675;0.295;1.916
2020-08-15;0.000;11.767;0.363;1.916
2020-08-16;1.090;11.819;0.284;1.916
2020-08-17;10.700;12.478;0.306;1.916
2020-08-18;15.760;20.765;0.242;1.916
2020-08-19;0.080;24.351;0.334;1.916
2020-08-20;0.010;21.988;0.211;1.916
2020-08-21;4.330;19.694;0.259;1.916
2020-08-22;0.000;19.213;0.000;1.916
2020-08-23;0.000;17.916;0.297;1.916
2020-08-24;0.000;15.555;0.287;1.916
2020-08-25;0.000;13.908;0.350;1.916
2020-08-26;0.000;12.178;0.317;1.916
2020-08-27;0.000;11.256;0.327;1.916
2020-08-28;0.000;10.708;0.363;1.916
2020-08-29;0.000;10.452;0.150;1.916
2020-08-30;0.000;10.598;0.314;1.916
2020-08-31;0.000;11.200;0.277;1.916
2020-09-01;0.000;11.788;0.332;2.580
2020-09-02;0.000;12.377;0.349;2.580
2020-09-03;0.000;12.473;0.334;2.580
2020-09-04;0.000;12.445;0.377;2.580
2020-09-05;0.000;12.392;0.346;2.580
2020-09-06;0.000;12.349;0.356;2.580
2020-09-07;0.000;12.238;0.354;2.580
2020-09-08;0.000;12.202;0.341;2.580
2020-09-09;0.000;12.074;0.356;2.580
2020-09-10;0.000;12.008;0.352;2.580
2020-09-11;0.000;11.846;0.322;2.580
2020-09-12;0.000;11.681;0.353;2.580
2020-09-13;0.000;11.560;0.347;2.580
2020-09-14;0.000;11.456;0.375;2.580
2020-09-15;0.000;11.240;0.353;2.580
2020-09-16;0.000;11.246;0.375;2.580
2020-09-17;0.000;11.198;0.358;2.580
2020-09-18;0.000;11.296;0.364;2.580
2020-09-19;0.000;11.142;0.360;2.580
2020-09-20;0.130;11.178;0.335;2.580
2020-09-21;2.090;11.372;0.326;2.580
2020-09-22;11.210;14.098;0.324;2.580
2020-09-23;0.000;16.889;0.319;2.580
2020-09-24;0.000;15.862;0.314;2.580
2020-09-25;0.000;14.320;0.330;2.580
2020-09-26;0.000;13.486;0.327;2.580
2020-09-27;0.000;12.785;0.341;2.580
2020-09-28;0.180;12.224;0.365;2.580
2020-09-29;0.000;10.950;0.340;2.580
2020-09-30;0.000;7.998;0.352;2.580
2020-10-01;0.000;10.308;0.370;3.418
2020-10-02;0.000;10.968;0.372;3.418
2020-10-03;0.250;11.072;0.371;3.418
2020-10-04;0.000;11.044;0.364;3.418
2020-10-05;0.000;11.104;0.368;3.418
2020-10-06;0.020;11.076;0.329;3.418
2020-10-07;0.000;11.362;0.372;3.418
2020-10-08;1.020;11.474;0.335;3.418
2020-10-09;8.850;12.321;0.352;3.418
2020-10-10;0.000;13.757;0.337;3.418
2020-10-11;0.000;14.086;0.276;3.418
2020-10-12;0.000;13.554;0.347;3.418
2020-10-13;0.000;13.098;0.362;3.418
2020-10-14;0.000;12.615;0.339;3.418
2020-10-15;2.300;12.298;0.349;3.418
2020-10-16;0.000;12.165;0.330;3.418
2020-10-17;0.000;12.059;0.317;3.418
2020-10-18;0.000;11.722;0.344;3.418
2020-10-19;1.130;11.535;0.361;3.418
2020-10-20;1.630;11.411;0.353;3.418
2020-10-21;0.000;11.465;0.327;3.418
2020-10-22;0.000;12.295;0.346;3.418
2020-10-23;0.000;11.766;0.319;3.418
2020-10-24;1.790;12.594;0.319;3.418
2020-10-25;3.800;11.654;0.360;3.418
2020-10-26;0.000;11.731;0.347;3.418
2020-10-27;0.000;11.630;0.326;3.418
2020-10-28;0.000;11.166;0.348;3.418
2020-10-29;6.720;10.900;0.376;3.418
2020-10-30;2.450;11.418;0.331;3.418
2020-10-31;0.000;13.110;0.353;3.418
2020-11-01;0.000;12.881;0.331;3.717
2020-11-02;0.000;12.545;0.309;3.717
2020-11-03;0.010;12.123;0.310;3.717
2020-11-04;0.240;11.575;0.376;3.717
2020-11-05;0.000;11.200;0.318;3.717
2020-11-06;0.000;10.874;0.333;3.717
2020-11-07;0.000;10.544;0.368;3.717
2020-11-08;0.000;10.313;0.344;3.717
2020-11-09;11.950;10.317;0.326;3.717
2020-11-10;3.020;12.049;0.373;3.717
2020-11-11;17.980;14.087;0.315;3.717
2020-11-12;0.000;19.128;0.317;3.717
2020-11-13;2.170;21.197;0.342;3.717
2020-11-14;0.190;17.929;0.328;3.717
2020-11-15;0.000;14.939;0.308;3.717
2020-11-16;3.510;13.557;0.351;3.717
2020-11-17;18.450;12.637;0.354;3.717
2020-11-18;15.250;19.712;0.353;3.717
2020-11-19;2.830;24.374;0.340;3.717
2020-11-20;0.000;22.739;0.312;3.717
2020-11-21;0.000;20.239;0.324;3.717
2020-11-22;0.000;17.534;0.340;3.717
2020-11-23;0.000;14.037;0.311;3.717
2020-11-24;0.000;11.356;0.343;3.717
2020-11-25;0.000;9.845;0.378;3.717
2020-11-26;1.680;8.972;0.390;3.717
2020-11-27;4.630;9.316;0.359;3.717
2020-11-28;0.000;11.126;0.355;3.717
2020-11-29;0.920;12.356;0.342;3.717
2020-11-30;6.470;12.774;0.375;3.717
2020-12-01;2.340;18.287;0.377;4.236
2020-12-02;0.000;20.068;0.362;4.236
2020-12-03;5.280;17.276;0.329;4.236
2020-12-04;0.000;17.122;0.357;4.236
2020-12-05;1.050;15.345;0.332;4.236
2020-12-06;6.050;14.336;0.335;4.236
2020-12-07;21.260;13.755;0.347;4.236
2020-12-08;1.780;28.578;0.371;4.236
2020-12-09;6.120;38.293;0.356;4.236
2020-12-10;0.000;32.724;0.331;4.236
2020-12-11;9.730;27.435;0.362;4.236
2020-12-12;1.230;28.974;0.263;4.236
2020-12-13;3.170;25.898;0.347;4.236
2020-12-14;2.620;24.913;0.332;4.236
2020-12-15;7.650;23.612;0.158;4.236
2020-12-16;2.200;24.416;0.297;4.236
2020-12-17;4.420;21.629;0.328;4.236
2020-12-18;0.750;18.757;0.375;4.236
2020-12-19;0.540;15.469;0.360;4.236
2020-12-20;0.910;14.351;0.319;4.236
2020-12-21;5.150;12.756;0.330;4.236
2020-12-22;0.000;12.727;0.369;4.236
2020-12-23;0.000;12.368;0.394;4.236
2020-12-24;0.000;12.081;0.393;4.236
2020-12-25;0.000;11.731;0.335;4.236
2020-12-26;9.360;11.880;0.324;4.236
2020-12-27;9.660;18.067;0.356;4.236
2020-12-28;11.900;23.408;0.326;4.236
2020-12-29;2.200;27.894;0.364;4.236
2020-12-30;2.550;26.674;0.357;4.236
2020-12-31;10.930;28.962;0.350;4.236
2021-01-01;7.550;34.425;0.372;4.281
2021-01-02;0.000;29.114;0.364;4.281
2021-01-03;3.640;23.221;0.372;4.281
2021-01-04;0.060;15.843;0.354;4.281
2021-01-05;0.000;15.047;0.366;4.281
2021-01-06;10.280;17.690;0.344;4.281
2021-01-07;8.420;26.530;0.323;4.281
2021-01-08;0.010;21.784;0.298;4.281
2021-01-09;2.240;17.788;0.353;4.281
2021-01-10;2.540;26.336;0.306;4.281
2021-01-11;15.380;27.000;0.396;4.281
2021-01-12;5.460;47.571;0.352;4.281
2021-01-13;21.230;48.829;0.358;4.281
2021-01-14;2.710;64.558;0.315;4.281
2021-01-15;8.770;59.173;0.365;4.281
2021-01-16;3.830;61.911;0.364;4.281
2021-01-17;0.240;57.850;0.353;4.281
2021-01-18;0.020;51.106;0.290;4.281
2021-01-19;0.230;43.322;0.378;4.281
2021-01-20;0.000;35.409;0.385;4.281
2021-01-21;0.340;29.136;0.357;4.281
2021-01-22;0.000;21.435;0.369;4.281
2021-01-23;4.670;16.930;0.313;4.281
2021-01-24;1.000;18.034;0.363;4.281
2021-01-25;6.870;15.546;0.348;4.281
2021-01-26;4.870;24.040;0.343;4.281
2021-01-27;0.000;20.291;0.358;4.281
2021-01-28;5.930;25.601;0.390;4.281
2021-01-29;0.000;22.418;0.335;4.281
2021-01-30;0.000;18.030;0.383;4.281
2021-01-31;0.000;15.308;0.320;4.281
2021-02-01;0.000;13.480;0.368;4.377
2021-02-02;0.460;12.437;0.338;4.377
2021-02-03;0.020;12.304;0.312;4.377
2021-02-04;0.340;13.034;0.378;4.377
2021-02-05;10.420;14.005;0.379;4.377
2021-02-06;0.000;18.053;0.336;4.377
2021-02-07;0.000;21.640;0.319;4.377
2021-02-08;0.000;20.928;0.388;4.377
2021-02-09;0.030;20.551;0.356;4.377
2021-02-10;3.060;19.029;0.358;4.377
2021-02-11;21.970;17.261;0.341;4.377
2021-02-12;2.620;21.719;0.297;4.377
2021-02-13;6.110;20.896;0.359;4.377
2021-02-14;0.200;21.451;0.307;4.377
2021-02-15;0.130;20.817;0.371;4.377
2021-02-16;1.790;20.901;0.375;4.377
2021-02-17;6.510;20.687;0.373;4.377
2021-02-18;2.250;17.905;0.344;4.377
2021-02-19;0.000;16.408;0.366;4.377
2021-02-20;0.000;15.146;0.336;4.377
2021-02-21;1.070;13.080;0.329;4.377
2021-02-22;0.000;10.671;0.356;4.377
2021-02-23;0.000;10.065;0.344;4.377
2021-02-24;0.000;10.362;0.358;4.377
2021-02-25;2.880;11.879;0.327;4.377
2021-02-26;4.390;13.661;0.375;4.377
2021-02-27;1.800;16.796;0.352;4.377
2021-02-28;0.260;19.351;0.342;4.377
2021-03-01;0.140;21.650;0.351;3.878
2021-03-02;0.000;17.768;0.367;3.878
2021-03-03;0.000;16.053;0.370;3.878
2021-03-04;1.160;14.549;0.363;3.878
2021-03-05;5.710;13.465;0.337;3.878
2021-03-06;14.950;15.731;0.369;3.878
2021-03-07;4.820;33.277;0.385;3.878
2021-03-08;0.040;44.139;0.319;3.878
2021-03-09;0.510;57.243;0.329;3.878
2021-03-10;2.400;52.225;0.365;3.878
2021-03-11;0.530;42.095;0.350;3.878
2021-03-12;1.110;34.927;0.360;3.878
2021-03-13;0.000;28.336;0.313;3.878
2021-03-14;0.000;20.069;0.330;3.878
2021-03-15;0.000;15.735;0.340;3.878
2021-03-16;0.010;16.407;0.305;3.878
2021-03-17;0.820;15.294;0.358;3.878
2021-03-18;7.210;18.714;0.276;3.878
2021-03-19;1.590;24.729;0.314;3.878
2021-03-20;0.000;29.149;0.369;3.878
2021-03-21;0.000;26.269;0.359;3.878
2021-03-22;0.000;22.850;0.358;3.878
2021-03-23;0.000;20.330;0.377;3.878
2021-03-24;0.800;16.724;0.360;3.878
2021-03-25;0.000;14.026;0.358;3.878
2021-03-26;0.210;12.135;0.374;3.878
2021-03-27;1.450;11.466;0.309;3.878
2021-03-28;0.680;11.735;0.353;3.878
2021-03-29;0.520;12.120;0.378;3.878
2021-03-30;3.960;12.635;0.367;3.878
2021-03-31;0.000;13.088;0.359;3.878
2021-04-01;0.000;14.785;0.395;3.104
2021-04-02;0.000;14.471;0.338;3.104
2021-04-03;0.000;14.273;0.289;3.104
2021-04-04;0.000;14.090;0.331;3.104
2021-04-05;0.000;13.701;0.333;3.104
2021-04-06;1.780;13.378;0.380;3.104
2021-04-07;0.000;13.534;0.350;3.104
2021-04-08;0.000;13.776;0.332;3.104
2021-04-09;0.000;12.923;0.369;3.104
2021-04-10;0.000;12.275;0.317;3.104
2021-04-11;0.000;12.152;0.130;3.104
2021-04-12;0.000;12.009;0.214;3.104
2021-04-13;0.000;11.678;0.452;3.104
2021-04-14;0.000;11.504;0.325;3.104
2021-04-15;0.000;11.435;0.402;3.104
2021-04-16;0.000;11.660;0.421;3.104
2021-04-17;0.000;11.916;0.415;3.104
2021-04-18;5.130;12.940;0.435;3.104
2021-04-19;0.000;13.902;0.433;3.104
2021-04-20;0.000;13.879;0.422;3.104
2021-04-21;0.000;13.526;0.454;3.104
2021-04-22;0.000;13.294;0.430;3.104
2021-04-23;0.000;13.198;0.402;3.104
2021-04-24;0.000;12.931;0.191;3.104
2021-04-25;0.000;12.438;0.220;3.104
2021-04-26;0.000;12.296;0.442;3.104
2021-04-27;0.000;12.786;0.424;3.104
2021-04-28;0.000;12.238;0.349;3.104
2021-04-29;0.000;12.016;0.288;3.104
2021-04-30;0.000;12.088;0.438;3.104
2021-05-01;0.000;11.833;0.441;1.867
2021-05-02;0.000;11.645;0.429;1.867
2021-05-03;0.000;11.649;0.393;1.867
2021-05-04;0.000;11.575;0.423;1.867
2021-05-05;0.000;11.830;0.465;1.867
2021-05-06;0.000;11.880;0.446;1.867
2021-05-07;0.000;11.569;0.410;1.867
2021-05-08;0.000;11.772;0.359;1.867
2021-05-09;0.000;12.063;0.420;1.867
2021-05-10;0.000;12.458;0.460;1.867
2021-05-11;0.000;12.507;0.429;1.867
2021-05-12;9.540;12.677;0.438;1.867
2021-05-13;2.670;14.688;0.428;1.867
2021-05-14;0.000;16.337;0.447;1.867
2021-05-15;0.050;15.884;0.442;1.867
2021-05-16;0.000;15.676;0.335;1.867
2021-05-17;0.000;14.986;0.426;1.867
2021-05-18;0.000;13.549;0.433;1.867
2021-05-19;0.000;12.219;0.419;1.867
2021-05-20;0.000;11.026;0.426;1.867
2021-05-21;0.000;10.346;0.445;1.867
2021-05-22;9.310;10.611;0.435;1.867
2021-05-23;0.000;12.270;0.382;1.867
2021-05-24;0.000;12.812;0.450;1.867
2021-05-25;0.000;12.722;0.435;1.867
2021-05-26;0.000;12.630;0.458;1.867
2021-05-27;0.000;12.622;0.431;1.867
2021-05-28;0.000;12.690;0.423;1.867
2021-05-29;0.680;12.626;0.428;1.867
2021-05-30;5.030;12.811;0.300;1.867
2021-05-31;0.000;12.733;0.320;1.867
2021-06-01;0.000;14.564;0.410;1.583
2021-06-02;0.000;14.541;0.408;1.583
2021-06-03;0.000;14.539;0.423;1.583
2021-06-04;0.000;13.730;0.376;1.583
2021-06-05;0.000;12.812;0.431;1.583
2021-06-06;0.000;12.134;0.403;1.583
2021-06-07;0.090;11.797;0.391;1.583
2021-06-08;0.000;11.749;0.403;1.583
2021-06-09;0.000;11.515;0.441;1.583
2021-06-10;0.870;11.259;0.431;1.583
2021-06-11;0.000;11.256;0.430;1.583
2021-06-12;0.000;11.433;0.406;1.583
2021-06-13;0.000;11.545;0.423;1.583
2021-06-14;0.000;11.500;0.312;1.583
2021-06-15;0.000;11.223;0.182;1.583
2021-06-16;0.000;11.295;0.294;1.583
2021-06-17;0.000;10.886;0.333;1.583
2021-06-18;0.000;10.720;0.368;1.583
2021-06-19;0.210;10.668;0.382;1.583
2021-06-20;0.330;10.779;0.424;1.583
2021-06-21;0.000;10.861;0.406;1.583
2021-06-22;4.120;11.365;0.444;1.583
2021-06-23;0.000;12.878;0.428;1.583
2021-06-24;0.000;13.323;0.458;1.583
2021-06-25;0.000;12.711;0.426;1.583
2021-06-26;0.000;12.215;0.434;1.583
2021-06-27;0.000;11.783;0.454;1.583
2021-06-28;0.000;12.044;0.419;1.583
2021-06-29;0.000;11.050;0.427;1.583
2021-06-30;0.000;10.689;0.413;1.583
2021-07-01;0.000;10.544;0.464;1.532
2021-07-02;0.000;10.439;0.445;1.532
2021-07-03;0.000;10.325;0.446;1.532
2021-07-04;0.000;10.388;0.450;1.532
2021-07-05;0.060;10.431;0.368;1.532
2021-07-06;0.000;10.464;0.441;1.532
2021-07-07;0.000;10.461;0.418;1.532
2021-07-08;0.000;10.514;0.430;1.532
2021-07-09;0.000;10.531;0.431;1.532
2021-07-10;0.000;10.549;0.449;1.532
2021-07-11;0.000;10.496;0.447;1.532
2021-07-12;0.000;10.533;0.430;1.532
2021-07-13;0.000;10.550;0.448;1.532
2021-07-14;0.010;10.364;0.464;1.532
2021-07-15;0.000;10.287;0.435;1.532
2021-07-16;0.000;10.287;0.446;1.532
2021-07-17;0.000;10.303;0.406;1.532
2021-07-18;0.000;10.384;0.436;1.532
2021-07-19;0.000;10.658;0.429;1.532
2021-07-20;0.000;10.395;0.430;1.532
2021-07-21;0.000;10.205;0.445;1.532
2021-07-22;0.000;10.191;0.428;1.532
2021-07-23;0.000;10.209;0.464;1.532
2021-07-24;0.000;10.197;0.465;1.532
2021-07-25;0.000;10.221;0.350;1.532
2021-07-26;0.000;10.290;0.424;1.532
2021-07-27;0.000;10.281;0.448;1.532
2021-07-28;12.730;12.915;0.435;1.532
2021-07-29;0.000;16.093;0.446;1.532
2021-07-30;2.030;15.838;0.444;1.532
2021-07-31;0.000;14.505;0.399;1.532
2021-08-01;0.000;13.793;0.434;1.916
2021-08-02;0.000;12.884;0.443;1.916
2021-08-03;0.000;12.113;0.433;1.916
2021-08-04;0.000;11.511;0.431;1.916
2021-08-05;0.000;11.055;0.445;1.916
2021-08-06;0.000;10.813;0.384;1.916
2021-08-07;0.000;10.754;0.448;1.916
2021-08-08;0.000;10.780;0.412;1.916
2021-08-09;0.000;10.849;0.420;1.916
2021-08-10;0.000;10.704;0.441;1.916
2021-08-11;0.000;10.582;0.458;1.916
2021-08-12;0.000;10.529;0.430;1.916
2021-08-13;0.000;10.502;0.453;1.916
2021-08-14;0.000;10.497;0.453;1.916
2021-08-15;0.000;10.396;0.441;1.916
2021-08-16;0.020;10.474;0.467;1.916
2021-08-17;0.000;10.603;0.435;1.916
2021-08-18;0.000;10.610;0.448;1.916
2021-08-19;0.000;10.699;0.461;1.916
2021-08-20;0.000;10.646;0.452;1.916
2021-08-21;0.000;10.442;0.452;1.916
2021-08-22;0.000;10.426;0.441;1.916
2021-08-23;0.000;10.330;0.446;1.916
2021-08-24;0.000;10.252;0.441;1.916
2021-08-25;0.000;10.140;0.445;1.916
2021-08-26;0.000;10.113;0.447;1.916
2021-08-27;0.000;10.190;0.462;1.916
2021-08-28;13.320;11.102;0.443;1.916
2021-08-29;0.000;12.037;0.401;1.916
2021-08-30;0.000;12.269;0.441;1.916
2021-08-31;0.000;11.685;0.435;1.916
2021-09-01;0.000;11.664;0.402;2.580
2021-09-02;0.000;11.425;0.447;2.580
2021-09-03;0.000;11.196;0.460;2.580
2021-09-04;0.000;10.910;0.413;2.580
2021-09-05;0.000;10.698;0.419;2.580
2021-09-06;0.000;10.600;0.461;2.580
2021-09-07;0.000;10.456;0.408;2.580
2021-09-08;0.000;10.214;0.402;2.580
2021-09-09;1.790;10.045;0.869;2.580
2021-09-10;1.940;10.244;0.816;2.580
2021-09-11;0.000;11.263;0.784;2.580
2021-09-12;0.000;11.696;0.724;2.580
2021-09-13;0.000;11.653;0.761;2.580
2021-09-14;0.040;11.417;0.801;2.580
2021-09-15;2.760;10.978;0.747;2.580
2021-09-16;0.140;10.610;0.825;2.580
2021-09-17;0.000;10.364;0.806;2.580
2021-09-18;0.000;10.099;0.810;2.580
2021-09-19;0.000;9.780;0.866;2.580
2021-09-20;0.000;9.717;0.775;2.580
2021-09-21;0.000;9.313;0.849;2.580
2021-09-22;0.000;9.347;0.739;2.580
2021-09-23;0.000;9.033;0.771;2.580
2021-09-24;0.000;8.794;0.853;2.580
2021-09-25;4.340;8.967;0.787;2.580
2021-09-26;0.840;9.573;0.785;2.580
2021-09-27;0.000;10.833;0.789;2.580
2021-09-28;0.000;10.762;0.806;2.580
2021-09-29;0.000;10.640;0.815;2.580
2021-09-30;0.000;10.468;0.815;2.580
2021-10-01;0.790;10.222;0.840;3.418
2021-10-02;0.030;10.426;0.763;3.418
2021-10-03;13.010;10.842;0.781;3.418
2021-10-04;0.010;13.443;0.717;3.418
2021-10-05;0.000;13.529;0.767;3.418
2021-10-06;0.000;13.612;0.799;3.418
2021-10-07;0.000;13.262;0.762;3.418
2021-10-08;0.000;12.517;0.787;3.418
2021-10-09;0.080;11.052;0.769;3.418
2021-10-10;4.030;10.118;0.715;3.418
2021-10-11;2.510;9.669;0.722;3.418
2021-10-12;0.680;9.926;0.735;3.418
2021-10-13;0.000;10.529;0.753;3.418
2021-10-14;2.130;10.530;0.775;3.418
2021-10-15;9.820;10.836;0.828;3.418
2021-10-16;5.940;14.018;0.816;3.418
2021-10-17;0.000;13.447;0.741;3.418
2021-10-18;9.420;15.002;0.659;3.418
2021-10-19;0.750;15.124;0.725;3.418
2021-10-20;0.000;14.743;0.761;3.418
2021-10-21;0.000;14.267;0.775;3.418
2021-10-22;0.000;12.627;0.794;3.418
2021-10-23;0.000;10.879;0.793;3.418
2021-10-24;14.800;12.765;0.737;3.418
2021-10-25;0.000;13.910;0.748;3.418
2021-10-26;5.150;13.874;0.746;3.418
2021-10-27;2.600;14.051;0.754;3.418
2021-10-28;4.100;17.271;0.746;3.418
2021-10-29;0.000;18.828;0.789;3.418
2021-10-30;0.540;14.883;0.801;3.418
2021-10-31;0.140;12.671;0.731;3.418
2021-11-01;7.470;11.062;0.721;3.717
2021-11-02;0.000;12.123;0.755;3.717
2021-11-03;0.000;12.782;0.789;3.717
2021-11-04;0.000;11.585;0.810;3.717
2021-11-05;0.000;10.069;0.778;3.717
2021-11-06;0.000;8.639;0.810;3.717
2021-11-07;0.000;7.420;0.757;3.717
2021-11-08;0.000;7.764;0.790;3.717
2021-11-09;0.000;7.883;0.802;3.717
2021-11-10;0.250;7.938;0.791;3.717
2021-11-11;0.830;8.593;0.802;3.717
2021-11-12;0.000;10.372;0.785;3.717
2021-11-13;0.000;10.574;0.805;3.717
2021-11-14;0.000;10.771;0.794;3.717
2021-11-15;0.000;11.156;0.809;3.717
2021-11-16;0.000;11.251;0.792;3.717
2021-11-17;0.000;11.287;0.855;3.717
2021-11-18;8.920;11.324;0.850;3.717
2021-11-19;18.630;21.188;0.805;3.717
2021-11-20;0.000;20.107;0.819;3.717
2021-11-21;0.000;16.172;0.752;3.717
2021-11-22;0.000;14.662;0.803;3.717
2021-11-23;0.000;12.760;0.733;3.717
2021-11-24;0.000;10.725;0.684;3.717
2021-11-25;0.000;8.939;0.885;3.717
2021-11-26;6.270;8.680;0.820;3.717
2021-11-27;0.000;9.193;0.868;3.717
2021-11-28;0.000;9.398;0.828;3.717
2021-11-29;2.020;9.610;0.763;3.717
2021-11-30;12.300;11.463;0.818;3.717
2021-12-01;0.000;11.858;0.707;4.236
2021-12-02;0.010;12.600;0.815;4.236
2021-12-03;0.000;13.120;0.863;4.236
2021-12-04;0.000;12.928;0.875;4.236
2021-12-05;1.950;12.123;0.847;4.236
2021-12-06;0.060;11.880;0.815;4.236
2021-12-07;0.000;11.439;0.808;4.236
2021-12-08;0.000;10.270;0.830;4.236
2021-12-09;0.000;9.499;0.836;4.236
2021-12-10;0.000;9.032;0.893;4.236
2021-12-11;0.000;8.775;0.877;4.236
2021-12-12;0.430;8.848;0.855;4.236
2021-12-13;2.580;9.005;0.843;4.236
2021-12-14;7.650;9.560;0.807;4.236
2021-12-15;4.770;10.158;0.657;4.236
2021-12-16;20.500;12.565;0.815;4.236
2021-12-17;25.160;31.776;0.834;4.236
2021-12-18;0.000;32.409;0.837;4.236
2021-12-19;0.000;29.752;0.844;4.236
2021-12-20;0.000;24.531;0.743;4.236
2021-12-21;0.000;18.522;0.897;4.236
2021-12-22;2.190;12.434;0.837;4.236
2021-12-23;0.260;9.406;0.824;4.236
2021-12-24;0.000;8.444;0.714;4.236
2021-12-25;0.000;8.816;0.575;4.236
2021-12-26;0.000;8.853;0.775;4.236
2021-12-27;13.280;9.210;0.810;4.236
2021-12-28;8.100;16.370;0.787;4.236
2021-12-29;3.790;18.976;0.821;4.236
2021-12-30;4.220;19.274;0.821;4.236
2021-12-31;14.940;20.907;0.756;4.236
2022-01-01;21.000;33.618;0.711;4.281
2022-01-02;4.190;59.015;0.786;4.281
2022-01-03;1.430;42.202;0.691;4.281
2022-01-04;13.640;35.650;0.735;4.281
2022-01-05;8.230;36.969;0.724;4.281
2022-01-06;5.960;28.926;0.733;4.281
2022-01-07;0.000;27.303;0.759;4.281
2022-01-08;0.000;24.068;0.765;4.281
2022-01-09;2.610;22.295;0.751;4.281
2022-01-10;0.000;21.898;0.698;4.281
2022-01-11;5.830;19.524;0.711;4.281
2022-01-12;1.360;18.043;0.670;4.281
2022-01-13;0.880;16.018;0.712;4.281
2022-01-14;2.940;14.453;0.696;4.281
2022-01-15;0.420;15.757;0.722;4.281
2022-01-16;3.160;18.518;0.651;4.281
2022-01-17;0.180;18.118;0.711;4.281
2022-01-18;5.980;15.691;0.690;4.281
2022-01-19;1.420;21.375;0.726;4.281
2022-01-20;1.160;18.015;0.726;4.281
2022-01-21;0.000;17.698;0.765;4.281
2022-01-22;0.000;13.655;0.757;4.281
2022-01-23;0.000;11.224;0.720;4.281
2022-01-24;0.000;9.532;0.687;4.281
2022-01-25;6.170;8.892;0.704;4.281
2022-01-26;3.900;11.347;0.743;4.281
2022-01-27;3.810;10.949;0.696;4.281
2022-01-28;9.660;12.148;0.724;4.281
2022-01-29;20.050;15.072;0.636;4.281
2022-01-30;31.540;41.482;0.625;4.281
2022-01-31;11.680;61.423;0.629;4.281
2022-02-01;3.980;75.641;0.687;4.377
2022-02-02;4.120;82.927;0.683;4.377
2022-02-03;1.120;76.069;0.732;4.377
2022-02-04;1.790;70.631;0.719;4.377
2022-02-05;0.510;58.076;0.700;4.377
2022-02-06;2.460;46.785;0.698;4.377
2022-02-07;3.260;37.319;0.673;4.377
2022-02-08;0.000;27.873;0.711;4.377
2022-02-09;0.000;26.429;0.730;4.377
2022-02-10;0.000;28.512;0.682;4.377
2022-02-11;2.540;24.880;0.685;4.377
2022-02-12;0.000;33.184;0.735;4.377
2022-02-13;0.000;18.177;0.672;4.377
2022-02-14;0.000;14.641;0.651;4.377
2022-02-15;0.000;13.560;0.732;4.377
2022-02-16;0.190;12.739;0.705;4.377
2022-02-17;5.240;12.403;0.661;4.377
2022-02-18;1.300;12.518;0.679;4.377
2022-02-19;1.580;13.820;0.705;4.377
2022-02-20;1.580;16.639;0.689;4.377
2022-02-21;0.070;14.750;0.700;4.377
2022-02-22;0.040;14.328;0.730;4.377
2022-02-23;0.020;14.076;0.748;4.377
2022-02-24;1.710;15.053;0.809;4.377
2022-02-25;0.000;13.892;0.845;4.377
2022-02-26;0.470;13.655;0.860;4.377
2022-02-27;0.000;12.191;0.831;4.377
2022-02-28;0.000;11.418;0.814;4.377
2022-03-01;15.470;11.062;0.825;3.878
2022-03-02;0.000;13.768;0.836;3.878
2022-03-03;0.000;13.515;0.856;3.878
2022-03-04;4.590;12.664;0.825;3.878
2022-03-05;1.380;13.346;0.848;3.878
2022-03-06;4.820;13.397;0.819;3.878
2022-03-07;1.200;19.401;0.800;3.878
2022-03-08;2.580;14.729;0.816;3.878
2022-03-09;5.850;16.899;0.816;3.878
2022-03-10;5.230;14.080;0.791;3.878
2022-03-11;6.390;18.054;0.798;3.878
2022-03-12;16.520;21.925;0.812;3.878
2022-03-13;7.310;21.882;0.771;3.878
2022-03-14;17.090;23.483;0.797;3.878
2022-03-15;4.790;27.700;0.798;3.878
2022-03-16;7.790;43.984;0.781;3.878
2022-03-17;0.290;47.982;0.787;3.878
2022-03-18;4.140;27.266;0.840;3.878
2022-03-19;0.260;27.435;0.830;3.878
2022-03-20;0.620;20.759;0.790;3.878
2022-03-21;0.000;17.814;0.768;3.878
2022-03-22;0.410;15.618;0.771;3.878
2022-03-23;0.020;13.990;0.826;3.878
2022-03-24;0.000;12.325;0.846;3.878
2022-03-25;0.000;11.727;0.819;3.878
2022-03-26;4.930;11.350;0.889;3.878
2022-03-27;0.200;11.844;0.793;3.878
2022-03-28;0.660;12.087;0.818;3.878
2022-03-29;0.000;12.832;0.820;3.878
2022-03-30;2.670;13.055;0.804;3.878
2022-03-31;0.850;13.912;0.816;3.878
2022-04-01;0.010;12.797;0.802;3.104
2022-04-02;0.000;12.172;0.814;3.104
2022-04-03;0.000;11.543;0.802;3.104
2022-04-04;0.210;11.219;0.803;3.104
2022-04-05;1.600;11.527;0.840;3.104
2022-04-06;0.000;11.184;0.808;3.104
2022-04-07;0.000;10.684;0.819;3.104
2022-04-08;19.540;11.144;0.851;3.104
2022-04-09;0.010;27.391;0.818;3.104
2022-04-10;0.000;17.925;0.829;3.104
2022-04-11;0.000;15.189;0.797;3.104
2022-04-12;0.040;13.654;0.819;3.104
2022-04-13;0.000;12.851;0.817;3.104
2022-04-14;0.030;12.410;0.820;3.104
2022-04-15;0.000;11.728;0.795;3.104
2022-04-16;0.000;11.205;0.513;3.104
2022-04-17;0.000;11.004;0.526;3.104
2022-04-18;0.000;10.962;0.848;3.104
2022-04-19;0.000;10.456;0.833;3.104
2022-04-20;0.000;10.519;0.806;3.104
2022-04-21;0.000;10.458;0.804;3.104
2022-04-22;0.000;10.552;0.830;3.104
2022-04-23;0.000;10.889;0.843;3.104
2022-04-24;0.100;11.034;0.779;3.104
2022-04-25;0.000;11.163;0.821;3.104
2022-04-26;0.000;11.118;0.821;3.104
2022-04-27;0.000;10.803;0.811;3.104
2022-04-28;0.000;11.565;0.849;3.104
2022-04-29;0.000;11.365;0.834;3.104
2022-04-30;0.000;10.767;0.852;3.104
2022-05-01;0.300;10.763;0.853;1.867
2022-05-02;0.000;10.587;0.827;1.867
2022-05-03;0.000;10.983;0.812;1.867
2022-05-04;3.120;11.185;0.772;1.867
2022-05-05;0.000;11.620;0.796;1.867
2022-05-06;0.000;11.993;0.854;1.867
2022-05-07;0.000;12.052;0.818;1.867
2022-05-08;0.000;11.956;0.775;1.867
2022-05-09;0.000;11.892;0.819;1.867
2022-05-10;0.000;11.856;0.811;1.867
2022-05-11;3.660;11.904;0.811;1.867
2022-05-12;0.000;12.146;0.824;1.867
2022-05-13;0.000;12.874;0.836;1.867
2022-05-14;0.000;12.152;0.841;1.867
2022-05-15;3.860;13.064;0.792;1.867
2022-05-16;0.000;13.838;0.755;1.867
2022-05-17;0.000;13.136;0.831;1.867
2022-05-18;0.000;12.530;0.745;1.867
2022-05-19;0.000;12.328;0.792;1.867
2022-05-20;0.000;12.056;0.787;1.867
2022-05-21;0.000;11.893;0.841;1.867
2022-05-22;0.000;12.134;0.818;1.867
2022-05-23;0.000;12.155;0.789;1.867
2022-05-24;0.000;11.195;0.818;1.867
2022-05-25;0.000;11.698;0.827;1.867
2022-05-26;0.000;11.666;0.843;1.867
2022-05-27;0.000;11.316;0.810;1.867
2022-05-28;0.000;11.245;0.824;1.867
2022-05-29;0.000;11.242;0.823;1.867
2022-05-30;11.560;11.231;0.815;1.867
2022-05-31;6.620;14.113;0.778;1.867
2022-06-01;9.960;19.592;0.798;1.583
2022-06-02;0.000;21.814;0.810;1.583
2022-06-03;0.000;19.337;0.773;1.583
2022-06-04;0.000;17.254;0.814;1.583
2022-06-05;0.000;15.625;0.806;1.583
2022-06-06;0.000;13.481;0.781;1.583
2022-06-07;2.800;11.893;0.789;1.583
2022-06-08;0.820;11.110;0.783;1.583
2022-06-09;1.080;10.765;0.796;1.583
2022-06-10;5.440;11.680;0.755;1.583
2022-06-11;0.000;13.129;0.816;1.583
2022-06-12;0.000;13.961;0.774;1.583
2022-06-13;0.000;13.195;0.767;1.583
2022-06-14;0.000;12.637;0.794;1.583
2022-06-15;0.000;12.127;0.792;1.583
2022-06-16;0.000;11.982;0.799;1.583
2022-06-17;0.000;11.746;0.808;1.583
2022-06-18;0.000;11.454;0.800;1.583
2022-06-19;0.000;11.268;0.772;1.583
2022-06-20;0.000;11.068;0.771;1.583
2022-06-21;0.000;10.906;0.840;1.583
2022-06-22;0.000;10.784;0.890;1.583
2022-06-23;0.560;10.516;0.816;1.583
2022-06-24;0.000;10.210;0.843;1.583
2022-06-25;0.000;10.114;0.827;1.583
2022-06-26;0.000;10.471;0.793;1.583
2022-06-27;0.000;10.462;0.755;1.583
2022-06-28;0.000;10.413;0.833;1.583
2022-06-29;0.000;10.673;0.814;1.583
2022-06-30;0.000;10.950;0.836;1.583
2022-07-01;0.000;11.270;0.841;1.532
2022-07-02;0.000;11.526;0.836;1.532
2022-07-03;0.000;11.104;0.815;1.532
2022-07-04;0.000;11.151;0.788;1.532
2022-07-05;0.000;11.005;0.821;1.532
2022-07-06;0.000;10.864;0.780;1.532
2022-07-07;0.000;10.745;0.817;1.532
2022-07-08;0.000;10.729;0.840;1.532
2022-07-09;0.000;10.780;0.683;1.532
2022-07-10;0.000;10.680;0.633;1.532
2022-07-11;0.000;10.516;0.798;1.532
2022-07-12;0.000;10.430;0.807;1.532
2022-07-13;0.000;10.569;0.817;1.532
2022-07-14;0.000;10.515;0.790;1.532
2022-07-15;0.000;10.364;0.844;1.532
2022-07-16;0.000;10.309;0.852;1.532
2022-07-17;0.000;10.246;0.837;1.532
2022-07-18;0.000;10.312;0.869;1.532
2022-07-19;0.000;10.299;0.808;1.532
2022-07-20;0.000;10.071;0.844;1.532
2022-07-21;0.000;10.103;0.793;1.532
2022-07-22;0.000;10.043;0.746;1.532
2022-07-23;0.000;10.090;0.855;1.532
2022-07-24;0.000;9.919;0.822;1.532
2022-07-25;0.000;10.126;0.835;1.532
2022-07-26;0.000;10.304;0.798;1.532
2022-07-27;0.000;10.106;0.827;1.532
2022-07-28;0.000;10.018;0.887;1.532
2022-07-29;6.070;9.927;0.851;1.532
2022-07-30;0.000;9.772;0.817;1.532
2022-07-31;0.000;10.395;0.786;1.532
2022-08-01;0.000;10.631;0.811;1.916
2022-08-02;0.000;10.443;0.821;1.916
2022-08-03;0.000;10.641;0.854;1.916
2022-08-04;0.000;10.957;0.873;1.916
2022-08-05;0.000;10.353;0.846;1.916
2022-08-06;0.000;10.122;0.855;1.916
2022-08-07;0.000;10.730;0.819;1.916
2022-08-08;11.380;12.035;0.754;1.916
2022-08-09;3.210;12.194;0.787;1.916
2022-08-10;8.790;14.455;0.701;1.916
2022-08-11;0.040;14.830;0.781;1.916
2022-08-12;0.000;14.706;0.772;1.916
2022-08-13;0.000;13.952;0.839;1.916
2022-08-14;0.000;12.860;0.803;1.916
2022-08-15;0.000;11.664;0.776;1.916
2022-08-16;0.000;10.551;0.839;1.916
2022-08-17;0.000;10.066;0.802;1.916
2022-08-18;0.000;9.583;0.779;1.916
2022-08-19;0.000;9.340;0.776;1.916
2022-08-20;0.000;9.464;0.787;1.916
2022-08-21;0.000;9.580;0.808;1.916
2022-08-22;0.000;9.779;0.827;1.916
2022-08-23;0.000;9.985;0.848;1.916
2022-08-24;0.000;10.052;0.852;1.916
2022-08-25;0.000;10.163;0.847;1.916
2022-08-26;0.000;10.381;0.838;1.916
2022-08-27;0.000;10.521;0.855;1.916
2022-08-28;0.000;11.110;0.843;1.916
2022-08-29;0.000;11.023;0.806;1.916
2022-08-30;0.000;10.497;0.793;1.916
2022-08-31;0.000;10.227;0.843;1.916
2022-09-01;0.000;10.273;0.815;2.580
2022-09-02;0.000;10.149;0.851;2.580
2022-09-03;0.020;10.098;0.858;2.580
2022-09-04;3.190;10.377;0.787;2.580
2022-09-05;0.000;10.875;0.758;2.580
2022-09-06;4.660;10.783;0.813;2.580
2022-09-07;0.750;11.783;0.771;2.580
2022-09-08;0.000;11.356;0.743;2.580
2022-09-09;0.000;11.050;0.849;2.580
2022-09-10;0.000;11.049;0.858;2.580
2022-09-11;0.000;10.890;0.790;2.580
2022-09-12;0.000;10.819;0.776;2.580
2022-09-13;2.870;10.812;0.784;2.580
2022-09-14;3.680;11.044;0.745;2.580
2022-09-15;0.310;11.425;0.736;2.580
2022-09-16;0.000;11.500;0.747;2.580
2022-09-17;0.000;11.263;0.795;2.580
2022-09-18;0.000;11.046;0.767;2.580
2022-09-19;0.000;10.854;0.776;2.580
2022-09-20;0.000;10.596;0.776;2.580
2022-09-21;4.150;10.349;0.810;2.580
2022-09-22;0.620;10.742;0.791;2.580
2022-09-23;0.000;10.615;0.838;2.580
2022-09-24;0.000;10.180;0.803;2.580
2022-09-25;0.000;9.944;0.789;2.580
2022-09-26;21.730;10.282;0.770;2.580
2022-09-27;16.090;14.520;0.722;2.580
2022-09-28;10.810;23.389;0.741;2.580
2022-09-29;0.000;25.703;0.713;2.580
2022-09-30;11.850;23.622;0.742;2.580
2022-10-01;0.000;24.371;0.787;3.418
2022-10-02;0.000;23.354;0.788;3.418
2022-10-03;0.460;19.137;0.750;3.418
2022-10-04;0.000;13.882;0.765;3.418
2022-10-05;0.000;10.754;0.784;3.418
2022-10-06;2.070;8.793;0.764;3.418
2022-10-07;8.720;9.160;0.765;3.418
2022-10-08;0.000;10.273;0.808;3.418
2022-10-09;5.130;11.292;0.759;3.418
2022-10-10;0.980;12.528;0.717;3.418
2022-10-11;0.000;13.601;0.734;3.418
2022-10-12;0.000;14.040;0.779;3.418
2022-10-13;0.000;13.957;0.789;3.418
2022-10-14;0.000;13.252;0.790;3.418
2022-10-15;0.000;12.509;0.787;3.418
2022-10-16;0.000;11.724;0.743;3.418
2022-10-17;0.000;10.906;0.729;3.418
2022-10-18;0.140;10.370;0.797;3.418
2022-10-19;0.930;10.226;0.694;3.418
2022-10-20;1.420;10.204;0.786;3.418
2022-10-21;8.070;11.119;0.760;3.418
2022-10-22;0.570;11.312;0.807;3.418
2022-10-23;0.000;11.534;0.749;3.418
2022-10-24;0.000;11.129;0.777;3.418
2022-10-25;0.510;10.537;0.764;3.418
2022-10-26;0.000;9.977;0.802;3.418
2022-10-27;11.390;9.685;0.787;3.418
2022-10-28;3.120;11.932;0.785;3.418
2022-10-29;15.910;13.469;0.783;3.418
2022-10-30;3.240;14.404;0.767;3.418
2022-10-31;19.320;21.208;0.692;3.418
2022-11-01;0.000;28.074;0.732;3.717
2022-11-02;0.000;26.396;0.726;3.717
2022-11-03;0.000;21.429;0.750;3.717
2022-11-04;0.000;18.431;0.759;3.717
2022-11-05;0.000;14.640;0.779;3.717
2022-11-06;0.000;11.067;0.785;3.717
2022-11-07;0.590;9.057;0.740;3.717
2022-11-08;0.000;8.357;0.739;3.717
2022-11-09;0.020;8.613;0.817;3.717
2022-11-10;0.000;8.781;0.760;3.717
2022-11-11;15.820;9.573;0.836;3.717
2022-11-12;0.000;20.347;0.808;3.717
2022-11-13;0.440;18.323;0.761;3.717
2022-11-14;10.130;17.656;0.713;3.717
2022-11-15;0.000;16.815;0.730;3.717
2022-11-16;0.000;16.327;0.750;3.717
2022-11-17;0.000;14.994;0.758;3.717
2022-11-18;0.000;13.237;0.767;3.717
2022-11-19;0.140;11.865;0.787;3.717
2022-11-20;1.720;10.806;0.740;3.717
2022-11-21;0.000;10.158;0.725;3.717
2022-11-22;16.860;10.746;0.749;3.717
2022-11-23;19.890;16.787;0.698;3.717
2022-11-24;0.440;23.838;0.749;3.717
2022-11-25;0.000;29.299;0.707;3.717
2022-11-26;0.980;30.381;0.796;3.717
2022-11-27;5.290;22.601;0.715;3.717
2022-11-28;9.480;21.489;0.680;3.717
2022-11-29;7.150;27.264;0.725;3.717
2022-11-30;1.760;23.644;0.704;3.717
2022-12-01;4.760;24.374;0.718;4.236
2022-12-02;1.620;20.195;0.813;4.236
2022-12-03;16.570;16.320;0.749;4.236
2022-12-04;2.350;30.151;0.731;4.236
2022-12-05;11.960;33.724;0.694;4.236
2022-12-06;23.130;38.167;0.711;4.236
2022-12-07;12.370;60.592;0.719;4.236
2022-12-08;0.000;71.283;0.745;4.236
2022-12-09;0.800;64.042;0.773;4.236
2022-12-10;0.000;43.868;0.808;4.236
2022-12-11;4.180;27.569;0.797;4.236
2022-12-12;10.250;25.106;0.771;4.236
2022-12-13;3.450;37.257;0.680;4.236
2022-12-14;0.030;48.041;0.749;4.236
2022-12-15;0.000;41.474;0.763;4.236
2022-12-16;5.440;32.333;0.748;4.236
2022-12-17;0.000;30.382;0.759;4.236
2022-12-18;0.000;28.986;0.737;4.236
2022-12-19;0.250;23.147;0.730;4.236
2022-12-20;0.270;16.688;0.736;4.236
2022-12-21;0.000;14.084;0.692;4.236
2022-12-22;0.000;12.664;0.750;4.236
2022-12-23;2.470;11.913;0.761;4.236
2022-12-24;2.540;12.486;0.744;4.236
2022-12-25;2.290;13.686;0.705;4.236
2022-12-26;14.880;14.796;0.661;4.236
2022-12-27;11.160;40.514;0.718;4.236
2022-12-28;52.870;85.913;0.685;4.236
2022-12-29;8.210;119.419;0.704;4.236
2022-12-30;19.240;113.452;0.745;4.236
2022-12-31;2.050;101.453;0.735;4.236
2023-01-01;0.000;86.426;0.730;4.281
2023-01-02;9.280;67.183;0.712;4.281
2023-01-03;5.550;69.596;0.753;4.281
2023-01-04;36.370;64.709;0.720;4.281
2023-01-05;1.800;90.024;0.709;4.281
2023-01-06;0.410;89.699;0.723;4.281
2023-01-07;0.000;78.365;0.747;4.281
2023-01-08;0.050;63.892;0.708;4.281
2023-01-09;1.510;52.782;0.716;4.281
2023-01-10;2.610;46.860;0.713;4.281
2023-01-11;3.770;39.358;0.696;4.281
2023-01-12;0.750;34.422;0.688;4.281
2023-01-13;14.140;34.197;0.754;4.281
2023-01-14;5.050;45.122;0.763;4.281
2023-01-15;0.940;44.244;0.734;4.281
2023-01-16;1.460;36.609;0.754;4.281
2023-01-17;6.600;31.239;0.770;4.281
2023-01-18;15.550;32.913;0.771;4.281
2023-01-19;3.930;61.065;0.808;4.281
2023-01-20;6.170;61.062;0.796;4.281
2023-01-21;0.000;51.062;0.729;4.281
2023-01-22;0.000;48.171;0.725;4.281
2023-01-23;2.310;36.487;0.719;4.281
2023-01-24;0.110;28.405;0.723;4.281
2023-01-25;0.000;27.445;0.765;4.281
2023-01-26;0.000;26.346;0.767;4.281
2023-01-27;0.000;22.439;0.758;4.281
2023-01-28;7.420;19.107;0.758;4.281
2023-01-29;1.720;28.917;0.734;4.281
2023-01-30;1.530;31.041;0.691;4.281
2023-01-31;8.610;24.371;0.734;4.281
2023-02-01;20.590;28.392;0.726;4.377
2023-02-02;5.700;33.068;0.709;4.377
2023-02-03;5.620;48.830;0.732;4.377
2023-02-04;2.780;60.597;0.757;4.377
2023-02-05;3.400;60.629;0.724;4.377
2023-02-06;7.240;58.904;0.728;4.377
2023-02-07;8.250;60.768;0.703;4.377
2023-02-08;0.030;61.219;0.763;4.377
2023-02-09;0.000;51.690;0.784;4.377
2023-02-10;5.060;39.533;0.772;4.377
2023-02-11;0.060;29.092;0.785;4.377
2023-02-12;0.720;29.277;0.724;4.377
2023-02-13;3.200;29.191;0.726;4.377
2023-02-14;3.110;36.047;0.704;4.377
2023-02-15;0.290;33.375;0.772;4.377
2023-02-16;4.400;27.617;0.744;4.377
2023-02-17;0.740;25.239;0.757;4.377
2023-02-18;7.910;23.408;0.762;4.377
2023-02-19;3.550;31.032;0.727;4.377
2023-02-20;0.260;26.504;0.723;4.377
2023-02-21;12.670;26.302;0.754;4.377
2023-02-22;0.420;44.554;0.699;4.377
2023-02-23;5.710;53.305;0.740;4.377
2023-02-24;0.680;40.830;0.760;4.377
2023-02-25;1.160;38.279;0.770;4.377
2023-02-26;2.410;37.116;0.737;4.377
2023-02-27;11.330;37.149;0.752;4.377
2023-02-28;12.280;48.185;0.795;4.377
2023-03-01;0.000;38.353;0.789;3.878
2023-03-02;0.000;30.373;0.833;3.878
2023-03-03;0.030;24.821;0.813;3.878
2023-03-04;6.580;23.490;0.789;3.878
2023-03-05;10.930;25.940;0.794;3.878
2023-03-06;0.830;38.880;0.777;3.878
2023-03-07;0.400;33.797;0.788;3.878
2023-03-08;3.350;27.615;0.780;3.878
2023-03-09;6.130;28.036;0.819;3.878
2023-03-10;15.270;44.951;0.819;3.878
2023-03-11;4.650;70.192;0.790;3.878
2023-03-12;3.170;56.104;0.817;3.878
2023-03-13;6.240;57.327;0.758;3.878
2023-03-14;8.110;62.057;0.764;3.878
2023-03-15;0.000;77.028;0.800;3.878
2023-03-16;0.000;57.587;0.813;3.878
2023-03-17;0.000;43.271;0.855;3.878
2023-03-18;0.000;37.078;0.862;3.878
2023-03-19;0.180;30.768;0.796;3.878
2023-03-20;5.830;27.100;0.776;3.878
2023-03-21;0.000;21.619;0.783;3.878
2023-03-22;0.000;19.962;0.765;3.878
2023-03-23;0.000;24.419;0.801;3.878
2023-03-24;0.000;20.020;0.829;3.878
2023-03-25;0.000;17.495;0.833;3.878
2023-03-26;0.000;15.943;0.787;3.878
2023-03-27;0.040;15.536;0.806;3.878
2023-03-28;3.660;15.369;0.802;3.878
2023-03-29;2.200;23.833;0.788;3.878
2023-03-30;0.000;19.350;0.813;3.878
2023-03-31;2.880;17.141;0.897;3.878
2023-04-01;0.000;18.600;0.874;3.104
2023-04-02;0.000;15.886;0.843;3.104
2023-04-03;0.000;14.767;0.841;3.104
2023-04-04;0.000;14.169;0.847;3.104
2023-04-05;0.000;13.545;0.825;3.104
2023-04-06;0.030;13.222;0.879;3.104
2023-04-07;3.140;13.233;0.785;3.104
2023-04-08;1.300;15.063;0.859;3.104
2023-04-09;0.090;15.420;0.787;3.104
2023-04-10;0.000;15.581;0.879;3.104
2023-04-11;0.000;14.660;0.828;3.104
2023-04-12;0.000;14.126;0.884;3.104
2023-04-13;0.030;13.663;0.849;3.104
2023-04-14;10.650;14.679;0.830;3.104
2023-04-15;0.470;16.604;0.829;3.104
2023-04-16;0.000;17.787;0.838;3.104
2023-04-17;19.480;17.255;0.806;3.104
2023-04-18;16.980;29.769;0.761;3.104
2023-04-19;10.680;40.460;0.828;3.104
2023-04-20;0.000;41.495;0.808;3.104
2023-04-21;0.000;39.292;0.848;3.104
2023-04-22;0.000;32.414;0.817;3.104
2023-04-23;0.000;26.209;0.762;3.104
2023-04-24;0.000;20.173;0.815;3.104
2023-04-25;0.000;16.716;0.805;3.104
2023-04-26;0.330;15.182;0.889;3.104
2023-04-27;0.780;14.356;0.815;3.104
2023-04-28;0.500;15.157;0.748;3.104
2023-04-29;0.000;15.537;0.849;3.104
2023-04-30;0.000;15.762;0.825;3.104
2023-05-01;0.000;15.325;0.807;1.867
2023-05-02;0.110;14.807;0.816;1.867
2023-05-03;0.000;13.962;0.839;1.867
2023-05-04;0.000;13.785;0.824;1.867
2023-05-05;0.000;14.012;0.853;1.867
2023-05-06;0.000;13.815;0.853;1.867
2023-05-07;0.000;13.285;0.802;1.867
2023-05-08;0.000;12.839;0.784;1.867
2023-05-09;0.000;12.423;0.786;1.867
2023-05-10;1.510;12.590;0.792;1.867
2023-05-11;0.000;13.803;0.815;1.867
2023-05-12;0.000;13.029;0.826;1.867
2023-05-13;0.000;12.434;0.758;1.867
2023-05-14;0.000;12.424;0.771;1.867
2023-05-15;0.000;12.798;0.750;1.867
2023-05-16;0.000;12.872;0.825;1.867
2023-05-17;0.000;12.045;0.790;1.867
2023-05-18;0.000;11.712;0.799;1.867
2023-05-19;0.000;11.416;0.813;1.867
2023-05-20;0.000;11.209;0.808;1.867
2023-05-21;0.000;11.199;0.781;1.867
2023-05-22;0.000;11.178;0.779;1.867
2023-05-23;0.000;11.085;0.780;1.867
2023-05-24;0.000;11.156;0.806;1.867
2023-05-25;0.000;11.631;0.792;1.867
2023-05-26;0.000;12.088;0.780;1.867
2023-05-27;0.000;12.308;0.828;1.867
2023-05-28;0.000;12.436;0.741;1.867
2023-05-29;0.000;12.665;0.722;1.867
2023-05-30;2.810;12.855;0.714;1.867
2023-05-31;18.070;17.744;0.667;1.867
2023-06-01;0.000;23.776;0.754;1.583
2023-06-02;0.000;23.336;0.752;1.583
2023-06-03;0.000;19.978;0.800;1.583
2023-06-04;0.000;17.815;0.746;1.583
2023-06-05;0.000;15.624;0.749;1.583
2023-06-06;0.000;14.065;0.751;1.583
2023-06-07;0.000;12.772;0.761;1.583
2023-06-08;0.000;12.003;0.760;1.583
2023-06-09;0.000;11.708;0.755;1.583
2023-06-10;0.000;11.303;0.786;1.583
2023-06-11;0.000;11.457;0.728;1.583
2023-06-12;0.000;12.015;0.753;1.583
2023-06-13;0.000;12.324;0.723;1.583
2023-06-14;13.070;15.087;0.644;1.583
2023-06-15;6.900;20.970;0.684;1.583
2023-06-16;0.000;25.159;0.675;1.583
2023-06-17;0.000;23.795;0.763;1.583
2023-06-18;0.000;21.035;0.709;1.583
2023-06-19;0.000;18.802;0.772;1.583
2023-06-20;0.000;15.843;0.735;1.583
2023-06-21;0.000;14.035;0.780;1.583
2023-06-22;0.000;12.830;0.744;1.583
2023-06-23;0.000;12.175;0.749;1.583
2023-06-24;0.000;11.695;0.768;1.583
2023-06-25;0.000;11.670;0.739;1.583
2023-06-26;0.000;12.263;0.702;1.583
2023-06-27;0.000;12.610;0.746;1.583
2023-06-28;0.000;12.870;0.753;1.583
2023-06-29;0.000;12.938;0.752;1.583
2023-06-30;0.000;12.662;0.755;1.583
2023-07-01;0.000;12.603;0.776;1.532
2023-07-02;0.000;12.649;0.703;1.532
2023-07-03;0.000;12.673;0.750;1.532
2023-07-04;0.000;12.474;0.722;1.532
2023-07-05;0.000;12.281;0.772;1.532
2023-07-06;0.000;12.102;0.756;1.532
2023-07-07;0.000;11.903;0.783;1.532
2023-07-08;0.000;11.755;0.757;1.532
2023-07-09;1.360;11.854;0.624;1.532
2023-07-10;0.210;12.167;0.715;1.532
2023-07-11;0.000;12.535;0.705;1.532
2023-07-12;0.000;12.753;0.837;1.532
2023-07-13;0.000;12.559;0.768;1.532
2023-07-14;0.000;12.398;0.813;1.532
2023-07-15;0.000;12.081;0.760;1.532
2023-07-16;0.000;12.171;0.711;1.532
2023-07-17;0.000;12.369;0.722;1.532
2023-07-18;0.000;12.585;0.706;1.532
2023-07-19;0.000;12.994;0.653;1.532
2023-07-20;0.000;13.136;0.662;1.532
2023-07-21;0.000;13.367;0.722;1.532
2023-07-22;0.000;13.165;0.743;1.532
2023-07-23;0.000;12.793;0.674;1.532
2023-07-24;0.000;12.520;0.678;1.532
2023-07-25;0.000;12.337;0.720;1.532
2023-07-26;0.000;12.389;0.706;1.532
2023-07-27;0.000;12.026;0.723;1.532
2023-07-28;0.000;11.839;0.740;1.532
2023-07-29;0.000;11.694;0.733;1.532
2023-07-30;0.000;11.701;0.664;1.532
2023-07-31;0.000;11.737;0.684;1.532
2023-08-01;0.000;11.538;0.706;1.916
2023-08-02;0.000;11.936;0.691;1.916
2023-08-03;0.000;11.702;0.698;1.916
2023-08-04;0.000;11.475;0.699;1.916
2023-08-05;0.000;11.447;0.733;1.916
2023-08-06;0.000;11.259;0.733;1.916
2023-08-07;0.000;11.251;0.702;1.916
2023-08-08;0.000;11.116;0.698;1.916
2023-08-09;0.000;11.134;0.724;1.916
2023-08-10;0.170;11.109;0.714;1.916
2023-08-11;0.140;11.020;0.742;1.916
2023-08-12;0.030;11.183;0.753;1.916
2023-08-13;0.000;11.378;0.673;1.916
2023-08-14;0.010;11.458;0.682;1.916
2023-08-15;0.530;11.526;0.685;1.916
2023-08-16;0.000;12.268;0.741;1.916
2023-08-17;0.000;11.899;0.711;1.916
2023-08-18;0.000;11.640;0.753;1.916
2023-08-19;0.000;11.452;0.734;1.916
2023-08-20;0.260;11.303;0.721;1.916
2023-08-21;0.050;11.342;0.709;1.916
2023-08-22;0.000;11.280;0.739;1.916
2023-08-23;0.000;11.139;0.737;1.916
2023-08-24;3.690;11.059;0.752;1.916
2023-08-25;0.030;12.042;0.728;1.916
2023-08-26;6.950;13.342;0.649;1.916
2023-08-27;1.860;13.947;0.594;1.916
2023-08-28;0.000;14.280;0.671;1.916
2023-08-29;0.000;14.203;0.696;1.916
2023-08-30;0.000;13.894;0.702;1.916
2023-08-31;0.000;13.452;0.721;1.916
2023-09-01;0.000;13.374;0.730;2.580
2023-09-02;16.340;12.703;0.775;2.580
2023-09-03;4.510;27.841;0.759;2.580
2023-09-04;0.000;27.211;0.744;2.580
2023-09-05;2.570;23.982;0.748;2.580
2023-09-06;0.000;22.254;0.717;2.580
2023-09-07;0.000;18.926;0.744;2.580
2023-09-08;0.000;16.428;0.724;2.580
2023-09-09;0.000;14.370;0.750;2.580
2023-09-10;0.000;12.774;0.700;2.580
2023-09-11;0.000;11.641;0.755;2.580
2023-09-12;0.000;10.830;0.734;2.580
2023-09-13;0.000;10.237;0.790;2.580
2023-09-14;5.700;10.186;0.729;2.580
2023-09-15;0.000;12.125;0.748;2.580
2023-09-16;0.000;12.661;0.768;2.580
2023-09-17;0.000;12.091;0.751;2.580
2023-09-18;2.740;11.671;0.663;2.580
2023-09-19;0.000;11.449;0.679;2.580
2023-09-20;0.000;11.901;0.702;2.580
2023-09-21;0.000;12.496;0.714;2.580
2023-09-22;0.000;12.830;0.768;2.580
2023-09-23;0.000;13.127;0.797;2.580
2023-09-24;0.000;13.363;0.759;2.580
2023-09-25;0.000;13.118;0.809;2.580
2023-09-26;0.000;12.955;0.764;2.580
2023-09-27;8.920;12.919;0.788;2.580
2023-09-28;0.000;19.682;0.851;2.580
2023-09-29;0.000;21.170;0.831;2.580
2023-09-30;0.030;18.003;0.829;2.580
2023-10-01;13.450;27.074;0.730;3.418
2023-10-02;0.000;33.568;0.741;3.418
2023-10-03;0.000;33.451;0.748;3.418
2023-10-04;9.760;25.728;0.750;3.418
2023-10-05;3.010;25.056;0.662;3.418
2023-10-06;0.000;32.844;0.831;3.418
2023-10-07;20.100;30.143;0.758;3.418
2023-10-08;27.970;42.888;0.715;3.418
2023-10-09;7.740;77.794;0.715;3.418
2023-10-10;0.000;79.539;0.727;3.418
2023-10-11;0.000;63.184;0.736;3.418
2023-10-12;21.870;49.600;0.728;3.418
2023-10-13;0.080;54.946;0.686;3.418
2023-10-14;0.000;45.958;0.660;3.418
2023-10-15;0.000;33.369;0.658;3.418
2023-10-16;6.960;23.558;0.719;3.418
2023-10-17;12.160;31.454;0.671;3.418
2023-10-18;0.000;34.273;0.694;3.418
2023-10-19;0.000;30.743;0.661;3.418
2023-10-20;0.000;26.620;0.685;3.418
2023-10-21;0.000;23.499;0.710;3.418
2023-10-22;0.000;18.978;0.714;3.418
2023-10-23;0.000;16.008;0.681;3.418
2023-10-24;0.030;13.911;0.712;3.418
2023-10-25;0.000;13.199;0.672;3.418
2023-10-26;0.000;13.586;0.665;3.418
2023-10-27;8.530;14.009;0.768;3.418
2023-10-28;10.550;14.476;0.759;3.418
2023-10-29;14.600;16.145;0.769;3.418
2023-10-30;0.000;25.072;0.747;3.418
2023-10-31;6.790;26.860;0.736;3.418
2023-11-01;0.000;29.232;0.794;3.717
2023-11-02;0.000;27.840;0.714;3.717
2023-11-03;11.420;25.317;0.800;3.717
2023-11-04;1.610;29.920;0.764;3.717
2023-11-05;0.000;29.221;0.684;3.717
2023-11-06;0.000;23.104;0.707;3.717
2023-11-07;0.000;20.716;0.681;3.717
2023-11-08;0.000;17.155;0.709;3.717
2023-11-09;0.000;14.919;0.692;3.717
2023-11-10;2.290;13.470;0.742;3.717
2023-11-11;0.000;13.016;0.823;3.717
2023-11-12;0.000;12.979;0.850;3.717
2023-11-13;0.000;13.092;0.857;3.717
2023-11-14;0.200;12.347;0.867;3.717
2023-11-15;9.380;14.675;0.843;3.717
2023-11-16;0.070;17.553;0.808;3.717
2023-11-17;0.030;16.058;0.809;3.717
2023-11-18;0.010;15.758;0.844;3.717
2023-11-19;46.680;19.494;0.774;3.717
2023-11-20;0.000;27.463;0.772;3.717
2023-11-21;0.000;26.340;0.798;3.717
2023-11-22;0.000;21.512;0.772;3.717
2023-11-23;13.910;19.804;0.765;3.717
2023-11-24;0.700;20.406;0.715;3.717
2023-11-25;0.000;18.712;0.723;3.717
2023-11-26;0.000;16.372;0.738;3.717
2023-11-27;1.240;14.646;0.759;3.717
2023-11-28;23.300;18.321;0.747;3.717
2023-11-29;6.660;52.924;0.776;3.717
2023-11-30;0.000;48.136;0.786;3.717
2023-12-01;0.000;48.319;0.795;4.236
2023-12-02;0.000;42.584;0.813;4.236
2023-12-03;0.000;33.698;0.809;4.236
2023-12-04;2.420;25.677;0.789;4.236
2023-12-05;0.000;44.989;0.778;4.236
2023-12-06;0.540;37.178;0.774;4.236
2023-12-07;1.350;24.239;0.784;4.236
2023-12-08;1.040;18.345;0.830;4.236
2023-12-09;0.000;17.799;0.758;4.236
2023-12-10;11.560;16.532;0.752;4.236
2023-12-11;0.000;26.927;0.778;4.236
2023-12-12;0.000;23.613;0.743;4.236
2023-12-13;0.000;17.259;0.699;4.236
2023-12-14;0.000;13.755;0.727;4.236
2023-12-15;0.000;12.196;0.778;4.236
2023-12-16;0.010;11.026;0.762;4.236
2023-12-17;0.470;10.236;0.682;4.236
2023-12-18;0.000;10.828;0.731;4.236
2023-12-19;0.000;13.063;0.735;4.236
2023-12-20;0.000;13.225;0.722;4.236
2023-12-21;8.830;12.037;0.726;4.236
2023-12-22;5.560;13.322;0.766;4.236
2023-12-23;3.320;14.158;0.773;4.236
2023-12-24;0.000;15.734;0.775;4.236
2023-12-25;0.000;16.596;0.752;4.236
2023-12-26;2.180;16.196;0.757;4.236
2023-12-27;0.000;15.109;0.763;4.236
2023-12-28;0.000;13.158;0.767;4.236
2023-12-29;0.000;11.748;0.793;4.236
2023-12-30;0.000;10.959;0.751;4.236
2023-12-31;0.000;11.002;0.750;4.236
2024-01-01;0.000;11.267;0.716;4.281
2024-01-02;0.000;11.744;0.791;4.281
2024-01-03;13.810;12.137;0.704;4.281
2024-01-04;0.000;16.059;0.747;4.281
2024-01-05;0.000;14.116;0.764;4.281
2024-01-06;0.000;13.062;0.760;4.281
2024-01-07;1.580;12.298;0.740;4.281
2024-01-08;0.420;11.647;0.744;4.281
2024-01-09;2.090;15.132;0.747;4.281
2024-01-10;2.500;17.840;0.802;4.281
2024-01-11;4.030;15.915;0.870;4.281
2024-01-12;19.690;26.396;0.832;4.281
2024-01-13;0.030;37.669;0.861;4.281
2024-01-14;0.000;27.574;0.908;4.281
2024-01-15;10.420;22.895;0.911;4.281
2024-01-16;0.000;19.143;0.886;4.281
2024-01-17;0.000;16.679;0.907;4.281
2024-01-18;8.130;16.810;0.861;4.281
2024-01-19;5.890;20.102;0.896;4.281
2024-01-20;7.500;21.545;0.887;4.281
2024-01-21;0.010;41.360;0.857;4.281
2024-01-22;0.000;36.076;0.832;4.281
2024-01-23;10.320;35.238;0.821;4.281
2024-01-24;0.000;44.545;0.881;4.281
2024-01-25;0.000;40.665;0.856;4.281
2024-01-26;0.000;35.007;0.807;4.281
2024-01-27;0.440;26.392;0.882;4.281
2024-01-28;1.880;25.294;0.821;4.281
2024-01-29;1.440;25.490;0.861;4.281
2024-01-30;0.000;26.130;0.820;4.281
2024-01-31;7.170;24.496;0.885;4.281
2024-02-01;0.000;26.004;0.856;4.377
2024-02-02;0.920;22.098;0.869;4.377
2024-02-03;2.040;22.153;0.846;4.377
2024-02-04;10.090;22.734;0.866;4.377
2024-02-05;0.000;23.839;0.916;4.377
2024-02-06;0.000;20.086;0.863;4.377
2024-02-07;0.000;16.756;0.913;4.377
2024-02-08;0.000;14.465;0.885;4.377
2024-02-09;0.060;13.816;0.914;4.377
2024-02-10;0.000;13.678;0.925;4.377
2024-02-11;0.000;11.354;0.901;4.377
2024-02-12;0.000;12.503;0.908;4.377
2024-02-13;8.820;11.797;0.899;4.377
2024-02-14;9.870;14.261;0.839;4.377
2024-02-15;0.170;19.978;0.867;4.377
2024-02-16;0.000;23.751;0.881;4.377
2024-02-17;22.260;19.709;0.890;4.377
2024-02-18;15.500;28.344;0.830;4.377
2024-02-19;3.140;33.456;0.876;4.377
2024-02-20;0.190;38.034;0.906;4.377
2024-02-21;4.840;30.385;0.884;4.377
2024-02-22;0.020;47.167;0.907;4.377
2024-02-23;3.610;44.364;0.925;4.377
2024-02-24;13.100;37.715;0.886;4.377
2024-02-25;0.000;38.465;0.876;4.377
2024-02-26;0.000;40.340;0.913;4.377
2024-02-27;0.000;38.332;0.884;4.377
2024-02-28;0.360;33.859;0.944;4.377
2024-02-29;2.830;28.586;0.954;4.377
2024-03-01;3.220;20.820;0.913;3.878
2024-03-02;0.000;18.415;0.923;3.878
2024-03-03;0.000;18.668;0.888;3.878
2024-03-04;0.000;14.429;0.917;3.878
2024-03-05;6.900;16.769;0.889;3.878
2024-03-06;6.850;28.873;0.855;3.878
2024-03-07;0.000;37.166;0.847;3.878
2024-03-08;18.700;29.159;0.871;3.878
2024-03-09;8.330;48.188;0.900;3.878
2024-03-10;1.510;44.102;0.850;3.878
2024-03-11;0.000;34.090;0.859;3.878
2024-03-12;0.000;26.572;0.819;3.878
2024-03-13;0.000;21.613;0.873;3.878
2024-03-14;0.000;18.498;0.859;3.878
2024-03-15;0.000;16.276;0.898;3.878
2024-03-16;0.000;14.292;0.903;3.878
2024-03-17;0.800;13.065;0.885;3.878
2024-03-18;0.000;12.277;0.858;3.878
2024-03-19;2.270;12.247;0.884;3.878
2024-03-20;0.000;12.829;0.901;3.878
2024-03-21;6.930;13.232;0.898;3.878
2024-03-22;0.000;13.381;0.877;3.878
2024-03-23;3.790;13.789;0.861;3.878
2024-03-24;5.250;15.951;0.767;3.878
2024-03-25;0.000;17.496;0.886;3.878
2024-03-26;3.980;16.811;0.861;3.878
2024-03-27;4.960;14.958;0.853;3.878
2024-03-28;3.770;15.380;0.751;3.878
2024-03-29;0.000;18.697;0.846;3.878
2024-03-30;0.000;19.067;0.858;3.878
2024-03-31;0.000;17.332;0.868;3.878
2024-04-01;0.000;15.485;0.885;3.104
2024-04-02;0.000;13.419;0.879;3.104
2024-04-03;0.000;11.993;1.404;3.104
2024-04-04;0.000;10.948;0.885;3.104
2024-04-05;0.000;10.441;0.850;3.104
2024-04-06;0.000;10.295;0.887;3.104
2024-04-07;0.000;10.305;0.903;3.104
2024-04-08;0.010;10.286;0.918;3.104
2024-04-09;1.560;11.040;0.921;3.104
2024-04-10;0.000;13.224;0.912;3.104
2024-04-11;0.000;13.474;0.927;3.104
2024-04-12;2.100;13.682;0.940;3.104
2024-04-13;0.180;13.915;0.932;3.104
2024-04-14;0.090;13.859;0.899;3.104
2024-04-15;0.000;13.148;0.908;3.104
2024-04-16;0.010;11.839;0.928;3.104
2024-04-17;5.560;10.750;0.917;3.104
2024-04-18;0.010;11.191;0.880;3.104
2024-04-19;0.000;10.109;0.929;3.104
2024-04-20;0.000;9.566;0.927;3.104
2024-04-21;0.000;9.206;0.938;3.104
2024-04-22;0.000;9.364;0.948;3.104
2024-04-23;0.000;9.960;0.913;3.104
2024-04-24;0.000;10.551;0.920;3.104
2024-04-25;0.000;11.119;0.889;3.104
2024-04-26;0.000;11.435;0.898;3.104
2024-04-27;0.000;11.582;0.901;3.104
2024-04-28;0.000;11.667;0.885;3.104
2024-04-29;0.000;11.728;0.912;3.104
2024-04-30;0.000;11.355;0.907;3.104
2024-05-01;0.000;10.645;0.886;1.867
2024-05-02;0.000;10.895;0.905;1.867
2024-05-03;0.000;11.552;0.898;1.867
2024-05-04;0.000;11.995;0.877;1.867
2024-05-05;0.010;12.269;0.870;1.867
2024-05-06;0.000;12.438;0.871;1.867
2024-05-07;0.000;12.635;0.882;1.867
2024-05-08;0.000;13.028;0.893;1.867
2024-05-09;0.000;12.748;0.909;1.867
2024-05-10;0.000;12.304;0.931;1.867
2024-05-11;0.000;11.877;0.922;1.867
2024-05-12;0.000;11.761;0.875;1.867
2024-05-13;0.000;11.689;0.877;1.867
2024-05-14;0.000;11.490;0.871;1.867
2024-05-15;0.000;11.573;0.873;1.867
2024-05-16;0.000;11.612;0.858;1.867
2024-05-17;0.000;11.638;0.908;1.867
2024-05-18;0.000;11.592;0.895;1.867
2024-05-19;0.000;11.581;0.864;1.867
2024-05-20;0.000;11.709;0.866;1.867
2024-05-21;0.000;11.464;0.874;1.867
2024-05-22;0.000;11.387;0.883;1.867
2024-05-23;0.000;11.265;0.902;1.867
2024-05-24;1.340;11.220;0.864;1.867
2024-05-25;0.730;11.436;0.854;1.867
2024-05-26;7.330;13.573;0.794;1.867
2024-05-27;9.320;21.741;0.800;1.867
2024-05-28;0.000;26.959;0.826;1.867
2024-05-29;0.000;24.074;0.846;1.867
2024-05-30;0.000;21.326;0.875;1.867
2024-05-31;0.000;19.796;0.851;1.867
2024-06-01;0.000;17.097;0.838;1.583
2024-06-02;0.000;13.684;0.862;1.583
2024-06-03;0.000;11.421;0.871;1.583
2024-06-04;0.000;10.321;0.794;1.583
2024-06-05;0.000;10.578;0.865;1.583
2024-06-06;0.000;11.702;0.845;1.583
2024-06-07;0.000;11.374;0.856;1.583
2024-06-08;0.000;11.484;0.885;1.583
2024-06-09;0.000;11.755;0.841;1.583
2024-06-10;0.000;12.155;0.871;1.583
2024-06-11;0.000;12.515;0.845;1.583
2024-06-12;0.000;12.786;0.856;1.583
2024-06-13;0.000;12.901;0.838;1.583
2024-06-14;0.000;12.911;0.865;1.583
2024-06-15;0.000;12.847;0.882;1.583
2024-06-16;0.000;12.669;0.883;1.583
2024-06-17;0.000;12.245;0.904;1.583
2024-06-18;0.000;11.889;0.848;1.583
2024-06-19;0.000;11.772;0.824;1.583
2024-06-20;0.000;11.633;0.812;1.583
2024-06-21;0.000;11.458;0.835;1.583
2024-06-22;0.000;11.400;0.872;1.583
2024-06-23;0.000;11.843;0.824;1.583
2024-06-24;0.000;11.865;0.833;1.583
2024-06-25;0.000;11.571;0.832;1.583
2024-06-26;0.000;11.646;0.858;1.583
2024-06-27;0.000;11.532;0.872;1.583
2024-06-28;0.000;11.479;0.853;1.583
2024-06-29;0.000;11.478;0.867;1.583
2024-06-30;0.000;11.475;0.815;1.583
2024-07-01;0.000;11.538;0.828;1.532
2024-07-02;0.000;11.477;0.821;1.532
2024-07-03;0.000;11.436;0.869;1.532
2024-07-04;0.000;11.361;0.874;1.532
2024-07-05;0.000;11.270;0.851;1.532
2024-07-06;0.000;11.157;0.821;1.532
2024-07-07;0.000;11.153;0.840;1.532
2024-07-08;0.000;11.158;0.819;1.532
2024-07-09;5.240;12.558;0.749;1.532
2024-07-10;1.280;18.304;0.807;1.532
2024-07-11;0.130;19.209;0.885;1.532
2024-07-12;0.000;17.712;0.859;1.532
2024-07-13;0.000;16.364;0.861;1.532
2024-07-14;0.000;15.140;0.848;1.532
2024-07-15;0.000;14.231;0.850;1.532
2024-07-16;0.000;13.601;0.875;1.532
2024-07-17;0.000;12.947;0.886;1.532
2024-07-18;0.000;12.611;0.873;1.532
2024-07-19;0.000;12.203;0.876;1.532
2024-07-20;0.000;12.039;0.891;1.532
2024-07-21;0.000;11.950;0.842;1.532
2024-07-22;0.000;11.756;0.840;1.532
2024-07-23;0.000;11.574;0.880;1.532
2024-07-24;0.000;11.440;0.854;1.532
2024-07-25;0.000;11.310;0.855;1.532
2024-07-26;0.000;11.225;0.877;1.532
2024-07-27;0.000;11.238;0.873;1.532
2024-07-28;0.000;11.129;0.825;1.532
2024-07-29;0.000;11.126;0.845;1.532
2024-07-30;0.170;11.218;0.740;1.532
2024-07-31;0.000;11.339;0.775;1.532
2024-08-01;0.000;11.385;0.796;1.916
2024-08-02;0.000;11.242;0.795;1.916
2024-08-03;0.000;11.094;0.806;1.916
2024-08-04;0.000;10.993;0.796;1.916
2024-08-05;0.000;10.912;0.817;1.916
2024-08-06;0.000;10.755;0.819;1.916
2024-08-07;0.000;10.707;0.785;1.916
2024-08-08;0.000;10.627;0.807;1.916
2024-08-09;2.900;10.778;0.808;1.916
2024-08-10;8.240;16.145;0.680;1.916
2024-08-11;0.000;18.682;0.782;1.916
2024-08-12;0.130;17.692;0.763;1.916
2024-08-13;0.000;16.219;0.740;1.916
2024-08-14;0.000;15.103;0.794;1.916
2024-08-15;0.000;13.426;0.796;1.916
2024-08-16;0.000;12.408;0.830;1.916
2024-08-17;0.000;11.501;0.808;1.916
2024-08-18;0.000;11.000;0.796;1.916
2024-08-19;0.000;10.717;0.793;1.916
2024-08-20;0.000;10.411;0.797;1.916
2024-08-21;0.000;10.446;0.797;1.916
2024-08-22;0.000;10.536;0.793;1.916
2024-08-23;0.000;10.751;0.800;1.916
2024-08-24;1.150;10.834;0.784;1.916
2024-08-25;0.000;11.575;0.706;1.916
2024-08-26;0.000;12.277;0.811;1.916
2024-08-27;0.000;12.336;0.782;1.916
2024-08-28;0.000;12.215;0.809;1.916
2024-08-29;0.000;12.089;0.791;1.916
2024-08-30;0.000;11.898;0.816;1.916
2024-08-31;0.000;11.594;0.800;1.916
2024-09-01;0.000;11.428;0.800;2.580
2024-09-02;0.000;11.286;0.802;2.580
2024-09-03;0.000;11.129;0.800;2.580
2024-09-04;0.000;10.991;0.834;2.580
2024-09-05;0.000;10.941;0.825;2.580
2024-09-06;0.000;10.832;0.826;2.580
2024-09-07;0.000;10.710;0.840;2.580
2024-09-08;0.000;10.682;0.807;2.580
2024-09-09;0.000;10.788;0.824;2.580
2024-09-10;0.000;10.789;0.800;2.580
2024-09-11;0.000;10.842;0.795;2.580
2024-09-12;0.000;10.790;0.821;2.580
2024-09-13;0.000;10.695;0.833;2.580
2024-09-14;0.000;10.598;0.815;2.580
2024-09-15;0.000;10.599;0.809;2.580
2024-09-16;0.730;10.739;0.802;2.580
2024-09-17;0.000;10.609;0.831;2.580
2024-09-18;0.000;10.626;0.845;2.580
2024-09-19;1.010;10.561;0.874;2.580
2024-09-20;4.150;10.895;0.835;2.580
2024-09-21;0.000;12.273;0.825;2.580
2024-09-22;0.000;11.481;0.813;2.580
2024-09-23;0.000;11.298;0.786;2.580
2024-09-24;0.000;11.057;0.796;2.580
2024-09-25;0.000;10.883;0.822;2.580
2024-09-26;0.000;10.655;0.823;2.580
2024-09-27;0.000;10.500;0.841;2.580
2024-09-28;0.000;10.383;0.826;2.580
2024-09-29;0.000;10.308;0.805;2.580
2024-09-30;0.000;10.247;0.803;2.580
2024-10-01;0.000;10.175;0.000;3.418
2024-10-02;0.000;10.035;0.000;3.418
2024-10-03;0.550;10.047;0.000;3.418
2024-10-04;1.890;12.463;0.000;3.418
2024-10-05;0.000;11.673;0.000;3.418
2024-10-06;0.000;11.632;0.000;3.418
2024-10-07;0.000;11.283;0.000;3.418
2024-10-08;0.000;11.073;0.000;3.418
2024-10-09;0.000;10.856;0.000;3.418
2024-10-10;11.810;10.977;0.000;3.418
2024-10-11;4.690;13.756;0.000;3.418
2024-10-12;0.000;15.772;0.000;3.418
2024-10-13;0.000;14.901;0.000;3.418
2024-10-14;0.000;13.661;0.000;3.418
2024-10-15;0.000;12.392;0.000;3.418
2024-10-16;0.210;11.816;0.000;3.418
2024-10-17;0.720;10.790;0.000;3.418
2024-10-18;0.020;9.807;0.000;3.418
2024-10-19;0.010;9.379;0.000;3.418
2024-10-20;0.000;9.356;0.000;3.418
2024-10-21;0.000;9.527;0.000;3.418
2024-10-22;5.050;9.519;0.000;3.418
2024-10-23;33.000;9.576;0.000;3.418
2024-10-24;24.980;25.528;0.000;3.418
2024-10-25;8.990;54.761;0.000;3.418
