Dia;PrevD1;PrevD2;PrevD3;PrevD4;PrevD5;PrevD6;PrevD7
2018-07-31;3.100;0.500;7.100;0.100;3.700;32.800;0.400
2018-08-01;15.200;9.900;0.200;0.000;27.100;2.400;0.000
2018-08-02;19.900;1.900;1.000;9.300;2.900;0.500;5.800
2018-08-03;1.000;0.300;8.700;2.700;0.000;3.300;0.100
2018-08-04;0.700;4.600;3.900;0.000;2.900;0.000;0.000
2018-08-05;28.400;0.000;0.000;0.000;0.000;0.000;0.000
2018-08-06;0.000;0.000;0.000;0.000;0.000;0.000;0.000
2018-08-07;0.100;4.200;0.000;0.000;0.000;0.000;0.000
2018-08-08;1.000;0.000;0.000;0.000;0.000;0.000;0.000
2018-08-09;0.000;0.000;0.000;0.000;0.000;0.000;0.000
2018-08-10;0.000;0.000;0.000;0.000;0.000;0.000;1.200
2018-08-11;0.000;0.000;0.000;0.000;0.000;2.500;7.800
2018-08-12;0.000;0.000;0.000;0.000;1.500;3.700;0.100
2018-08-13;0.000;0.000;0.000;0.000;0.000;0.000;0.200
2018-08-14;0.000;0.000;0.500;0.100;0.000;0.000;0.000
2018-08-15;0.000;4.300;0.000;0.000;0.000;0.000;0.000
2018-08-16;0.000;0.000;0.000;0.000;0.000;0.000;0.000
2018-08-17;0.400;0.000;0.000;0.000;0.000;0.000;0.000
2018-08-18;0.000;0.000;0.000;0.200;0.000;0.000;0.200
2018-08-19;0.000;0.000;0.000;0.000;0.000;4.400;0.200
2018-08-20;0.000;0.000;0.000;0.000;0.800;0.000;0.400
2018-08-21;0.000;0.100;0.000;3.800;0.000;0.000;0.000
2018-08-22;0.200;0.000;12.800;0.300;0.000;0.000;0.000
2018-08-23;0.100;12.300;0.200;0.000;0.000;0.000;0.000
2018-08-24;14.500;0.000;0.000;4.000;0.300;0.000;0.000
2018-08-25;0.200;0.000;0.100;0.000;0.000;0.000;0.000
2018-08-26;0.000;0.000;0.000;0.000;0.000;0.000;0.300
2018-08-27;0.000;0.000;0.000;0.000;0.000;3.000;0.000
2018-08-28;0.000;0.000;0.000;0.000;1.600;0.000;0.000
2018-08-29;0.000;0.000;0.000;0.100;2.900;0.000;0.000
2018-08-30;0.000;0.000;0.000;2.600;0.200;0.000;0.000
2018-08-31;0.000;0.100;0.800;0.000;0.000;0.000;0.000
2018-09-01;0.000;1.700;0.400;0.000;0.000;0.000;0.000
2018-09-02;1.100;0.000;0.000;0.000;0.000;0.000;0.000
2018-09-03;1.900;0.000;0.000;0.000;0.000;0.000;0.000
2018-09-04;0.000;0.000;0.000;0.000;0.000;0.000;0.000
2018-09-05;0.000;0.000;0.000;0.000;0.000;0.000;0.000
2018-09-06;0.000;0.000;0.000;0.000;0.000;0.000;0.000
2018-09-07;0.000;0.000;0.000;0.000;0.000;0.000;0.000
2018-09-08;0.000;0.000;0.100;0.000;0.100;0.800;1.600
2018-09-09;0.000;0.000;0.000;2.200;4.100;1.000;9.800
2018-09-10;0.000;0.100;3.000;10.600;24.800;18.000;0.500
2018-09-11;0.100;1.500;8.400;28.200;21.700;1.000;0.000
2018-09-12;2.600;3.300;17.300;29.000;2.100;0.000;0.000
2018-09-13;20.100;2.300;1.500;18.600;0.600;3.900;32.500
2018-09-14;3.500;0.000;19.900;1.000;0.000;4.600;3.200
2018-09-15;0.000;24.700;0.000;0.300;1.200;4.600;0.000
2018-09-16;1.000;0.500;5.000;26.500;0.000;0.000;0.000
2018-09-17;2.800;0.000;24.000;0.000;0.000;0.100;0.500
2018-09-18;2.500;20.000;11.400;0.000;0.000;0.000;0.400
2018-09-19;8.600;7.900;1.100;3.500;2.400;4.300;0.500
2018-09-20;0.100;0.000;0.000;0.000;0.000;0.000;0.100
2018-09-21;0.000;0.000;0.000;0.000;0.300;1.000;1.200
2018-09-22;0.000;0.000;0.000;1.600;1.500;6.000;3.900
2018-09-23;0.000;0.000;0.400;1.800;17.800;4.600;0.100
2018-09-24;0.200;0.700;0.500;7.500;12.800;8.700;1.100
2018-09-25;2.200;4.100;2.000;6.500;11.000;13.000;0.100
2018-09-26;1.100;2.700;2.000;7.100;7.800;0.700;0.000
2018-09-27;0.300;0.100;6.300;2.800;0.400;0.200;0.200
2018-09-28;1.900;8.700;6.300;1.200;2.100;0.100;0.200
2018-09-29;2.100;9.300;0.000;0.700;0.400;10.400;0.200
2018-09-30;0.300;0.300;0.000;0.000;0.800;0.600;1.100
2018-10-01;0.000;2.700;0.100;2.300;0.300;0.000;25.200
2018-10-02;0.100;0.000;0.300;0.800;11.900;10.800;0.700
2018-10-03;0.000;0.600;7.400;16.300;18.900;6.400;1.200
2018-10-04;0.600;16.900;15.500;4.400;0.000;1.000;0.000
2018-10-05;3.400;25.300;4.200;2.000;0.200;3.900;7.200
2018-10-06;18.200;8.900;9.700;1.000;2.700;0.300;0.100
2018-10-07;13.800;15.400;11.000;4.300;0.300;0.000;0.000
2018-10-08;4.600;2.100;2.400;0.000;0.000;4.600;19.200
2018-10-09;6.400;0.800;0.800;0.600;21.800;0.000;0.100
2018-10-10;2.000;1.800;3.500;0.100;8.800;24.600;5.400
2018-10-11;0.400;3.700;0.500;11.400;43.100;2.400;6.300
2018-10-12;14.900;0.700;16.300;7.200;5.400;13.700;1.100
2018-10-13;0.100;8.800;6.200;5.800;8.400;8.300;0.000
2018-10-14;16.500;1.500;12.000;8.900;6.200;0.100;4.000
2018-10-15;3.800;17.700;24.500;15.800;0.100;0.000;0.000
2018-10-16;12.700;13.000;17.300;0.000;0.000;0.000;0.800
2018-10-17;8.300;0.200;0.000;0.000;0.000;21.600;12.300
2018-10-18;0.100;0.000;0.000;0.000;0.100;1.000;33.700
2018-10-19;0.000;0.000;0.000;12.800;8.900;37.300;19.600
2018-10-20;0.000;0.000;13.700;54.300;4.300;8.700;0.400
2018-10-21;0.000;0.700;47.900;14.400;1.000;0.800;0.000
2018-10-22;1.400;29.900;3.800;0.100;1.100;0.000;0.000
2018-10-23;16.500;11.800;0.100;0.200;0.000;0.000;0.200
2018-10-24;1.100;0.700;2.700;0.000;0.000;0.000;0.700
2018-10-25;2.800;2.600;0.200;0.000;0.000;0.100;10.700
2018-10-26;3.100;0.000;0.400;1.200;4.100;28.800;25.000
2018-10-27;0.000;0.000;0.200;0.100;11.000;1.300;6.400
2018-10-28;0.100;0.000;0.000;10.500;0.100;10.400;11.900
2018-10-29;0.000;0.000;12.300;10.000;8.800;3.900;0.000
2018-10-30;0.100;18.500;1.300;21.700;1.600;0.000;0.000
2018-10-31;0.400;0.300;17.200;1.200;0.200;0.200;1.800
2018-11-01;0.800;14.400;0.000;0.000;0.900;0.200;0.000
2018-11-02;13.200;0.200;0.100;1.000;0.700;0.100;1.000
2018-11-03;0.000;0.100;0.200;0.800;0.000;1.500;1.000
2018-11-04;0.100;1.600;1.300;0.100;0.000;1.100;0.300
2018-11-05;1.300;1.000;0.000;1.300;1.300;0.800;0.300
2018-11-06;3.300;4.000;2.600;1.200;0.700;0.800;0.100
2018-11-07;0.900;2.800;4.500;1.900;0.500;0.100;5.700
2018-11-08;0.300;2.400;0.700;0.100;0.200;0.600;21.100
2018-11-09;2.700;1.200;0.100;0.100;0.100;9.600;5.100
2018-11-10;2.600;0.600;0.300;0.000;5.300;4.600;1.900
2018-11-11;0.800;0.500;0.300;4.600;22.700;6.900;8.700
2018-11-12;0.600;1.000;14.100;8.300;3.200;9.200;7.300
2018-11-13;1.600;9.400;0.000;0.600;11.600;59.400;0.000
2018-11-14;7.100;0.300;0.500;11.200;30.900;0.400;4.300
2018-11-15;0.000;0.300;22.500;33.600;1.300;4.400;6.100
2018-11-16;0.500;4.700;55.700;4.100;12.000;2.400;0.800
2018-11-17;21.200;64.300;3.700;15.400;9.800;2.600;4.300
2018-11-18;19.600;0.000;1.900;3.800;5.200;3.400;14.200
2018-11-19;0.200;0.200;3.900;2.700;0.700;38.400;0.600
2018-11-20;1.400;4.700;4.400;4.900;69.900;1.600;0.300
2018-11-21;3.600;5.900;2.500;11.900;0.200;0.000;0.000
2018-11-22;6.000;19.800;3.200;0.200;0.200;0.800;3.400
2018-11-23;14.200;3.400;0.100;0.200;0.000;2.600;21.800
2018-11-24;3.000;0.200;0.500;2.300;8.800;18.000;5.500
2018-11-25;0.100;0.600;1.500;2.600;31.200;29.800;0.500
2018-11-26;2.200;1.600;3.400;7.900;41.900;3.200;0.700
2018-11-27;0.200;0.200;0.900;27.200;0.400;1.000;0.200
2018-11-28;0.300;9.600;20.200;0.900;0.400;0.000;0.000
2018-11-29;9.800;32.800;0.200;0.100;0.100;6.300;7.200
2018-11-30;4.400;1.100;0.100;0.600;1.900;0.600;6.100
2018-12-01;0.700;0.200;0.400;0.000;0.000;0.400;0.100
2018-12-02;0.200;0.100;0.000;0.000;0.100;0.200;0.000
2018-12-03;0.200;1.400;0.000;0.000;0.300;2.400;0.400
2018-12-04;4.600;0.200;0.200;0.200;0.300;0.000;0.100
2018-12-05;0.200;0.500;0.100;0.000;0.000;0.000;0.000
2018-12-06;2.200;0.300;0.000;0.000;0.000;0.000;0.600
2018-12-07;0.300;0.000;0.000;0.100;0.100;0.000;1.400
2018-12-08;0.000;0.000;0.000;2.100;4.700;1.200;0.200
2018-12-09;0.000;0.100;0.500;0.300;0.400;4.400;6.500
2018-12-10;0.700;0.400;0.000;2.300;6.800;7.400;10.900
2018-12-11;0.600;0.000;2.600;4.400;5.300;5.600;10.400
2018-12-12;0.100;4.400;5.500;3.300;0.600;4.600;4.100
2018-12-13;2.500;4.800;6.500;2.400;9.200;3.000;3.000
2018-12-14;7.100;3.300;1.300;0.900;1.400;4.900;8.500
2018-12-15;2.800;3.000;3.800;4.800;1.300;6.100;4.300
2018-12-16;2.600;5.800;5.600;4.300;9.200;4.100;5.900
2018-12-17;6.000;2.900;6.800;2.700;7.600;15.600;8.000
2018-12-18;1.500;6.300;3.000;5.900;16.000;45.600;10.300
2018-12-19;5.000;3.100;8.700;15.300;21.900;0.400;1.300
2018-12-20;5.500;9.800;10.000;15.800;0.100;11.300;3.000
2018-12-21;9.700;8.800;10.500;6.400;7.500;7.900;0.000
2018-12-22;3.800;21.800;6.700;19.600;5.100;1.200;0.400
2018-12-23;10.100;10.400;0.500;7.800;3.500;0.100;0.000
2018-12-24;1.100;3.300;6.800;4.500;0.000;0.000;0.200
2018-12-25;0.600;7.900;4.500;0.000;0.100;0.000;0.800
2018-12-26;7.800;4.600;0.100;0.000;0.000;6.000;1.300
2018-12-27;2.000;0.000;0.000;0.000;0.700;3.000;2.500
2018-12-28;0.100;0.000;0.200;7.300;1.900;2.700;11.600
2018-12-29;0.000;0.100;12.600;2.200;2.000;5.000;20.400
2018-12-30;0.000;6.100;3.100;4.700;15.000;31.200;0.000
2018-12-31;1.500;5.400;6.300;10.700;29.000;2.700;0.000
2019-01-01;2.700;3.400;18.400;18.100;0.000;0.000;0.000
2019-01-02;5.600;24.300;67.200;0.700;0.000;0.000;0.000
2019-01-03;18.700;26.400;1.200;0.100;0.000;0.000;0.200
2019-01-04;46.900;0.600;0.000;0.100;1.000;0.200;0.300
2019-01-05;0.500;0.000;3.400;8.600;3.800;6.700;6.500
2019-01-06;0.000;2.300;8.700;0.200;7.200;7.100;9.100
2019-01-07;3.000;0.600;1.300;3.500;1.300;0.800;3.400
2019-01-08;0.300;0.100;0.900;0.100;2.700;3.200;3.200
2019-01-09;0.600;2.000;5.500;6.100;4.600;3.400;7.700
2019-01-10;1.800;0.300;6.500;2.200;1.800;0.700;5.100
2019-01-11;0.000;0.500;3.000;0.000;3.000;5.100;7.700
2019-01-12;1.200;3.800;1.500;2.200;7.800;12.100;8.000
2019-01-13;4.500;7.900;5.300;3.300;9.200;8.400;19.000
2019-01-14;7.300;10.500;7.200;8.700;13.000;13.000;6.100
2019-01-15;1.700;10.200;6.300;5.600;7.000;7.300;8.700
2019-01-16;6.800;8.400;8.700;6.800;2.200;3.100;5.200
2019-01-17;2.300;6.200;9.100;2.600;2.200;8.100;7.600
2019-01-18;0.800;6.300;4.500;3.500;5.800;3.300;6.000
2019-01-19;5.900;6.000;2.800;5.800;8.900;10.500;1.700
2019-01-20;1.400;6.200;5.200;5.300;23.100;5.800;4.500
2019-01-21;1.700;6.800;4.600;20.100;1.300;11.400;0.000
2019-01-22;5.400;4.100;9.700;8.100;0.300;0.000;0.400
2019-01-23;3.000;14.900;25.600;1.900;0.400;0.200;0.100
2019-01-24;14.600;8.200;0.300;0.000;0.400;0.000;0.000
2019-01-25;6.700;0.200;0.000;0.100;0.300;0.000;0.200
2019-01-26;0.600;0.000;0.400;0.000;0.000;0.100;1.000
2019-01-27;0.100;0.200;0.000;0.000;0.200;6.500;2.500
2019-01-28;0.500;0.000;0.000;0.100;0.700;2.300;14.900
2019-01-29;0.000;0.100;0.100;4.700;7.700;3.300;3.300
2019-01-30;0.100;0.100;2.700;0.000;20.100;0.700;16.700
2019-01-31;1.290;2.950;21.190;6.510;4.520;7.940;6.310
2019-02-01;0.060;9.020;0.160;3.350;21.570;5.660;0.640
2019-02-02;1.250;3.480;2.910;8.900;6.800;0.160;0.000
2019-02-03;13.650;3.260;5.940;5.510;0.390;0.000;1.430
2019-02-04;24.720;18.560;1.860;3.240;0.000;0.820;6.390
2019-02-05;28.710;5.030;0.260;0.090;0.500;8.050;5.380
2019-02-06;0.900;1.500;0.300;1.000;1.600;7.500;31.400
2019-02-07;0.180;0.240;0.330;2.820;29.580;20.610;0.050
2019-02-08;0.000;0.040;1.520;6.220;35.590;0.120;2.090
2019-02-09;0.760;3.140;3.720;61.440;0.880;14.840;3.960
2019-02-10;10.850;30.120;14.800;21.510;143.020;2.220;5.820
2019-02-11;30.040;3.660;18.750;92.560;31.040;2.110;2.130
2019-02-12;1.200;2.940;55.740;131.720;0.920;2.570;9.820
2019-02-13;1.200;31.500;30.500;1.300;4.600;4.600;0.200
2019-02-14;27.300;13.430;1.890;1.570;10.780;8.470;0.520
2019-02-15;37.420;0.940;0.000;4.930;5.260;5.650;11.810
2019-02-16;0.770;2.510;3.330;3.000;36.070;45.880;6.890
2019-02-17;0.420;4.700;4.190;14.280;6.980;55.520;27.020
2019-02-18;1.300;3.400;12.900;6.600;6.200;4.100;30.820
2019-02-19;3.900;21.300;6.300;3.500;4.300;9.200;11.490
2019-02-20;11.400;17.700;3.400;1.700;2.200;9.700;6.720
2019-02-21;1.890;1.680;0.520;10.270;18.630;23.550;13.830
2019-02-22;1.190;1.680;4.250;18.240;49.320;51.790;15.490
2019-02-23;0.770;2.100;20.420;20.160;7.380;7.770;21.480
2019-02-24;6.090;27.190;59.000;3.810;5.100;18.860;9.220
2019-02-25;4.540;47.660;2.860;34.520;12.230;3.680;8.460
2019-02-26;6.980;9.120;1.030;12.830;7.330;5.860;3.230
2019-02-27;44.870;2.750;4.000;4.980;6.550;4.800;4.990
2019-02-28;59.620;4.490;5.860;4.320;3.280;4.380;4.750
2019-03-01;7.050;9.580;4.370;2.680;6.160;6.320;6.460
2019-03-02;2.270;5.130;5.920;1.830;11.700;12.890;6.040
2019-03-03;4.470;7.780;5.560;6.320;6.510;3.060;12.020
2019-03-04;2.810;7.130;10.660;1.580;1.320;1.390;9.890
2019-03-05;5.960;6.600;3.710;3.650;6.860;0.900;10.420
2019-03-06;2.360;1.240;0.340;1.130;9.160;12.660;3.980
2019-03-07;2.110;3.740;6.330;0.920;11.230;3.810;7.440
2019-03-08;2.910;1.110;0.560;9.390;5.000;14.590;1.400
2019-03-09;6.870;2.000;19.770;14.050;9.550;1.810;0.020
2019-03-10;2.030;13.030;2.640;6.970;2.650;6.230;6.750
2019-03-11;0.630;2.180;8.420;7.420;12.730;8.290;14.180
2019-03-12;5.700;12.590;4.080;3.360;4.460;2.130;9.240
2019-03-13;5.040;5.000;11.860;12.380;1.810;0.900;1.000
2019-03-14;3.290;3.400;2.590;1.430;5.130;1.330;0.210
2019-03-15;1.870;2.430;1.450;7.200;0.820;0.240;15.730
2019-03-16;4.770;2.620;4.130;0.200;7.000;5.320;0.420
2019-03-17;1.200;3.730;2.010;1.630;0.350;0.070;0.010
2019-03-18;2.790;0.620;0.200;0.040;0.050;0.020;0.160
2019-03-19;0.010;0.200;0.280;4.320;1.600;3.020;0.400
2019-03-20;5.390;0.100;0.350;0.020;0.080;0.090;0.020
2019-03-21;0.120;0.100;0.010;0.000;0.280;0.370;0.180
2019-03-22;0.600;0.050;0.020;0.240;0.990;0.220;0.010
2019-03-23;0.110;0.000;0.240;0.760;0.510;0.000;0.030
2019-03-24;0.010;0.000;0.710;0.060;0.160;0.000;0.000
2019-03-25;0.090;0.020;0.470;0.010;0.000;0.000;0.240
2019-03-26;0.700;0.740;0.290;0.010;0.000;0.040;4.920
2019-03-27;0.710;0.530;0.030;0.000;0.030;1.910;0.210
2019-03-28;0.900;0.030;0.000;0.050;0.000;1.160;3.830
2019-03-29;0.120;0.010;0.000;0.000;0.730;8.310;5.120
2019-03-30;0.000;0.230;0.020;0.020;0.000;11.550;18.750
2019-03-31;0.270;0.020;0.010;0.090;8.310;0.330;0.410
2019-04-01;0.000;0.000;0.000;4.080;1.530;46.320;36.270
2019-04-02;0.000;0.000;0.050;1.810;7.860;7.770;18.420
2019-04-03;0.000;0.160;7.820;10.680;30.060;34.580;13.020
2019-04-04;1.480;10.670;17.820;47.810;1.490;1.150;0.410
2019-04-05;10.230;33.810;21.140;0.540;0.100;0.010;0.530
2019-04-06;12.690;23.730;0.330;0.010;0.030;0.050;0.170
2019-04-07;49.950;0.320;0.180;0.020;0.010;2.540;1.620
2019-04-08;1.390;0.310;0.750;0.170;2.740;17.340;6.560
2019-04-09;0.600;0.740;0.120;0.390;5.160;7.550;2.090
2019-04-10;0.350;0.000;0.140;2.760;5.370;0.120;0.000
2019-04-11;0.010;0.780;11.530;10.860;1.840;0.010;0.000
2019-04-12;2.290;21.490;1.730;6.790;0.120;0.010;0.090
2019-04-13;75.680;0.730;0.650;0.080;0.150;0.150;0.000
2019-04-14;1.720;12.230;0.020;0.020;0.000;0.000;50.200
2019-04-15;11.600;1.100;0.000;0.000;0.000;15.100;21.300
2019-04-16;0.500;0.000;0.000;0.000;0.000;17.800;8.600
2019-04-17;0.000;0.000;0.000;0.000;14.600;26.100;0.100
2019-04-18;0.000;0.000;0.000;0.000;3.600;0.500;0.000
2019-04-19;0.000;0.000;0.000;2.600;1.100;1.200;2.900
2019-04-20;0.000;0.000;0.100;0.400;3.000;2.200;0.100
2019-04-21;0.100;5.800;0.700;0.600;0.400;0.100;49.000
2019-04-22;2.200;0.400;4.300;0.800;0.200;11.400;1.400
2019-04-23;1.800;0.500;0.400;0.000;17.100;0.400;0.000
2019-04-24;1.000;0.200;0.200;12.600;0.300;0.000;0.400
2019-04-25;0.400;0.000;17.700;3.400;0.000;0.600;0.100
2019-04-26;0.200;10.100;0.400;0.000;0.000;0.000;2.400
2019-04-27;12.700;0.200;0.000;1.100;3.400;0.100;0.200
2019-04-28;0.700;0.000;0.000;2.700;4.200;1.700;2.600
2019-04-29;0.000;0.000;1.400;1.500;3.100;5.700;1.900
2019-04-30;0.000;1.800;2.300;0.300;0.300;0.500;0.000
2019-05-01;0.400;0.500;0.000;0.400;6.400;2.100;0.300
2019-05-02;0.100;0.000;1.100;0.400;4.000;0.700;1.200
2019-05-03;0.000;3.900;0.300;0.500;0.100;1.000;1.500
2019-05-04;5.700;4.600;2.100;0.100;0.600;0.700;8.500
2019-05-05;2.100;2.300;0.400;11.100;3.000;6.400;8.000
2019-05-06;1.100;0.000;0.800;0.600;11.900;2.900;1.300
2019-05-07;0.000;0.400;0.400;2.000;15.100;4.800;0.900
2019-05-08;0.800;0.500;0.500;13.400;12.900;9.700;0.400
2019-05-09;0.300;0.100;8.000;9.400;0.300;0.200;0.000
2019-05-10;0.300;1.400;5.800;5.800;0.200;0.000;0.000
2019-05-11;0.600;7.800;0.700;0.300;0.000;0.000;7.300
2019-05-12;0.000;4.400;0.700;0.000;0.200;5.400;0.600
2019-05-13;8.800;0.000;0.300;7.300;10.700;0.400;0.000
2019-05-14;0.000;0.400;5.500;9.200;0.900;0.000;0.000
2019-05-15;0.500;2.000;7.300;0.300;0.000;0.000;0.100
2019-05-16;8.600;4.500;0.400;0.000;0.200;0.100;5.500
2019-05-17;8.900;0.100;0.000;0.000;0.000;3.100;0.100
2019-05-18;0.100;0.000;0.000;0.000;0.800;5.000;0.000
2019-05-19;0.000;0.000;0.000;2.000;9.100;0.000;0.000
2019-05-20;0.000;0.000;0.200;25.900;0.000;0.000;0.000
2019-05-21;0.000;0.800;11.200;0.000;0.000;0.000;17.400
2019-05-22;0.000;9.600;0.000;0.000;0.000;2.200;7.300
2019-05-23;4.000;0.000;0.000;0.000;2.200;9.700;0.000
2019-05-24;0.000;0.000;0.000;0.000;0.400;0.100;9.000
2019-05-25;0.000;0.000;0.000;5.500;2.000;0.400;0.000
2019-05-26;0.000;0.000;4.400;0.000;0.500;0.400;8.300
2019-05-27;0.000;14.700;0.300;0.400;1.200;7.300;17.600
2019-05-28;4.200;1.000;0.200;2.600;3.400;0.900;0.200
2019-05-29;0.200;1.800;3.500;8.400;0.200;0.100;0.000
2019-05-30;0.040;3.390;5.010;4.820;0.040;0.000;0.000
2019-05-31;8.550;7.360;2.570;0.140;0.030;0.000;0.000
2019-06-01;11.070;13.810;0.060;0.000;0.000;0.000;0.000
2019-06-02;10.520;0.020;0.000;0.000;0.000;0.000;0.000
2019-06-03;0.010;0.000;0.000;0.000;0.000;0.000;0.000
2019-06-04;0.000;0.000;0.000;0.000;0.000;0.000;0.000
2019-06-05;0.000;0.000;0.000;0.000;0.000;0.000;0.000
2019-06-06;0.000;0.000;0.000;0.000;0.000;0.000;0.000
2019-06-07;0.000;0.000;0.000;0.000;0.000;0.000;0.000
2019-06-08;0.000;0.000;0.000;0.000;0.000;0.000;0.000
2019-06-09;0.000;0.000;0.000;0.000;0.000;0.000;0.000
2019-06-10;0.000;0.000;0.000;0.000;0.000;0.000;0.000
2019-06-11;0.000;0.000;0.000;0.000;0.000;0.000;0.000
2019-06-12;0.000;0.000;0.000;0.050;0.010;0.000;0.000
2019-06-13;0.000;0.000;0.000;0.000;0.000;0.000;0.020
2019-06-14;0.000;0.000;0.000;0.000;0.000;0.020;0.020
2019-06-15;0.000;0.000;0.000;0.000;0.000;0.020;0.000
2019-06-16;0.000;0.000;0.000;0.070;0.000;0.000;0.000
2019-06-17;0.000;0.000;0.250;0.100;0.000;0.000;0.000
2019-06-18;0.000;0.330;0.020;0.000;0.000;0.000;0.010
2019-06-19;0.050;0.020;0.000;0.000;0.010;0.000;0.000
2019-06-20;0.000;0.000;0.000;0.000;0.000;0.000;2.180
2019-06-21;0.000;0.000;0.000;0.000;0.000;0.960;0.040
2019-06-22;0.000;0.000;0.000;5.400;3.720;0.010;0.000
2019-06-23;0.000;0.000;0.110;1.530;0.010;0.000;0.000
2019-06-24;0.000;0.010;0.020;0.000;0.000;0.000;0.000
2019-06-25;0.000;0.020;0.030;0.000;0.000;0.000;0.000
2019-06-26;0.190;0.060;0.010;0.000;0.000;0.000;0.000
2019-06-27;0.090;0.010;0.000;0.000;0.000;0.000;0.030
2019-06-28;0.000;0.000;0.000;0.000;0.010;13.400;3.530
2019-06-29;0.000;0.000;0.000;0.000;6.670;20.050;0.000
2019-06-30;0.000;0.000;0.000;44.920;19.070;0.020;0.000
2019-07-01;0.000;0.000;70.690;27.610;0.040;0.000;0.000
2019-07-02;0.000;39.070;20.920;0.130;0.000;0.000;0.000
2019-07-03;43.400;23.370;0.040;0.030;0.000;0.000;0.000
2019-07-04;23.220;0.040;0.010;0.010;0.000;0.000;0.000
2019-07-05;0.210;0.020;0.000;0.000;0.000;0.000;0.000
2019-07-06;0.000;0.000;0.000;0.000;0.000;0.000;0.000
2019-07-07;0.000;0.000;0.000;0.000;0.000;0.000;0.000
2019-07-08;0.000;0.000;0.000;0.000;0.000;0.000;0.030
2019-07-09;0.000;0.000;0.000;0.000;0.000;0.000;0.230
2019-07-10;0.000;0.000;0.000;0.000;0.000;0.040;3.930
2019-07-11;0.000;0.000;0.000;0.000;0.050;4.660;0.020
2019-07-12;0.000;0.000;0.110;0.390;0.020;0.050;0.000
2019-07-13;0.000;0.140;0.220;0.000;0.000;0.000;0.000
2019-07-14;1.530;0.020;0.000;0.000;0.000;0.000;0.000
2019-07-15;10.370;0.000;0.000;0.000;0.000;0.000;0.000
2019-07-16;0.000;0.000;0.000;0.000;0.000;0.000;0.000
2019-07-17;0.000;0.000;0.000;0.000;0.000;0.000;0.000
2019-07-18;0.000;0.000;0.000;0.000;0.000;0.000;0.000
2019-07-19;0.000;0.000;0.000;0.000;0.000;0.000;0.000
2019-07-20;0.000;0.000;0.000;0.000;0.000;0.000;0.000
2019-07-21;0.000;0.000;0.000;0.000;0.000;0.010;0.000
2019-07-22;0.000;0.000;0.000;0.000;0.000;0.000;0.000
2019-07-23;0.000;0.000;0.000;0.000;0.000;0.000;0.000
2019-07-24;0.000;0.000;0.000;0.030;0.000;0.000;0.030
2019-07-25;0.000;0.000;0.020;0.000;0.000;0.000;0.000
2019-07-26;0.000;0.100;0.010;0.010;0.000;0.000;0.230
2019-07-27;0.030;0.000;0.000;0.000;0.000;0.920;9.360
2019-07-28;0.020;0.240;0.000;0.010;0.060;9.870;0.060
2019-07-29;0.070;0.000;0.000;0.620;9.470;0.000;0.040
2019-07-30;0.000;0.000;0.440;9.850;0.000;0.000;0.000
2019-07-31;0.000;0.940;19.240;2.720;0.020;0.000;0.790
2019-08-01;0.170;13.990;1.250;0.000;0.010;0.000;0.140
2019-08-02;1.270;0.100;0.000;0.000;0.000;0.000;0.000
2019-08-03;3.810;0.010;0.060;0.000;0.030;0.000;0.010
2019-08-04;0.150;0.080;0.190;0.000;0.000;0.000;0.000
2019-08-05;0.020;0.040;0.020;0.020;0.000;0.030;0.000
2019-08-06;0.010;0.060;0.020;0.000;0.000;0.000;0.000
2019-08-07;0.010;0.010;0.000;0.000;0.000;0.000;0.160
2019-08-08;0.000;0.000;0.000;0.000;0.000;0.030;0.000
2019-08-09;0.000;0.000;0.000;0.000;0.000;0.000;0.000
2019-08-10;0.010;0.000;0.010;0.080;0.000;0.000;0.000
2019-08-11;0.000;0.000;0.090;0.000;0.000;0.000;0.000
2019-08-12;0.040;0.330;0.000;0.000;0.000;0.000;0.000
2019-08-13;0.080;0.000;0.000;0.000;0.000;0.000;0.780
2019-08-14;0.000;0.000;0.000;0.000;0.010;0.260;0.000
2019-08-15;0.000;0.000;0.000;0.290;0.830;0.030;0.000
2019-08-16;0.000;0.000;0.060;3.160;0.060;0.000;0.040
2019-08-17;0.020;0.060;12.480;0.020;0.060;0.020;0.000
2019-08-18;0.720;4.910;0.050;0.020;0.010;0.000;0.000
2019-08-19;6.170;0.020;0.020;0.240;0.010;0.000;0.000
2019-08-20;0.060;0.040;5.950;0.000;0.000;0.000;0.000
2019-08-21;0.000;3.260;0.010;0.000;0.000;0.000;0.000
2019-08-22;5.480;0.010;0.000;0.000;0.000;0.000;0.000
2019-08-23;0.030;0.000;0.000;0.020;0.000;0.000;0.000
2019-08-24;0.000;0.000;0.000;0.000;0.000;0.000;0.000
2019-08-25;0.000;0.000;0.000;0.000;0.000;0.000;0.630
2019-08-26;0.000;0.000;0.000;0.000;0.000;1.790;7.570
2019-08-27;0.000;0.000;0.000;0.100;1.100;1.940;1.670
2019-08-28;0.000;0.000;0.000;0.590;1.760;1.210;3.670
2019-08-29;0.000;0.100;0.640;0.190;0.930;0.140;0.030
2019-08-30;0.010;0.540;0.390;0.780;0.130;0.030;0.900
2019-08-31;0.680;0.090;0.770;0.130;0.040;0.770;0.440
2019-09-01;8.950;1.870;1.250;0.050;0.010;0.110;0.000
2019-09-02;1.290;0.630;0.080;0.000;0.000;0.020;0.000
2019-09-03;0.410;0.060;0.000;0.000;0.000;0.000;0.000
2019-09-04;0.040;0.000;0.000;0.000;0.000;0.000;0.080
2019-09-05;0.000;0.010;0.000;0.000;0.000;0.000;0.000
2019-09-06;0.060;0.000;0.000;0.000;0.000;0.000;0.000
2019-09-07;0.000;0.000;0.000;0.000;0.000;0.000;0.030
2019-09-08;0.000;0.000;0.000;0.000;0.000;0.000;0.000
2019-09-09;0.000;0.000;0.000;0.000;0.040;0.000;0.000
2019-09-10;0.000;0.000;0.000;0.010;0.000;0.000;0.010
2019-09-11;0.000;0.000;0.010;0.000;0.000;0.000;0.000
2019-09-12;0.010;0.040;0.000;0.000;0.000;0.000;0.000
2019-09-13;0.000;0.000;0.000;0.000;0.000;0.000;0.140
2019-09-14;0.000;0.000;0.000;0.000;0.000;0.000;0.000
2019-09-15;0.000;0.000;0.000;0.000;0.200;0.050;0.320
2019-09-16;0.000;0.000;0.040;0.320;0.010;0.050;0.760
2019-09-17;0.000;0.000;0.000;0.010;0.060;0.600;8.440
2019-09-18;0.010;0.000;0.010;0.080;0.030;19.400;2.230
2019-09-19;0.000;0.010;0.220;0.320;23.950;1.980;0.000
2019-09-20;0.140;0.110;0.110;6.210;16.660;0.430;0.010
2019-09-21;0.290;0.090;0.540;65.520;1.900;0.080;0.000
2019-09-22;0.030;0.040;29.610;9.290;0.000;0.450;0.000
2019-09-23;0.650;19.080;4.680;0.010;0.030;0.000;0.000
2019-09-24;11.490;4.500;0.040;0.000;0.000;0.000;0.000
2019-09-25;10.000;0.050;0.000;0.010;0.000;0.000;0.000
2019-09-26;0.030;0.000;0.000;0.000;0.000;0.000;0.000
2019-09-27;0.000;0.000;0.000;0.000;0.000;0.010;0.010
2019-09-28;0.000;0.000;0.000;0.000;0.020;0.030;0.050
2019-09-29;0.000;0.000;0.000;0.020;0.010;0.000;1.330
2019-09-30;0.000;0.000;0.000;0.300;0.000;4.320;7.130
2019-10-01;0.000;0.000;0.000;0.000;1.820;9.990;17.100
2019-10-02;0.000;0.000;0.000;3.610;4.350;21.660;0.470
2019-10-03;0.000;0.000;2.480;9.030;9.800;0.030;0.000
2019-10-04;0.000;3.340;0.280;20.600;0.010;0.000;0.000
2019-10-05;0.550;5.750;3.180;0.110;0.100;0.000;0.000
2019-10-06;11.910;2.100;0.150;0.830;0.010;0.190;0.030
2019-10-07;3.140;0.320;0.770;0.000;0.010;0.030;0.740
2019-10-08;3.900;0.960;0.060;0.000;0.010;0.000;0.840
2019-10-09;0.600;0.230;0.010;0.180;0.010;0.540;1.870
2019-10-10;0.480;0.010;0.030;0.300;0.000;4.800;1.000
2019-10-11;0.030;0.020;0.650;0.290;2.330;6.620;11.960
2019-10-12;0.000;0.060;0.540;0.750;2.540;2.340;1.840
2019-10-13;0.080;0.000;0.460;0.730;0.210;2.260;1.450
2019-10-14;0.060;0.720;0.800;0.180;4.290;3.950;7.850
2019-10-15;0.170;0.380;0.100;3.780;7.020;9.870;0.170
2019-10-16;0.210;0.130;2.620;0.010;17.310;1.640;0.010
2019-10-17;0.700;1.210;0.000;17.690;4.310;0.000;1.000
2019-10-18;0.960;0.000;7.250;4.050;0.030;0.050;2.450
2019-10-19;0.010;11.870;0.180;1.490;7.180;6.630;4.260
2019-10-20;4.740;2.800;1.320;6.820;12.480;4.930;5.210
2019-10-21;0.890;0.580;2.450;13.400;2.890;6.730;27.390
2019-10-22;0.410;1.120;4.770;7.530;4.850;3.370;1.200
2019-10-23;0.590;1.350;3.520;7.620;7.980;3.850;4.650
2019-10-24;0.130;3.070;3.170;3.550;1.760;1.500;1.920
2019-10-25;1.200;0.550;8.600;1.390;0.380;0.360;0.010
2019-10-26;0.000;1.890;1.100;0.000;0.160;0.000;0.860
2019-10-27;6.020;1.570;0.000;0.260;0.000;1.960;6.450
2019-10-28;0.790;0.770;0.200;0.000;2.710;0.550;30.360
2019-10-29;0.610;0.130;0.000;0.080;2.970;5.600;5.820
2019-10-30;0.160;0.000;0.010;0.420;0.730;1.230;4.090
2019-10-31;0.130;0.270;3.530;3.740;17.510;0.150;1.620
2019-11-01;0.000;0.080;1.950;8.330;0.050;11.160;14.120
2019-11-02;0.000;0.010;9.160;0.100;21.810;11.990;1.260
2019-11-03;0.040;11.200;0.270;21.840;27.990;18.410;8.150
2019-11-04;3.700;0.930;17.720;7.950;4.370;6.500;10.030
2019-11-05;1.220;39.910;27.920;13.410;1.320;0.120;0.210
2019-11-06;20.070;9.900;6.310;30.830;11.350;0.100;4.910
2019-11-07;7.980;17.430;20.480;16.710;0.050;13.460;6.820
2019-11-08;4.150;29.200;3.770;0.230;22.060;31.190;79.880
2019-11-09;14.850;12.800;0.130;7.880;37.110;17.030;0.730
2019-11-10;5.180;0.560;17.250;45.150;72.700;0.100;0.000
2019-11-11;0.070;1.060;11.010;17.680;0.000;0.000;0.280
2019-11-12;1.220;44.940;14.060;0.010;0.000;0.710;3.470
2019-11-13;26.550;3.000;0.000;0.000;0.340;3.520;2.420
2019-11-14;18.270;0.010;0.000;1.420;6.760;2.350;3.650
2019-11-15;0.010;0.000;2.170;5.330;1.640;1.370;1.060
2019-11-16;0.480;2.300;5.260;0.880;0.290;1.720;4.690
2019-11-17;1.320;5.570;1.390;2.110;7.010;1.280;1.540
2019-11-18;3.740;1.310;4.750;5.480;5.240;0.090;0.850
2019-11-19;2.530;4.020;8.530;2.400;0.180;0.060;1.730
2019-11-20;2.360;3.050;3.540;0.130;0.010;2.510;43.370
2019-11-21;5.900;7.360;0.170;0.050;0.000;0.550;17.100
2019-11-22;18.070;0.480;0.000;0.000;35.910;3.350;0.000
2019-11-23;0.680;0.050;0.010;7.510;33.980;0.000;0.270
2019-11-24;0.070;0.050;6.570;32.470;0.000;0.960;0.100
2019-11-25;0.160;0.020;30.330;0.520;1.130;0.070;0.050
2019-11-26;1.770;29.730;2.120;4.570;3.300;0.030;14.740
2019-11-27;1.700;0.860;19.620;0.010;0.000;7.090;41.320
2019-11-28;0.010;0.370;0.000;0.000;26.210;29.570;1.130
2019-11-29;5.280;1.910;0.000;1.010;12.260;2.380;0.010
2019-11-30;0.600;0.020;0.060;0.060;7.100;1.460;0.000
2019-12-01;0.140;0.030;0.030;5.140;2.970;0.000;0.000
2019-12-02;0.000;0.200;8.720;3.100;0.000;0.020;0.150
2019-12-03;2.690;12.460;2.770;0.000;0.000;0.240;0.950
2019-12-04;7.750;8.260;0.000;0.000;0.000;0.810;36.490
2019-12-05;7.070;0.000;0.000;0.430;5.090;14.720;3.830
2019-12-06;0.000;0.000;1.400;40.240;11.140;11.240;7.650
2019-12-07;0.030;5.630;24.800;4.910;1.780;11.920;0.150
2019-12-08;8.510;6.950;10.140;2.180;5.690;1.110;11.090
2019-12-09;8.230;4.780;3.270;16.060;6.800;1.530;9.370
2019-12-10;7.340;3.090;4.780;5.790;0.240;0.020;61.260
2019-12-11;1.790;2.570;6.520;0.160;0.130;26.290;17.630
2019-12-12;1.100;8.250;0.180;0.010;0.050;55.350;16.380
2019-12-13;3.800;0.070;0.150;1.510;81.410;3.140;6.390
2019-12-14;0.130;0.010;0.000;36.220;1.750;7.010;4.190
2019-12-15;0.000;0.230;4.770;2.340;8.060;15.000;14.430
2019-12-16;21.180;32.190;4.050;15.120;11.660;13.480;77.480
2019-12-17;16.240;5.770;11.490;7.590;17.430;44.910;15.170
2019-12-18;0.600;11.520;12.200;28.810;45.720;11.360;1.270
2019-12-19;7.020;10.770;10.720;22.420;5.330;0.040;6.170
2019-12-20;4.420;15.600;39.080;0.220;0.390;0.470;6.590
2019-12-21;11.060;4.600;2.620;0.040;0.060;0.360;0.250
2019-12-22;20.970;2.080;0.020;0.220;1.190;0.430;1.370
2019-12-23;0.270;0.190;0.360;0.190;0.080;1.050;8.530
2019-12-24;0.020;0.210;0.660;0.230;0.050;0.320;3.230
2019-12-25;0.120;0.440;0.300;0.150;0.320;12.410;10.220
2019-12-26;0.130;0.850;0.640;0.150;1.760;3.120;21.200
2019-12-27;0.350;0.530;0.060;0.350;0.380;29.360;0.190
2019-12-28;0.220;0.100;0.210;0.140;14.980;20.900;0.270
2019-12-29;0.040;0.310;0.390;14.490;6.490;1.200;1.540
2019-12-30;0.980;0.060;20.830;8.420;0.520;0.140;5.130
2019-12-31;0.110;14.190;6.630;0.670;0.270;6.260;2.150
2020-01-01;20.540;2.630;16.530;3.960;4.940;3.930;5.940
2020-01-02;3.110;20.230;1.770;1.810;3.080;4.930;15.580
2020-01-03;16.180;9.440;4.340;4.020;8.280;13.620;21.190
2020-01-04;6.350;10.530;6.530;10.390;8.400;21.180;9.170
2020-01-05;3.480;0.180;8.270;19.870;8.750;15.520;4.260
2020-01-06;0.410;25.770;14.840;11.430;13.680;6.390;5.920
2020-01-07;10.370;10.490;22.920;8.500;13.400;30.370;60.430
2020-01-08;4.950;7.640;12.120;14.090;58.090;19.420;41.440
2020-01-09;4.510;27.940;4.350;7.760;16.930;5.610;38.240
2020-01-10;9.030;54.850;49.560;70.650;15.320;25.990;9.060
2020-01-11;51.650;13.380;19.980;6.740;6.410;4.470;0.030
2020-01-12;33.080;10.440;3.340;8.340;0.540;0.140;7.870
2020-01-13;3.480;1.670;40.470;4.110;0.050;0.720;0.870
2020-01-14;0.320;26.890;2.580;0.010;0.570;0.540;0.790
2020-01-15;7.880;1.120;0.000;0.600;6.060;0.850;2.390
2020-01-16;20.100;0.050;0.120;3.960;0.380;4.730;10.280
2020-01-17;0.080;0.100;0.500;0.020;0.630;0.140;0.120
2020-01-18;1.130;0.800;0.010;9.770;25.210;3.020;0.040
2020-01-19;1.160;0.100;1.950;11.760;1.810;0.000;0.070
2020-01-20;0.160;0.540;0.320;4.210;0.000;0.000;0.470
2020-01-21;0.690;47.050;14.840;0.010;0.000;0.080;2.120
2020-01-22;31.570;1.900;0.000;0.000;0.020;0.060;5.110
2020-01-23;1.250;0.000;0.000;0.030;2.300;4.430;3.680
2020-01-24;0.000;0.000;0.000;0.040;8.430;10.770;8.490
2020-01-25;0.000;0.000;0.020;10.050;3.280;3.950;15.420
2020-01-26;0.000;0.050;19.650;6.330;12.730;15.050;68.200
2020-01-27;0.260;10.220;18.330;4.940;15.180;11.450;0.070
2020-01-28;8.750;6.830;5.550;10.250;42.850;1.970;0.060
2020-01-29;3.720;5.850;11.060;13.320;8.620;10.930;0.520
2020-01-30;7.130;13.870;15.950;18.020;8.690;13.550;15.800
2020-01-31;16.220;16.760;4.480;3.840;5.250;5.100;4.630
2020-02-01;31.460;9.640;16.780;34.490;8.570;10.530;5.170
2020-02-02;22.660;15.320;38.290;6.350;15.800;0.860;1.270
2020-02-03;0.250;27.500;13.610;11.140;3.650;0.930;0.810
2020-02-04;16.720;22.370;16.650;0.530;0.950;1.170;67.700
2020-02-05;8.560;7.420;0.540;1.010;17.470;29.880;27.760
2020-02-06;1.110;6.430;2.870;46.570;7.460;0.120;0.570
2020-02-07;0.620;5.780;44.600;10.630;0.020;0.660;1.570
2020-02-08;32.040;52.770;0.400;0.990;0.670;4.730;10.600
2020-02-09;68.980;45.890;22.760;12.860;1.120;2.030;5.470
2020-02-10;13.520;0.350;1.670;0.270;10.610;22.560;5.490
2020-02-11;0.440;0.810;1.600;8.220;9.730;18.040;10.300
2020-02-12;0.930;0.220;1.440;14.390;4.870;4.320;11.110
2020-02-13;0.620;0.650;11.260;8.900;5.660;105.470;4.670
2020-02-14;0.200;0.260;6.880;2.200;11.070;1.490;10.540
2020-02-15;2.990;10.440;6.650;6.460;1.450;11.020;45.370
2020-02-16;4.150;3.740;5.260;4.330;33.440;1.760;0.410
2020-02-17;6.180;8.000;8.940;38.180;0.490;3.490;3.010
2020-02-18;0.390;6.220;35.050;4.150;13.570;31.730;6.840
2020-02-19;2.090;20.370;1.510;0.120;0.630;3.980;7.830
2020-02-20;8.490;0.100;0.120;2.000;7.150;8.220;31.860
2020-02-21;0.080;0.100;2.930;3.240;14.400;9.900;0.110
2020-02-22;0.020;0.900;8.410;41.270;0.070;0.060;4.390
2020-02-23;11.300;5.940;17.790;0.490;0.100;0.670;0.020
2020-02-24;2.510;37.240;0.490;0.240;0.570;0.110;0.660
2020-02-25;23.450;1.490;0.630;0.880;0.350;0.370;5.980
2020-02-26;3.270;2.390;1.270;0.620;42.390;25.570;3.470
2020-02-27;0.480;5.990;0.860;4.900;9.780;1.400;0.800
2020-02-28;2.430;0.220;1.870;2.990;1.150;2.630;0.020
2020-02-29;0.530;7.960;25.450;0.770;0.950;0.410;3.580
2020-03-01;12.990;9.370;1.480;1.000;0.350;1.500;0.590
2020-03-02;7.600;1.650;0.080;0.120;19.070;1.060;0.930
2020-03-03;1.160;0.100;0.020;4.000;1.640;0.270;0.020
2020-03-04;0.020;0.070;0.060;0.770;5.540;0.160;0.490
2020-03-05;0.060;0.110;1.510;3.130;0.310;0.700;1.240
2020-03-06;0.220;8.230;2.040;0.180;1.080;1.330;0.270
2020-03-07;5.670;1.600;0.000;0.230;0.650;0.670;0.910
2020-03-08;0.530;0.510;0.460;0.020;0.020;0.170;0.730
2020-03-09;0.900;0.100;0.000;0.030;0.020;0.450;2.050
2020-03-10;0.010;0.000;0.030;0.500;2.190;3.810;2.560
2020-03-11;0.060;0.020;0.090;2.950;5.560;2.140;2.370
2020-03-12;0.110;0.520;3.060;8.040;2.650;1.630;1.180
2020-03-13;0.210;5.570;4.080;4.190;1.110;8.660;0.090
2020-03-14;5.480;7.540;5.140;1.150;15.670;20.470;0.580
2020-03-15;14.630;6.940;1.830;16.200;21.410;7.550;0.000
2020-03-16;7.130;1.140;5.000;31.650;0.440;0.000;0.040
2020-03-17;1.150;1.330;36.680;0.040;0.020;0.010;0.000
2020-03-18;0.700;20.960;0.700;0.000;0.130;0.080;0.000
2020-03-19;9.370;0.260;0.030;0.020;0.000;0.000;0.000
2020-03-20;1.300;0.000;0.040;0.000;0.000;0.000;0.020
2020-03-21;0.000;0.030;0.000;0.000;0.000;0.010;0.020
2020-03-22;0.010;0.010;0.170;0.060;0.030;0.020;0.450
2020-03-23;0.010;0.030;0.010;0.030;0.010;1.120;12.770
2020-03-24;0.000;0.000;0.000;0.020;0.070;0.160;0.160
2020-03-25;0.000;0.000;0.000;0.080;0.330;0.030;0.060
2020-03-26;0.060;0.000;0.790;14.060;0.260;0.430;1.740
2020-03-27;0.470;4.270;7.670;0.930;0.840;2.720;34.350
2020-03-28;6.700;5.630;0.500;0.490;10.020;11.520;0.000
2020-03-29;1.590;0.170;0.000;1.700;7.350;0.000;0.030
2020-03-30;0.230;0.000;0.570;10.870;0.000;0.000;0.000
2020-03-31;0.050;0.630;2.100;0.010;0.000;0.470;3.530
2020-04-01;0.830;0.450;0.000;0.000;0.010;0.250;0.030
2020-04-02;4.640;0.050;0.000;0.080;8.830;0.110;0.000
2020-04-03;0.000;0.000;0.000;1.000;0.040;0.000;0.010
2020-04-04;0.000;0.000;1.590;0.040;0.000;0.060;0.130
2020-04-05;0.010;0.140;0.020;0.000;0.000;0.010;0.230
2020-04-06;1.020;0.050;0.000;0.070;0.130;0.000;0.000
2020-04-07;0.040;0.000;0.140;0.330;0.000;0.000;0.530
2020-04-08;0.000;0.000;1.210;0.040;0.020;0.760;27.150
2020-04-09;0.000;0.150;0.010;0.020;27.150;26.700;0.060
2020-04-10;0.090;0.020;0.410;18.530;1.290;1.090;0.000
2020-04-11;0.000;0.000;3.840;2.440;1.710;0.050;0.000
2020-04-12;0.020;8.390;1.540;1.160;0.000;0.000;0.080
2020-04-13;5.470;0.180;0.290;0.000;0.000;0.090;0.880
2020-04-14;0.260;0.050;0.000;0.010;0.410;0.690;0.090
2020-04-15;0.010;0.000;0.000;0.550;0.290;0.040;0.000
2020-04-16;0.100;0.010;0.160;0.950;0.110;0.010;0.030
2020-04-17;0.000;0.290;0.670;0.460;0.020;0.180;0.010
2020-04-18;1.000;0.370;0.240;0.400;0.000;0.060;0.000
2020-04-19;0.380;0.040;0.140;0.040;0.070;0.000;0.000
2020-04-20;0.010;0.010;0.030;0.000;0.020;0.010;0.000
2020-04-21;0.000;0.030;0.000;0.010;0.000;0.000;0.000
2020-04-22;0.000;0.000;0.000;0.000;0.010;0.080;0.000
2020-04-23;0.010;0.010;0.000;0.000;0.000;0.000;0.000
2020-04-24;0.000;0.000;0.000;0.000;0.000;0.000;0.000
2020-04-25;0.000;0.000;0.000;0.000;0.000;0.000;0.780
2020-04-26;0.000;0.000;0.000;0.000;0.000;0.020;0.730
2020-04-27;0.000;0.000;0.000;0.000;0.260;0.170;0.050
2020-04-28;0.000;0.000;0.000;0.720;0.420;0.030;0.020
2020-04-29;0.000;0.080;14.470;0.050;0.000;0.230;24.400
2020-04-30;0.080;1.700;0.180;0.000;0.320;2.390;0.020
2020-05-01;2.770;0.290;0.000;0.090;33.930;0.000;0.000
2020-05-02;0.160;0.000;0.030;14.830;2.340;0.050;0.000
2020-05-03;0.000;0.020;7.840;5.400;0.010;0.000;0.000
2020-05-04;0.010;5.600;6.030;0.000;0.000;0.000;0.000
2020-05-05;3.630;3.170;0.000;0.000;0.000;0.000;0.000
2020-05-06;9.190;0.000;0.000;0.000;0.000;0.000;0.010
2020-05-07;0.000;0.000;0.000;0.000;0.000;0.000;0.200
2020-05-08;0.000;0.000;0.000;0.000;0.000;1.860;16.170
2020-05-09;0.000;0.000;0.000;0.000;11.320;1.780;0.020
2020-05-10;0.000;0.000;0.030;10.650;0.400;0.230;0.000
2020-05-11;0.000;0.120;4.250;5.960;2.110;0.010;0.010
2020-05-12;0.000;4.150;0.830;0.600;0.000;0.000;0.000
2020-05-13;2.100;0.150;0.630;0.000;0.000;0.000;0.000
2020-05-14;0.240;0.630;0.000;0.010;0.000;0.000;0.000
2020-05-15;0.160;0.010;0.020;0.070;0.000;0.000;6.700
2020-05-16;0.000;0.000;0.000;0.000;0.000;0.220;7.130
2020-05-17;0.000;0.000;0.000;0.000;0.180;14.100;0.000
2020-05-18;0.000;0.300;0.000;0.010;12.710;0.000;0.000
2020-05-19;0.450;0.000;0.000;6.440;0.050;0.000;0.000
2020-05-20;0.000;0.000;8.920;0.040;0.000;0.000;0.000
2020-05-21;0.000;14.440;0.000;0.000;0.000;0.000;0.000
2020-05-22;23.740;0.000;0.000;0.000;0.000;0.000;0.000
2020-05-23;0.000;0.000;0.000;0.000;0.010;0.000;0.020
2020-05-24;0.030;0.000;0.000;0.000;0.000;0.000;0.000
2020-05-25;0.000;0.000;0.000;0.000;0.000;0.000;0.350
2020-05-26;0.000;0.000;0.000;0.000;0.000;0.010;8.980
2020-05-27;0.000;0.010;0.000;0.000;0.000;3.200;0.420
2020-05-28;0.000;0.000;0.000;0.000;6.830;0.340;0.030
2020-05-29;0.000;0.000;0.000;0.290;0.160;11.360;4.060
2020-05-30;0.000;0.000;0.060;0.180;1.030;0.270;2.370
2020-05-31;0.000;7.930;1.270;4.860;0.850;15.160;0.020
2020-06-01;3.010;2.340;0.150;1.050;14.550;4.890;0.190
2020-06-02;1.470;0.820;0.340;6.430;9.730;0.230;4.020
2020-06-03;0.760;0.930;0.740;4.000;0.480;8.760;0.020
2020-06-04;0.440;0.890;5.610;0.540;0.020;0.000;0.000
2020-06-05;0.380;3.540;0.440;0.830;0.000;0.000;0.000
2020-06-06;2.620;0.110;0.250;0.000;0.000;0.000;0.000
2020-06-07;0.690;0.950;0.000;0.000;0.000;0.000;0.030
2020-06-08;0.180;0.000;0.000;0.000;0.000;0.300;0.110
2020-06-09;0.020;0.000;0.000;0.000;0.430;0.030;0.050
2020-06-10;0.000;0.000;0.000;0.050;0.070;0.110;0.000
2020-06-11;0.000;0.000;0.050;0.040;0.030;0.000;0.000
2020-06-12;0.000;0.340;0.070;0.130;0.000;0.000;0.000
2020-06-13;0.100;0.010;0.100;0.020;0.000;0.000;0.000
2020-06-14;0.010;0.010;0.000;0.000;0.000;0.000;0.000
2020-06-15;0.220;0.010;0.000;0.000;0.000;0.010;0.000
2020-06-16;0.000;0.000;0.000;0.000;0.530;0.000;0.000
2020-06-17;0.000;0.000;0.000;0.060;0.000;0.000;0.000
2020-06-18;0.000;0.000;0.060;0.000;0.000;0.000;0.000
2020-06-19;0.000;0.000;0.000;0.000;0.000;0.000;23.100
2020-06-20;0.010;0.000;0.000;0.000;0.000;2.440;31.830
2020-06-21;0.000;0.000;0.000;0.000;0.000;33.460;3.250
2020-06-22;0.000;0.000;0.000;0.070;16.990;0.070;2.010
2020-06-23;0.000;0.000;0.060;11.670;0.140;2.900;0.020
2020-06-24;0.000;0.340;10.500;0.050;0.220;0.480;0.090
2020-06-25;49.500;35.820;0.100;0.370;0.080;0.520;0.130
2020-06-26;21.030;0.050;0.580;0.010;2.660;0.000;1.240
2020-06-27;0.400;0.000;0.010;0.070;0.000;0.010;0.080
2020-06-28;0.010;0.020;2.080;0.000;0.000;0.000;0.010
2020-06-29;0.540;0.370;0.000;0.000;0.000;0.000;0.220
2020-06-30;5.190;0.000;0.020;0.000;0.520;0.480;0.000
2020-07-01;0.000;0.010;0.000;0.260;0.010;0.000;0.000
2020-07-02;0.000;0.000;0.150;0.010;0.000;0.000;0.000
2020-07-03;0.000;0.020;0.030;0.000;0.000;1.030;0.020
2020-07-04;0.080;0.010;0.000;0.020;1.740;0.020;0.030
2020-07-05;0.000;0.000;0.000;0.500;0.000;0.040;0.000
2020-07-06;0.000;0.000;0.320;0.070;0.120;0.000;0.000
2020-07-07;0.000;0.300;0.000;0.000;0.000;0.000;0.080
2020-07-08;0.770;0.000;0.000;0.000;0.000;0.080;0.000
2020-07-09;0.000;0.000;0.000;0.000;1.160;0.060;0.060
2020-07-10;0.000;0.000;0.000;0.040;0.000;0.000;0.000
2020-07-11;0.000;0.000;0.180;0.750;0.110;0.030;0.070
2020-07-12;0.020;0.590;0.010;0.340;0.000;0.040;0.000
2020-07-13;0.400;0.000;0.440;0.000;0.000;0.000;0.000
2020-07-14;0.010;1.000;0.070;0.170;0.000;0.000;0.000
2020-07-15;0.260;0.030;0.000;0.000;0.010;0.000;0.000
2020-07-16;0.010;0.000;0.000;0.000;0.010;0.000;0.000
2020-07-17;0.000;0.000;0.000;0.000;0.000;0.000;0.000
2020-07-18;0.000;0.000;0.000;0.000;0.000;0.000;0.000
2020-07-19;0.000;0.000;0.000;0.000;0.000;0.000;0.000
2020-07-20;0.000;0.000;0.000;0.000;0.000;0.000;0.000
2020-07-21;0.000;0.000;0.000;0.000;0.000;0.000;0.000
2020-07-22;0.000;0.000;0.000;0.000;0.000;0.000;0.010
2020-07-23;0.000;0.000;0.000;0.000;0.000;0.000;0.000
2020-07-24;0.000;0.000;0.000;0.000;0.020;0.030;0.050
2020-07-25;0.000;0.000;0.000;0.060;0.240;0.030;0.010
2020-07-26;0.000;0.000;0.010;0.260;0.400;0.060;0.000
2020-07-27;0.000;0.020;0.230;0.280;0.280;0.000;0.000
2020-07-28;0.210;1.280;0.090;0.110;0.010;0.000;0.000
2020-07-29;0.400;0.160;0.010;0.000;0.010;0.000;0.000
2020-07-30;0.060;0.000;0.000;0.000;0.000;0.000;0.000
2020-07-31;0.140;0.000;0.000;0.000;0.000;0.000;0.000
2020-08-01;0.000;0.000;0.000;0.000;0.000;0.000;0.000
2020-08-02;0.000;0.000;0.000;0.000;0.000;0.000;0.000
2020-08-03;0.000;0.000;0.000;0.000;0.000;0.000;0.000
2020-08-04;0.000;0.000;0.000;0.000;0.000;0.000;0.000
2020-08-05;0.000;0.000;0.000;0.000;0.000;0.000;0.000
2020-08-06;0.000;0.000;0.000;0.000;0.000;0.000;0.000
2020-08-07;0.000;0.000;0.000;0.000;0.000;0.000;0.220
2020-08-08;0.000;0.000;0.000;0.000;0.080;0.420;0.190
2020-08-09;0.000;0.000;0.000;0.090;0.480;0.240;0.000
2020-08-10;0.000;0.000;0.010;0.230;0.540;0.250;14.290
2020-08-11;0.000;0.050;0.200;1.130;1.450;72.400;28.730
2020-08-12;0.560;0.390;0.770;0.690;7.830;43.670;34.370
2020-08-13;0.420;0.360;0.070;11.350;13.900;0.840;0.240
2020-08-14;0.120;1.080;5.510;6.190;0.430;2.310;17.930
2020-08-15;0.040;3.370;1.750;0.490;1.480;33.080;0.890
2020-08-16;33.190;6.040;0.020;0.150;14.460;0.230;0.070
2020-08-17;17.670;0.010;0.080;24.350;0.220;0.030;0.000
2020-08-18;0.420;0.090;21.670;4.430;0.000;0.000;0.000
2020-08-19;0.580;22.580;2.800;0.000;0.000;0.000;0.000
2020-08-20;17.920;0.980;0.000;0.000;0.000;0.000;0.000
2020-08-21;0.060;0.000;0.000;0.000;0.000;0.000;0.000
2020-08-22;0.000;0.000;0.000;0.000;0.000;0.000;0.000
2020-08-23;0.000;0.000;0.000;0.000;0.000;0.000;0.000
2020-08-24;0.000;0.000;0.000;0.000;0.000;0.000;0.000
2020-08-25;0.000;0.000;0.000;0.000;0.000;0.010;0.040
2020-08-26;0.000;0.000;0.000;0.000;0.000;0.000;0.000
2020-08-27;0.000;0.000;0.000;0.000;0.000;0.000;0.000
2020-08-28;0.000;0.000;0.000;0.000;0.000;0.000;0.000
2020-08-29;0.000;0.000;0.000;0.000;0.000;0.000;0.000
2020-08-30;0.000;0.000;0.000;0.000;0.000;0.000;0.000
2020-08-31;0.000;0.000;0.000;0.000;0.000;0.000;0.000
2020-09-01;0.000;0.000;0.000;0.000;0.000;0.000;0.010
2020-09-02;0.000;0.000;0.000;0.000;0.000;0.000;0.000
2020-09-03;0.000;0.000;0.000;0.000;0.000;0.000;0.300
2020-09-04;0.000;0.000;0.000;0.000;0.040;0.010;0.000
2020-09-05;0.000;0.000;0.010;0.000;0.000;0.000;0.000
2020-09-06;0.010;0.050;0.120;0.100;0.020;0.000;0.000
2020-09-07;0.010;0.010;0.030;0.010;0.050;0.000;0.000
2020-09-08;0.010;0.000;0.010;0.030;0.000;0.000;0.000
2020-09-09;0.010;0.080;0.030;0.000;0.000;0.000;0.000
2020-09-10;0.270;0.120;0.000;0.040;0.000;0.000;0.000
2020-09-11;0.100;0.000;0.000;0.000;0.000;0.000;0.000
2020-09-12;0.000;0.000;0.030;0.010;0.000;0.010;0.970
2020-09-13;0.000;0.020;0.000;0.110;0.480;0.730;22.120
2020-09-14;0.070;0.000;0.150;0.260;0.250;3.520;21.990
2020-09-15;0.000;0.220;0.060;0.630;6.730;7.190;11.070
2020-09-16;0.090;0.180;0.630;1.900;4.210;14.990;0.010
2020-09-17;0.470;0.550;3.150;13.120;2.100;0.200;0.010
2020-09-18;7.580;7.840;22.100;9.380;0.060;0.000;0.000
2020-09-19;1.150;2.660;16.560;0.170;0.000;0.000;0.000
2020-09-20;2.400;9.320;0.460;0.000;0.000;0.000;0.000
2020-09-21;9.990;0.080;0.000;0.000;0.000;0.000;0.000
2020-09-22;0.930;0.000;0.000;0.000;0.000;0.000;0.040
2020-09-23;0.090;0.000;0.000;0.000;0.020;0.030;0.070
2020-09-24;0.000;0.000;0.000;0.000;0.240;0.070;0.010
2020-09-25;0.000;0.000;0.020;0.160;0.050;0.000;0.050
2020-09-26;0.000;0.060;0.060;0.470;0.080;0.170;0.090
2020-09-27;0.120;0.010;0.270;0.100;0.040;0.050;0.030
2020-09-28;0.930;0.210;0.090;0.090;0.060;0.330;0.320
2020-09-29;0.080;0.050;0.020;0.010;0.010;0.160;0.010
2020-09-30;0.460;0.240;0.020;0.010;0.230;0.000;0.010
2020-10-01;0.040;0.020;0.010;0.000;0.000;0.000;0.000
2020-10-02;0.320;0.030;0.070;0.000;0.080;0.020;0.110
2020-10-03;0.000;0.000;0.000;0.000;0.000;0.000;0.000
2020-10-04;0.000;0.000;0.000;0.000;0.000;0.000;1.430
2020-10-05;0.000;0.000;0.000;0.000;0.000;0.000;0.000
2020-10-06;0.000;0.000;0.000;4.170;0.000;2.430;24.030
2020-10-07;0.000;2.530;1.430;0.000;0.000;9.060;23.730
2020-10-08;9.930;1.930;0.000;0.000;0.000;64.670;0.000
2020-10-09;3.410;0.000;0.000;4.070;16.510;0.000;0.000
2020-10-10;0.000;0.000;0.000;0.000;5.710;0.000;0.000
2020-10-11;0.000;0.000;0.000;3.290;0.000;0.000;9.900
2020-10-12;0.000;1.220;0.000;13.500;0.000;0.000;6.620
2020-10-13;0.000;7.140;0.000;0.000;3.740;20.840;0.000
2020-10-14;1.260;24.410;0.000;0.000;8.270;0.000;0.000
2020-10-15;0.000;0.000;0.000;4.860;10.550;3.710;0.000
2020-10-16;0.000;0.000;0.000;19.680;0.000;0.000;0.000
2020-10-17;0.000;6.450;1.250;0.000;0.000;0.000;1.780
2020-10-18;6.070;1.040;0.000;0.000;0.000;0.000;0.000
2020-10-19;1.630;0.000;0.000;0.000;5.600;7.030;5.830
2020-10-20;0.000;0.000;0.000;3.710;6.170;2.170;5.020
2020-10-21;0.000;0.000;0.000;2.930;1.070;3.490;0.000
2020-10-22;0.000;10.930;3.130;0.000;1.170;0.000;16.580
2020-10-23;22.030;10.300;0.000;0.000;0.000;22.360;8.010
2020-10-24;4.400;0.000;1.560;0.000;19.070;3.830;0.000
2020-10-25;0.000;0.000;0.000;11.980;9.090;0.000;0.000
2020-10-26;0.000;0.000;0.000;36.180;0.000;0.000;0.000
2020-10-27;0.000;0.000;27.860;0.000;0.000;0.000;0.000
2020-10-28;3.130;11.960;0.000;0.000;0.000;0.000;0.000
2020-10-29;16.730;0.000;0.000;0.000;0.000;0.000;0.000
2020-10-30;0.000;0.000;0.000;0.000;0.000;0.000;0.000
2020-10-31;0.000;0.000;0.000;0.000;0.000;0.000;0.000
2020-11-01;0.000;0.000;7.550;0.000;0.000;0.000;0.000
2020-11-02;0.000;0.000;0.000;0.000;0.000;0.000;24.040
2020-11-03;0.000;0.000;0.000;0.000;0.000;10.350;16.920
2020-11-04;0.000;0.000;0.000;0.000;21.760;12.950;6.060
2020-11-05;0.000;0.000;0.000;11.780;12.470;13.070;33.720
2020-11-06;0.000;0.000;3.470;50.890;11.090;3.200;0.000
2020-11-07;0.000;4.950;15.850;21.050;7.540;0.000;0.000
2020-11-08;2.330;23.990;11.670;0.000;0.000;0.000;0.000
2020-11-09;8.610;21.760;29.240;0.000;0.000;0.000;6.770
2020-11-10;3.620;5.760;12.980;0.000;0.000;7.980;4.600
2020-11-11;0.000;0.000;0.000;0.000;4.300;9.620;3.950
2020-11-12;0.000;1.700;0.000;6.840;14.510;19.610;3.450
2020-11-13;4.830;0.000;3.150;20.560;18.690;13.060;0.000
2020-11-14;0.000;2.280;10.610;44.300;7.400;0.000;0.000
2020-11-15;0.000;6.750;34.730;0.000;0.000;0.000;0.000
2020-11-16;13.940;38.360;1.260;0.000;0.000;4.560;1.610
2020-11-17;39.080;3.430;0.000;0.000;0.000;0.000;0.000
2020-11-18;6.320;0.000;0.000;1.640;0.000;0.000;0.000
2020-11-19;0.000;0.000;6.600;1.300;0.000;0.000;0.000
2020-11-20;0.000;1.880;1.690;0.000;0.000;0.000;0.000
2020-11-21;0.000;0.000;0.000;0.000;0.000;0.000;0.000
2020-11-22;0.000;0.000;0.000;0.000;0.000;0.000;0.000
2020-11-23;0.000;0.000;0.000;0.000;0.000;0.000;0.000
2020-11-24;0.000;0.000;0.000;0.000;0.000;0.000;11.170
2020-11-25;0.000;0.000;0.000;0.000;0.000;1.510;29.670
2020-11-26;0.000;0.000;0.000;0.000;2.520;8.790;10.190
2020-11-27;0.000;0.000;0.000;4.570;18.300;38.040;6.120
2020-11-28;0.000;0.000;18.030;7.790;10.760;26.260;1.910
2020-11-29;1.310;17.700;10.220;7.990;15.590;0.000;2.160
2020-11-30;18.750;12.080;4.760;3.970;2.900;21.700;12.300
2020-12-01;0.000;13.010;2.400;9.740;22.790;7.470;1.070
2020-12-02;5.680;0.000;2.990;34.950;9.130;0.000;0.000
2020-12-03;0.000;2.970;21.650;35.110;0.000;0.000;0.000
2020-12-04;1.340;7.560;29.480;0.000;0.000;2.280;4.240
2020-12-05;31.980;4.940;0.000;0.000;1.460;0.000;4.570
2020-12-06;19.500;0.000;0.000;0.000;0.000;2.740;5.450
2020-12-07;0.000;0.000;0.000;3.590;5.280;18.950;11.230
2020-12-08;0.000;1.640;5.480;0.000;5.270;14.690;5.010
2020-12-09;4.600;2.520;2.850;4.690;11.020;12.930;25.920
2020-12-10;4.440;8.300;10.430;13.610;6.630;3.600;24.910
2020-12-11;1.070;9.790;6.840;4.150;17.060;5.000;16.710
2020-12-12;2.540;5.910;0.000;8.600;5.630;12.260;23.020
2020-12-13;5.560;7.680;17.790;0.000;12.960;6.890;0.000
2020-12-14;19.250;11.050;21.690;21.990;5.930;0.000;7.690
2020-12-15;8.230;10.230;21.900;8.460;0.000;6.170;7.300
2020-12-16;31.740;13.770;9.430;4.370;3.800;4.520;0.000
2020-12-17;9.080;5.330;5.160;17.690;0.000;3.760;3.530
2020-12-18;12.730;2.340;7.420;28.300;1.650;0.000;0.000
2020-12-19;0.000;8.220;2.780;1.990;3.460;0.000;14.430
2020-12-20;7.070;14.970;0.000;0.000;0.000;8.260;8.920
2020-12-21;7.320;0.000;0.000;1.970;22.170;0.000;9.720
2020-12-22;4.980;0.000;0.000;11.210;10.660;16.650;22.670
2020-12-23;0.000;0.000;5.510;32.940;7.630;16.760;4.430
2020-12-24;4.270;4.090;53.370;6.030;7.120;10.350;9.040
2020-12-25;2.070;32.160;31.200;8.730;5.730;9.800;14.030
2020-12-26;8.450;23.520;14.220;8.540;8.640;14.510;0.000
2020-12-27;8.710;12.480;9.150;6.500;11.230;0.000;0.000
2020-12-28;13.880;3.740;20.550;8.020;0.000;0.000;0.000
2020-12-29;5.680;9.330;29.960;0.000;0.000;0.000;0.000
2020-12-30;12.820;34.300;0.000;0.000;0.000;0.000;3.900
2020-12-31;25.370;0.000;0.000;3.250;13.550;9.570;5.610
2021-01-01;1.770;3.110;0.000;7.550;6.130;4.360;11.240
2021-01-02;2.230;2.600;0.000;7.570;18.910;15.530;0.000
2021-01-03;7.700;8.700;4.750;2.970;13.230;19.620;0.000
2021-01-04;0.000;3.030;19.620;11.770;16.090;3.320;1.360
2021-01-05;3.250;8.460;20.440;4.180;13.130;5.660;2.000
2021-01-06;0.000;5.020;0.000;4.270;15.200;17.880;15.160
2021-01-07;12.410;0.000;9.540;7.650;10.710;8.990;42.060
2021-01-08;4.200;8.230;5.200;7.110;14.240;31.440;5.480
2021-01-09;10.920;6.380;9.800;10.770;7.500;3.840;2.040
2021-01-10;8.920;5.960;4.800;38.900;17.360;22.430;10.200
2021-01-11;9.190;0.000;0.000;10.680;6.500;9.670;0.000
2021-01-12;15.550;0.000;4.900;8.800;8.940;32.490;115.370
2021-01-13;6.980;5.900;7.970;6.960;2.070;17.820;15.470
2021-01-14;12.010;13.710;8.010;21.570;7.800;11.320;3.060
2021-01-15;5.190;15.540;10.140;8.630;0.000;0.000;4.770
2021-01-16;4.860;0.000;0.000;0.000;4.930;2.350;3.390
2021-01-17;3.490;0.000;0.000;0.000;0.000;0.000;0.000
2021-01-18;7.090;0.000;0.000;1.110;0.000;2.850;2.120
2021-01-19;1.890;0.000;0.000;0.000;2.350;0.000;9.470
2021-01-20;0.000;0.000;0.000;0.000;0.000;4.530;1.700
2021-01-21;4.170;2.150;1.430;0.000;3.150;0.000;13.550
2021-01-22;0.000;2.250;2.740;2.600;2.770;10.920;6.550
2021-01-23;11.900;9.940;6.150;1.930;9.200;26.510;1.060
2021-01-24;3.790;3.240;0.000;0.000;0.000;0.000;0.000
2021-01-25;13.680;1.300;0.000;0.000;0.000;0.000;9.330
2021-01-26;2.770;0.000;0.000;0.000;0.000;7.840;0.000
2021-01-27;0.000;0.000;0.000;0.000;0.000;0.000;8.540
2021-01-28;1.260;0.000;0.000;5.010;4.440;3.530;12.300
2021-01-29;0.000;0.000;7.290;11.170;3.850;8.220;17.800
2021-01-30;6.800;8.430;13.220;4.280;11.670;13.730;5.920
2021-01-31;9.440;4.000;0.000;11.080;11.330;9.880;10.720
2021-02-01;4.480;2.180;13.360;11.930;18.200;22.520;1.090
2021-02-02;2.710;4.080;31.740;0.000;0.000;0.000;0.000
2021-02-03;5.240;20.960;2.200;1.190;0.000;0.000;12.460
2021-02-04;47.340;4.090;1.570;1.490;0.000;2.300;16.280
2021-02-05;0.000;0.000;0.000;0.000;0.000;13.370;16.960
2021-02-06;4.550;3.640;0.000;7.190;10.870;13.850;11.900
2021-02-07;1.450;0.000;0.000;19.650;5.990;27.430;6.760
2021-02-08;3.350;1.550;15.780;12.220;2.210;8.310;3.200
2021-02-09;7.410;29.380;15.870;4.800;0.000;3.530;17.980
2021-02-10;9.140;12.150;8.200;3.850;14.930;5.670;0.000
2021-02-11;12.270;22.350;8.850;12.750;8.490;0.000;0.000
2021-02-12;19.700;6.740;15.450;0.000;0.000;0.000;1.940
2021-02-13;0.000;12.340;0.000;0.000;5.800;1.630;0.000
2021-02-14;6.320;0.000;2.210;0.000;0.000;0.000;0.000
2021-02-15;3.320;0.000;0.000;0.000;0.000;0.000;0.000
2021-02-16;3.060;0.000;0.000;0.000;0.000;0.000;0.000
2021-02-17;0.000;0.000;0.000;0.000;0.000;0.000;2.670
2021-02-18;0.000;0.000;0.000;0.000;3.790;7.700;0.000
2021-02-19;0.000;0.000;2.950;2.730;8.730;0.000;0.000
2021-02-20;0.000;0.000;0.000;5.040;1.300;0.000;0.000
2021-02-21;0.000;0.000;7.220;5.260;0.000;0.000;4.920
2021-02-22;0.000;0.000;15.140;19.390;13.520;4.830;6.640
2021-02-23;0.000;16.060;5.400;8.180;7.890;8.680;3.100
2021-02-24;20.780;15.360;9.410;10.710;0.000;7.300;2.170
2021-02-25;5.830;9.260;9.580;5.530;1.710;3.110;5.120
2021-02-26;4.540;2.970;1.350;1.070;0.000;4.540;7.600
2021-02-27;15.120;0.000;0.000;0.000;3.200;2.060;5.640
2021-02-28;0.000;0.000;0.000;4.190;31.690;9.940;6.610
2021-03-01;4.040;0.000;0.000;10.340;13.980;10.640;3.510
2021-03-02;0.000;0.000;6.980;20.980;18.690;4.550;0.000
2021-03-03;13.320;12.950;13.270;1.810;1.690;0.000;0.000
2021-03-04;15.720;15.510;8.720;6.860;0.000;4.160;1.280
2021-03-05;15.230;17.690;4.320;0.000;5.420;3.080;1.360
2021-03-06;3.230;3.780;1.740;0.000;2.900;0.000;2.520
2021-03-07;0.000;0.000;3.800;4.110;0.000;0.000;0.000
2021-03-08;0.000;1.510;2.880;0.000;0.000;0.000;6.080
2021-03-09;0.000;0.000;0.000;0.000;3.570;9.220;4.660
2021-03-10;0.000;1.540;2.140;4.290;6.420;9.770;10.440
2021-03-11;1.060;2.010;5.920;0.000;0.000;0.000;1.390
2021-03-12;0.000;0.000;4.780;0.000;2.410;1.250;3.040
2021-03-13;0.000;0.000;0.000;1.790;5.730;5.950;0.000
2021-03-14;2.740;3.470;0.000;0.000;1.550;0.000;0.000
2021-03-15;1.400;3.240;1.590;0.000;1.160;1.640;9.360
2021-03-16;1.510;0.000;0.000;0.000;0.000;0.000;0.000
2021-03-17;5.800;1.580;0.000;0.000;0.000;0.000;0.000
2021-03-18;5.610;0.000;0.000;0.000;0.000;0.000;0.000
2021-03-19;0.000;0.000;0.000;0.000;0.000;0.000;3.160
2021-03-20;0.000;0.000;0.000;0.000;1.130;1.330;1.780
2021-03-21;0.000;0.000;0.000;1.440;1.580;0.000;0.000
2021-03-22;0.000;0.000;1.410;2.100;0.000;0.000;0.000
2021-03-23;0.000;0.000;0.000;0.000;0.000;0.000;6.600
2021-03-24;0.000;0.000;0.000;0.000;3.980;8.490;7.320
2021-03-25;0.000;0.000;1.580;3.500;6.620;0.000;0.000
2021-03-26;0.000;0.000;2.420;6.720;8.660;0.000;0.000
2021-03-27;0.000;2.180;5.200;5.480;0.000;0.000;0.000
2021-03-28;0.000;3.590;2.010;0.000;0.000;0.000;0.000
2021-03-29;6.450;0.000;0.000;0.000;0.000;0.000;0.000
2021-03-30;0.000;0.000;0.000;0.000;0.000;0.000;17.830
2021-03-31;0.000;0.000;0.000;0.000;0.000;11.780;0.000
2021-04-01;0.000;0.000;0.000;0.000;20.090;4.760;0.000
2021-04-02;0.000;0.000;0.000;15.760;16.930;2.500;4.310
2021-04-03;0.000;0.000;1.070;2.290;0.000;0.000;0.000
2021-04-04;0.000;0.000;0.000;0.000;0.000;0.000;0.000
2021-04-05;7.720;0.000;0.000;0.000;0.000;0.000;5.780
2021-04-06;0.000;0.000;0.000;0.000;0.000;0.000;0.000
2021-04-07;0.000;0.000;0.000;0.000;0.000;0.000;2.510
2021-04-08;0.000;0.000;0.000;0.000;0.000;0.000;2.510
2021-04-09;0.000;0.000;0.000;0.000;0.000;1.100;0.000
2021-04-10;0.000;0.000;0.000;0.000;0.000;0.000;1.650
2021-04-11;0.000;0.000;0.000;0.000;0.000;0.000;6.900
2021-04-12;0.000;0.000;0.000;0.000;0.000;2.990;0.000
2021-04-13;0.000;0.000;0.000;3.890;3.210;0.000;0.000
2021-04-14;0.000;0.000;3.210;2.480;2.890;0.000;0.000
2021-04-15;0.000;2.960;3.370;0.000;0.000;0.000;0.000
2021-04-16;1.800;2.960;0.000;0.000;0.000;0.000;0.000
2021-04-17;0.000;0.000;0.000;0.000;0.000;0.000;0.000
2021-04-18;0.000;0.000;0.000;0.000;0.000;0.000;0.000
2021-04-19;0.000;0.000;0.000;0.000;0.000;0.000;0.000
2021-04-20;0.000;0.000;0.000;0.000;0.000;3.150;0.000
2021-04-21;0.000;0.000;0.000;0.000;0.000;1.360;0.000
2021-04-22;0.000;0.000;0.000;0.000;0.000;0.000;0.000
2021-04-23;0.000;0.000;0.000;1.810;0.000;0.000;0.000
2021-04-24;0.000;0.000;2.520;0.000;0.000;0.000;0.000
2021-04-25;0.000;1.010;0.000;0.000;0.000;0.000;0.000
2021-04-26;0.000;0.000;0.000;0.000;0.000;0.000;0.000
2021-04-27;0.000;0.000;0.000;0.000;0.000;0.000;0.000
2021-04-28;0.000;0.000;0.000;0.000;0.000;0.000;0.000
2021-04-29;0.000;0.000;0.000;0.000;0.000;0.000;0.000
2021-04-30;0.000;0.000;0.000;0.000;0.000;0.000;0.000
2021-05-01;0.000;0.000;0.000;0.000;0.000;0.000;0.000
2021-05-02;0.000;0.000;0.000;0.000;0.000;0.000;0.000
2021-05-03;0.000;0.000;0.000;0.000;0.000;0.000;0.000
2021-05-04;0.000;0.000;0.000;0.000;0.000;0.000;0.000
2021-05-05;0.000;0.000;0.000;0.000;0.000;0.000;0.000
2021-05-06;0.000;0.000;0.000;0.000;0.000;0.000;0.000
2021-05-07;0.000;0.000;0.000;0.000;0.000;0.000;0.000
2021-05-08;0.000;0.000;0.000;2.650;2.160;0.000;0.000
2021-05-09;0.000;0.000;0.000;1.760;0.000;0.000;0.000
2021-05-10;0.000;0.000;3.370;0.000;1.040;0.000;0.000
2021-05-11;0.000;1.570;0.000;1.120;0.000;0.000;0.000
2021-05-12;1.530;0.000;0.000;0.000;0.000;0.000;0.000
2021-05-13;0.000;1.010;0.000;0.000;0.000;0.000;0.000
2021-05-14;0.000;0.000;0.000;0.000;0.000;0.000;0.000
2021-05-15;0.000;0.000;0.000;0.000;0.000;0.000;1.470
2021-05-16;0.000;0.000;0.000;0.000;0.000;1.380;0.000
2021-05-17;0.000;0.000;0.000;0.000;1.170;3.130;0.000
2021-05-18;0.000;0.000;0.000;0.000;5.640;0.000;1.730
2021-05-19;0.000;0.000;1.890;3.230;0.000;0.000;7.080
2021-05-20;0.000;0.000;5.810;0.000;0.000;6.700;2.420
2021-05-21;0.000;3.840;0.000;0.000;8.200;2.400;1.380
2021-05-22;5.310;0.000;0.000;2.830;2.070;0.000;0.000
2021-05-23;0.000;0.000;0.000;2.010;0.000;3.180;10.010
2021-05-24;0.000;1.020;2.400;0.000;1.700;0.000;12.270
2021-05-25;0.000;0.000;0.000;1.870;0.000;6.140;2.180
2021-05-26;0.000;0.000;3.320;0.000;0.000;3.380;2.800
2021-05-27;0.000;0.000;0.000;1.220;0.000;0.000;0.000
2021-05-28;0.000;0.000;1.460;0.000;0.000;0.000;0.000
2021-05-29;5.570;5.370;0.000;0.000;0.000;0.000;0.000
2021-05-30;1.520;0.000;0.000;0.000;0.000;0.000;0.000
2021-05-31;0.000;0.000;0.000;0.000;0.000;0.000;0.000
2021-06-01;0.000;0.000;0.000;0.000;0.000;0.000;3.300
2021-06-02;0.000;0.000;0.000;0.000;0.000;3.250;0.000
2021-06-03;0.000;0.000;0.000;0.000;1.520;11.390;12.440
2021-06-04;0.000;0.000;0.000;6.310;7.340;0.000;0.000
2021-06-05;0.000;0.000;7.750;6.210;0.000;0.000;0.000
2021-06-06;8.810;2.890;3.930;16.110;8.300;0.000;0.000
2021-06-07;0.000;0.000;10.280;6.390;0.000;0.000;0.000
2021-06-08;0.000;13.910;6.530;0.000;0.000;0.000;0.000
2021-06-09;16.570;0.000;0.000;0.000;0.000;0.000;0.000
2021-06-10;0.000;0.000;0.000;0.000;0.000;0.000;0.000
2021-06-11;0.000;0.000;0.000;0.000;0.000;0.000;0.000
2021-06-12;0.000;0.000;0.000;0.000;0.000;3.770;15.600
2021-06-13;0.000;0.000;0.000;0.000;0.000;17.320;0.000
2021-06-14;0.000;0.000;0.000;0.000;0.000;0.000;0.000
2021-06-15;0.000;0.000;0.000;0.000;0.000;0.000;0.000
2021-06-16;0.000;0.000;0.000;0.000;0.000;0.000;0.000
2021-06-17;0.000;0.000;0.000;0.000;0.000;0.000;0.000
2021-06-18;0.000;0.000;0.000;0.000;0.000;0.000;0.000
2021-06-19;0.000;0.000;6.290;0.000;0.000;0.000;0.000
2021-06-20;0.000;3.430;0.000;0.000;0.000;0.000;0.000
2021-06-21;8.940;0.000;0.000;0.000;0.000;0.000;0.000
2021-06-22;0.000;0.000;0.000;0.000;0.000;0.000;0.000
2021-06-23;0.000;0.000;0.000;0.000;0.000;0.000;0.000
2021-06-24;0.000;0.000;0.000;0.000;0.000;0.000;0.000
2021-06-25;0.000;0.000;0.000;0.000;0.000;0.000;0.000
2021-06-26;0.000;0.000;0.000;0.000;0.000;0.000;0.000
2021-06-27;0.000;0.000;0.000;0.000;0.000;0.000;0.000
2021-06-28;1.010;0.000;0.000;0.000;0.000;0.000;0.000
2021-06-29;0.000;0.000;0.000;0.000;0.000;0.000;0.000
2021-06-30;0.000;0.000;0.000;0.000;0.000;0.000;0.000
2021-07-01;0.000;0.000;0.000;0.000;0.000;0.000;0.000
2021-07-02;0.000;0.000;0.000;0.000;0.000;0.000;0.000
2021-07-03;0.000;0.000;0.000;0.000;0.000;0.000;0.000
2021-07-04;0.000;0.000;0.000;0.000;0.000;0.000;0.000
2021-07-05;0.000;0.000;0.000;0.000;0.000;0.000;0.000
2021-07-06;0.000;0.000;0.000;0.000;0.000;0.000;0.000
2021-07-07;0.000;0.000;0.000;0.000;0.000;0.000;0.000
2021-07-08;0.000;0.000;0.000;0.000;0.000;0.000;0.000
2021-07-09;0.000;0.000;0.000;0.000;0.000;0.000;0.000
2021-07-10;0.000;0.000;0.000;0.000;0.000;0.000;0.000
2021-07-11;0.000;0.000;0.000;0.000;0.000;0.000;0.000
2021-07-12;0.000;0.000;0.000;0.000;0.000;0.000;0.000
2021-07-13;0.000;0.000;0.000;0.000;0.000;0.000;0.000
2021-07-14;0.000;0.000;0.000;0.000;0.000;0.000;0.000
2021-07-15;0.000;0.000;0.000;0.000;0.000;0.000;0.000
2021-07-16;2.800;0.000;0.000;0.000;0.000;0.000;0.000
2021-07-17;0.000;0.000;0.000;0.000;0.000;0.000;0.000
2021-07-18;0.000;0.000;0.000;0.000;0.000;0.000;0.000
2021-07-19;0.000;0.000;0.000;0.000;0.000;0.000;0.000
2021-07-20;0.000;0.000;0.000;0.000;0.000;0.000;0.000
2021-07-21;0.000;0.000;0.000;0.000;0.000;0.000;2.660
2021-07-22;0.000;0.000;0.000;0.000;0.000;3.320;9.000
2021-07-23;0.000;0.000;0.000;0.000;4.030;1.570;0.000
2021-07-24;0.000;0.000;0.000;0.000;0.000;0.000;0.000
2021-07-25;0.000;0.000;3.750;0.000;0.000;0.000;0.000
2021-07-26;0.000;1.860;0.000;0.000;0.000;0.000;0.000
2021-07-27;10.690;0.000;0.000;0.000;0.000;0.000;0.000
2021-07-28;0.000;0.000;0.000;0.000;0.000;0.000;0.000
2021-07-29;0.000;0.000;0.000;0.000;0.000;0.000;0.000
2021-07-30;0.000;0.000;0.000;0.000;0.000;0.000;0.000
2021-07-31;0.000;0.000;0.000;0.000;0.000;0.000;0.000
2021-08-01;0.000;0.000;0.000;0.000;0.000;0.000;0.000
2021-08-02;0.000;0.000;0.000;0.000;0.000;0.000;0.000
2021-08-03;0.000;0.000;0.000;0.000;0.000;0.000;0.000
2021-08-04;0.000;0.000;0.000;0.000;0.000;0.000;0.000
2021-08-05;0.000;0.000;0.000;0.000;0.000;0.000;0.000
2021-08-06;0.000;0.000;0.000;0.000;0.000;0.000;0.000
2021-08-07;0.000;0.000;0.000;0.000;0.000;0.000;0.000
2021-08-08;0.000;0.000;0.000;0.000;0.000;0.000;0.000
2021-08-09;0.000;0.000;0.000;0.000;0.000;0.000;0.000
2021-08-10;0.000;0.000;0.000;0.000;0.000;0.000;0.000
2021-08-11;0.000;0.000;0.000;0.000;0.000;0.000;0.000
2021-08-12;0.000;0.000;0.000;0.000;0.000;0.000;0.000
2021-08-13;0.000;0.000;0.000;0.000;0.000;0.000;0.000
2021-08-14;0.000;0.000;0.000;0.000;0.000;0.000;0.000
2021-08-15;0.000;0.000;0.000;0.000;0.000;0.000;0.000
2021-08-16;0.000;0.000;0.000;0.000;0.000;0.000;0.000
2021-08-17;0.000;0.000;0.000;0.000;0.000;0.000;0.000
2021-08-18;0.000;0.000;0.000;0.000;0.000;0.000;0.000
2021-08-19;0.000;0.000;0.000;0.000;0.000;0.000;0.000
2021-08-20;0.000;0.000;0.000;0.000;0.000;0.000;1.230
2021-08-21;0.000;0.000;0.000;0.000;0.000;0.000;0.000
2021-08-22;0.000;0.000;0.000;0.000;0.000;0.000;0.000
2021-08-23;0.000;0.000;0.000;0.000;0.000;0.000;5.830
2021-08-24;0.000;0.000;0.000;0.000;0.000;5.680;3.260
2021-08-25;0.000;0.000;0.000;0.000;0.000;0.000;0.000
2021-08-26;0.000;0.000;0.000;0.000;0.000;0.000;0.000
2021-08-27;4.230;0.000;0.000;0.000;0.000;0.000;0.000
2021-08-28;1.650;2.680;0.000;0.000;0.000;0.000;0.000
2021-08-29;0.000;0.000;0.000;0.000;0.000;0.000;0.000
2021-08-30;0.000;0.000;0.000;0.000;0.000;0.000;0.000
2021-08-31;0.000;0.000;0.000;0.000;0.000;0.000;0.000
2021-09-01;0.000;0.000;0.000;0.000;0.000;0.000;0.000
2021-09-02;0.000;0.000;0.000;0.000;0.000;0.000;0.000
2021-09-03;0.000;0.000;0.000;0.000;0.000;0.000;0.000
2021-09-04;0.000;0.000;0.000;0.000;0.000;4.230;0.000
2021-09-05;0.000;0.000;0.000;0.000;9.130;6.310;0.000
2021-09-06;0.000;0.000;0.000;10.120;5.140;0.000;0.000
2021-09-07;0.000;0.000;2.120;4.580;0.000;0.000;0.000
2021-09-08;0.000;0.000;2.060;0.000;0.000;0.000;0.000
2021-09-09;13.450;0.000;0.000;0.000;0.000;0.000;0.000
2021-09-10;0.000;0.000;0.000;0.000;0.000;0.000;0.000
2021-09-11;0.000;0.000;0.000;0.000;0.000;0.000;1.490
2021-09-12;0.000;0.000;0.000;0.000;0.000;0.000;0.000
2021-09-13;0.000;0.000;0.000;0.000;0.000;0.000;0.000
2021-09-14;0.000;0.000;0.000;0.000;0.000;0.000;0.000
2021-09-15;0.000;0.000;0.000;0.000;0.000;0.000;0.000
2021-09-16;1.490;0.000;0.000;0.000;0.000;0.000;0.000
2021-09-17;0.000;0.000;0.000;0.000;0.000;0.000;0.000
2021-09-18;0.000;0.000;0.000;0.000;0.000;0.000;1.070
2021-09-19;0.000;0.000;0.000;0.000;0.000;0.000;0.000
2021-09-20;0.000;0.000;0.000;0.000;1.030;0.000;0.000
2021-09-21;0.000;0.000;0.000;0.000;0.000;0.000;0.000
2021-09-22;0.000;0.000;2.360;0.000;0.000;0.000;0.000
2021-09-23;0.000;0.000;0.000;0.000;0.000;0.000;0.000
2021-09-24;3.350;1.360;0.000;0.000;0.000;0.000;4.320
2021-09-25;0.000;0.000;0.000;0.000;0.000;0.000;0.000
2021-09-26;0.000;0.000;0.000;0.000;0.000;0.000;0.000
2021-09-27;0.000;0.000;0.000;0.000;1.950;12.930;9.140
2021-09-28;0.000;0.000;0.000;0.000;2.160;9.170;0.000
2021-09-29;0.000;2.180;1.880;1.710;0.000;0.000;0.000
2021-09-30;5.790;6.280;1.190;1.860;0.000;0.000;0.000
2021-10-01;3.400;1.330;0.000;0.000;3.450;0.000;1.160
2021-10-02;7.200;2.120;0.000;1.170;4.550;0.000;0.000
2021-10-03;7.370;0.000;0.000;0.000;11.980;26.930;19.830
2021-10-04;0.000;3.600;2.320;12.560;14.990;40.210;0.000
2021-10-05;6.390;4.200;1.010;7.060;20.730;14.630;1.470
2021-10-06;0.000;0.000;5.480;37.310;15.170;0.000;0.000
2021-10-07;0.000;8.040;19.910;2.290;1.840;0.000;20.700
2021-10-08;19.170;10.810;2.380;1.190;0.000;12.090;5.980
2021-10-09;17.390;0.000;1.540;0.000;11.100;27.550;4.040
2021-10-10;1.490;4.950;0.000;0.000;11.840;3.320;9.760
2021-10-11;1.460;0.000;2.210;11.110;6.960;8.840;1.970
2021-10-12;0.000;7.060;6.230;6.700;3.280;0.000;0.000
2021-10-13;0.000;1.060;4.190;8.810;6.080;0.000;0.000
2021-10-14;1.390;3.450;5.430;2.710;0.000;0.000;0.000
2021-10-15;11.250;0.000;17.520;17.770;14.630;0.000;0.000
2021-10-16;0.000;21.630;16.390;19.790;0.000;0.000;0.000
2021-10-17;11.570;13.510;1.540;0.000;0.000;1.150;40.000
2021-10-18;5.000;3.730;0.000;0.000;0.000;30.320;0.000
2021-10-19;3.210;0.000;0.000;0.000;26.750;0.000;4.550
2021-10-20;0.000;0.000;0.000;31.610;2.770;3.070;11.900
2021-10-21;0.000;0.000;19.950;9.340;1.580;4.620;5.450
2021-10-22;0.000;15.610;6.450;7.190;7.880;8.620;12.270
2021-10-23;14.430;0.000;3.420;6.840;12.190;2.680;0.000
2021-10-24;0.000;5.170;5.300;7.360;8.690;0.000;1.420
2021-10-25;0.000;7.620;12.020;0.000;0.000;0.000;28.250
2021-10-26;4.470;2.620;1.650;0.000;2.350;3.840;1.040
2021-10-27;11.660;4.600;4.050;2.620;3.570;0.000;0.000
2021-10-28;0.000;1.940;3.370;4.710;0.000;0.000;1.210
2021-10-29;5.580;2.830;1.900;0.000;0.000;0.000;0.000
2021-10-30;3.470;8.250;0.000;0.000;0.000;0.000;0.000
2021-10-31;6.100;0.000;0.000;0.000;0.000;0.000;0.000
2021-11-01;0.000;0.000;0.000;0.000;0.000;3.120;9.610
2021-11-02;0.000;0.000;0.000;0.000;6.070;1.980;0.000
2021-11-03;0.000;0.000;0.000;0.000;5.870;3.560;7.390
2021-11-04;0.000;0.000;0.000;7.040;4.420;0.000;0.000
2021-11-05;0.000;0.000;6.320;4.350;0.000;0.000;15.690
2021-11-06;0.000;2.190;1.150;0.000;1.210;2.490;0.000
2021-11-07;0.000;6.780;0.000;0.000;0.000;0.000;0.000
2021-11-08;0.000;0.000;2.530;1.410;0.000;0.000;0.000
2021-11-09;2.080;6.420;0.000;0.000;0.000;0.000;0.000
2021-11-10;3.860;0.000;0.000;0.000;0.000;0.000;0.000
2021-11-11;0.000;0.000;0.000;0.000;0.000;0.000;8.440
2021-11-12;0.000;0.000;0.000;0.000;0.000;0.000;5.130
2021-11-13;0.000;0.000;0.000;0.000;0.000;4.310;24.770
2021-11-14;0.000;0.000;0.000;9.320;30.220;0.000;0.000
2021-11-15;0.000;0.000;15.030;32.350;0.000;0.000;0.000
2021-11-16;0.000;10.380;13.470;0.000;0.000;0.000;0.000
2021-11-17;8.390;8.080;0.000;0.000;0.000;0.000;0.000
2021-11-18;8.680;0.000;0.000;0.000;0.000;0.000;0.000
2021-11-19;0.000;0.000;0.000;0.000;0.000;0.000;1.270
2021-11-20;0.000;0.000;0.000;0.000;1.380;15.570;0.000
2021-11-21;0.000;0.000;0.000;5.290;11.670;1.330;0.000
2021-11-22;0.000;0.000;0.000;2.170;0.000;0.000;0.000
2021-11-23;0.000;1.350;2.170;1.090;0.000;1.080;5.910
2021-11-24;4.320;3.060;1.290;0.000;0.000;11.990;0.000
2021-11-25;9.850;3.330;0.000;1.910;13.440;0.000;0.000
2021-11-26;1.150;0.000;0.000;19.310;0.000;0.000;0.000
2021-11-27;0.000;0.000;22.470;0.000;0.000;0.000;0.000
2021-11-28;0.000;18.780;0.000;0.000;0.000;0.000;0.000
2021-11-29;6.350;0.000;0.000;0.000;0.000;0.000;10.520
2021-11-30;0.000;0.000;0.000;0.000;0.000;9.980;7.480
2021-12-01;1.230;5.260;0.000;0.000;15.610;2.830;0.000
2021-12-02;3.450;0.000;2.020;15.820;0.000;0.000;0.000
2021-12-03;0.000;2.010;23.640;0.000;0.000;0.000;0.000
2021-12-04;5.850;15.050;0.000;4.340;0.000;0.000;0.000
2021-12-05;1.010;0.000;1.850;0.000;0.000;0.000;0.000
2021-12-06;1.290;2.520;0.000;0.000;0.000;0.000;18.880
2021-12-07;0.000;0.000;0.000;0.000;2.090;11.490;23.190
2021-12-09;0.000;0.000;1.770;11.690;18.440;24.450;20.890
2021-12-11;2.480;16.180;5.160;12.580;7.670;7.250;0.000
2021-12-12;4.740;8.230;6.990;8.800;3.810;0.000;0.000
2021-12-13;6.030;6.280;5.150;12.570;0.000;0.000;0.000
2021-12-14;15.560;7.310;1.980;0.000;0.000;0.000;0.000
2021-12-15;14.400;3.340;0.000;0.000;0.000;0.000;32.450
2021-12-16;40.490;0.000;0.000;0.000;0.000;0.000;24.440
2021-12-17;0.000;0.000;0.000;0.000;1.410;36.710;3.260
2021-12-18;0.000;0.000;0.000;0.000;7.710;0.000;0.000
2021-12-19;0.000;0.000;10.240;0.000;0.000;0.000;0.000
2021-12-20;0.000;5.560;0.000;0.000;0.000;0.000;1.670
2021-12-21;7.470;2.270;0.000;0.000;0.000;1.460;8.750
2021-12-22;0.000;0.000;0.000;0.000;1.620;2.710;0.000
2021-12-23;0.000;0.000;0.000;6.070;5.030;0.000;0.000
2021-12-24;0.000;0.000;5.520;5.820;0.000;0.000;13.400
2021-12-25;0.000;10.350;10.000;2.000;0.000;6.760;26.040
2021-12-26;3.210;12.390;4.870;2.090;26.590;6.110;8.990
2021-12-27;12.960;13.330;7.250;15.480;9.960;6.580;8.730
2021-12-28;6.150;15.820;7.200;9.930;6.690;0.000;8.700
2021-12-29;1.540;8.070;5.650;4.500;7.430;5.690;9.390
2021-12-30;22.240;5.680;3.450;8.870;5.570;6.320;22.300
2022-01-01;10.280;12.870;5.400;7.630;12.540;1.660;19.130
2022-01-02;19.060;11.130;15.770;19.970;15.300;5.440;4.360
2022-01-03;10.220;4.320;10.460;0.000;1.690;0.000;2.370
2022-01-04;15.100;9.670;0.000;0.000;7.810;10.680;7.910
2022-01-05;19.900;0.000;0.000;3.550;3.000;8.800;2.370
2022-01-06;1.020;0.000;0.000;5.670;4.560;1.460;7.500
2022-01-07;0.000;0.000;3.720;6.520;4.380;4.970;10.110
2022-01-08;0.000;1.480;3.910;9.680;4.600;0.000;0.000
2022-01-09;2.000;16.040;14.900;7.650;0.000;0.000;0.000
2022-01-10;3.530;6.600;4.080;0.000;0.000;7.020;1.940
2022-01-11;11.980;4.680;0.000;0.000;4.400;1.110;1.800
2022-01-12;3.020;0.000;0.000;5.610;4.770;3.690;1.940
2022-01-13;1.460;3.370;4.180;3.720;8.350;0.000;1.400
2022-01-14;5.540;13.510;5.170;10.560;4.880;6.290;5.910
2022-01-15;4.540;3.090;7.000;5.600;4.240;1.990;2.070
2022-01-16;2.890;4.110;2.870;3.410;4.750;5.080;6.400
2022-01-17;0.000;7.090;2.120;5.960;4.950;0.000;10.130
2022-01-18;8.870;5.590;0.000;3.010;2.290;4.720;4.890
2022-01-19;0.000;0.000;0.000;0.000;0.000;1.530;0.000
2022-01-20;0.000;0.000;0.000;0.000;4.620;2.160;0.000
2022-01-21;3.470;4.400;1.790;8.910;3.790;0.000;10.340
2022-01-22;0.000;0.000;5.990;5.910;6.140;7.800;7.540
2022-01-23;0.000;2.510;6.120;1.040;9.070;13.340;23.040
2022-01-24;0.000;4.510;3.240;7.600;20.510;30.840;7.190
2022-01-25;2.780;5.050;5.900;11.720;19.260;9.600;4.380
2022-01-26;6.450;21.500;15.200;37.380;21.630;2.420;0.000
2022-01-27;10.320;22.860;18.550;32.680;12.030;3.880;4.850
2022-01-28;31.570;40.050;39.470;4.010;0.000;0.000;0.000
2022-01-29;40.050;42.160;4.390;0.000;0.000;0.000;1.860
2022-01-30;19.910;12.070;11.120;0.000;5.550;6.860;8.360
2022-02-01;7.250;6.120;6.470;7.690;5.000;10.060;14.360
2022-02-02;7.310;3.370;3.470;6.720;8.760;24.670;12.010
2022-02-03;0.000;17.100;10.090;19.570;10.520;0.000;0.000
2022-02-04;5.040;7.640;7.580;0.000;0.000;0.000;1.680
2022-02-05;11.330;2.390;0.000;0.000;0.000;0.000;0.000
2022-02-06;2.870;0.000;0.000;0.000;9.370;2.400;6.790
2022-02-07;0.000;0.000;0.000;5.800;0.000;0.000;0.000
2022-02-08;0.000;0.000;1.590;0.000;0.000;0.000;5.260
2022-02-09;0.000;0.000;0.000;0.000;0.000;2.250;3.170
2022-02-10;1.810;0.000;0.000;0.000;1.860;5.470;3.450
2022-02-11;0.000;0.000;0.000;4.240;2.050;1.380;8.980
2022-02-12;0.000;0.000;4.050;0.000;0.000;7.050;1.940
2022-02-13;0.000;2.890;0.000;0.000;2.000;0.000;5.780
2022-02-14;3.150;0.000;0.000;0.000;2.930;11.310;1.890
2022-02-15;0.000;7.250;0.000;2.000;5.530;4.680;2.560
2022-02-16;4.140;0.000;4.460;1.290;3.460;5.790;6.540
2022-02-17;0.000;0.000;7.680;2.650;0.000;4.990;1.050
2022-02-18;0.000;0.000;0.000;0.000;0.000;0.000;4.630
2022-02-19;2.390;6.550;4.870;3.660;6.130;3.270;8.630
2022-02-20;0.000;3.240;6.020;4.100;1.770;2.700;1.640
2022-02-21;0.000;0.000;2.400;0.000;2.120;3.530;2.900
2022-02-22;4.380;6.090;1.120;0.000;1.660;2.920;6.110
2022-02-23;3.590;0.000;0.000;0.000;2.910;2.020;0.000
2022-02-24;0.000;0.000;0.000;0.000;3.410;0.000;0.000
2022-02-25;0.000;0.000;1.620;1.370;0.000;0.000;2.340
2022-02-26;0.000;0.000;0.000;0.000;0.000;0.000;0.000
2022-02-27;2.570;2.410;0.000;0.000;1.400;3.880;0.000
2022-03-01;0.000;0.000;0.000;1.840;0.000;0.000;3.650
2022-03-02;0.000;0.000;1.910;0.000;0.000;5.500;1.880
2022-03-03;0.000;0.000;0.000;0.000;0.000;0.000;0.000
2022-03-04;0.000;1.140;0.000;0.000;0.000;0.000;1.730
2022-03-05;4.980;0.000;1.980;0.000;3.150;6.200;8.270
2022-03-06;1.040;0.000;0.000;1.770;6.000;1.960;3.290
2022-03-07;1.330;0.000;0.000;3.920;0.000;5.640;18.470
2022-03-08;0.000;0.000;2.950;4.510;10.690;17.110;1.770
2022-03-09;0.000;7.080;5.700;10.560;11.310;0.000;2.320
2022-03-10;6.950;13.260;3.450;7.870;3.930;0.000;1.390
2022-03-11;8.490;47.580;15.150;5.840;5.910;1.690;0.000
2022-03-12;7.420;6.390;12.010;9.460;4.100;1.320;0.000
2022-03-13;8.760;9.780;6.120;1.090;0.000;1.210;7.270
2022-03-14;7.970;1.500;0.000;0.000;3.420;0.000;0.000
2022-03-15;1.580;0.000;0.000;1.880;11.340;0.000;0.000
2022-03-16;0.000;1.770;4.780;10.120;0.000;0.000;0.000
2022-03-17;1.860;3.050;10.040;0.000;0.000;0.000;1.770
2022-03-18;0.000;7.040;0.000;0.000;0.000;0.000;1.110
2022-03-19;1.770;0.000;0.000;0.000;0.000;0.000;0.000
2022-03-20;1.040;0.000;0.000;0.000;0.000;0.000;0.000
2022-03-21;0.000;0.000;0.000;0.000;0.000;8.150;7.690
2022-03-22;0.000;0.000;0.000;0.000;8.390;12.610;2.620
2022-03-23;0.000;0.000;0.000;11.450;9.530;4.840;2.460
2022-03-24;1.770;2.070;5.370;1.940;5.310;3.420;10.540
2022-03-25;6.130;9.950;3.940;3.050;0.000;4.000;0.000
2022-03-26;9.660;4.650;2.750;0.000;6.690;2.610;0.000
2022-03-27;0.000;0.000;0.000;3.240;0.000;2.550;5.680
2022-03-28;1.120;0.000;2.400;8.980;0.000;2.580;4.350
2022-03-29;0.000;1.920;2.760;0.000;0.000;0.000;2.070
2022-03-30;0.000;1.110;0.000;0.000;0.000;0.000;0.000
2022-04-01;1.080;0.000;1.040;5.650;0.000;0.000;0.000
2022-04-02;0.000;3.220;7.910;2.440;1.110;1.810;2.750
2022-04-03;3.430;3.450;0.000;0.000;5.060;6.360;2.440
2022-04-04;1.150;0.000;0.000;8.130;0.000;0.000;4.930
2022-04-05;0.000;0.000;8.520;4.230;1.110;1.780;1.460
2022-04-06;0.000;8.650;5.770;2.260;0.000;0.000;1.810
2022-04-07;11.680;0.000;0.000;0.000;7.990;1.370;2.270
2022-04-08;6.380;0.000;4.650;2.700;4.610;17.030;0.000
2022-04-09;0.000;0.000;2.090;3.100;10.190;0.000;0.000
2022-04-10;0.000;1.170;3.400;3.830;0.000;0.000;0.000
2022-04-11;1.920;6.120;10.090;0.000;0.000;0.000;0.000
2022-04-12;5.220;1.320;0.000;0.000;0.000;0.000;2.630
2022-04-13;1.160;0.000;0.000;0.000;0.000;0.000;0.000
2022-04-14;0.000;0.000;0.000;0.000;0.000;0.000;0.000
2022-04-15;0.000;0.000;0.000;0.000;0.000;0.000;0.000
2022-04-16;0.000;0.000;0.000;0.000;0.000;0.000;0.000
2022-04-17;0.000;0.000;0.000;0.000;0.000;0.000;0.000
2022-04-18;0.000;0.000;0.000;0.000;0.000;0.000;0.000
2022-04-19;0.000;0.000;0.000;0.000;0.000;0.000;0.000
2022-04-20;0.000;0.000;0.000;0.000;0.000;0.000;0.000
2022-04-21;0.000;0.000;0.000;0.000;0.000;0.000;0.000
2022-04-22;0.000;0.000;0.000;0.000;0.000;0.000;0.000
2022-04-23;0.000;0.000;0.000;0.000;0.000;0.000;0.000
2022-04-24;0.000;0.000;0.000;0.000;0.000;0.000;0.000
2022-04-25;0.000;0.000;0.000;0.000;0.000;0.000;0.000
2022-04-26;0.000;0.000;0.000;0.000;0.000;0.000;0.000
2022-04-27;0.000;0.000;4.840;0.000;0.000;0.000;0.000
2022-04-28;0.000;0.000;0.000;0.000;0.000;0.000;1.170
2022-04-29;0.000;0.000;0.000;0.000;0.000;0.000;0.000
2022-05-01;5.170;0.000;1.940;0.000;0.000;0.000;0.000
2022-05-03;3.060;0.000;0.000;0.000;0.000;0.000;0.000
2022-05-04;0.000;0.000;0.000;0.000;0.000;0.000;0.000
2022-05-05;0.000;0.000;0.000;0.000;0.000;0.000;0.000
2022-05-06;0.000;0.000;0.000;0.000;0.000;0.000;0.000
2022-05-07;0.000;0.000;0.000;0.000;0.000;0.000;2.360
2022-05-08;0.000;0.000;1.230;0.000;0.000;0.000;3.490
2022-05-09;0.000;0.000;0.000;0.000;0.000;5.290;0.000
2022-05-10;0.000;0.000;0.000;0.000;5.950;0.000;0.000
2022-05-11;0.000;0.000;0.000;5.430;0.000;0.000;0.000
2022-05-12;0.000;0.000;7.570;0.000;0.000;0.000;0.000
2022-05-13;0.000;5.770;1.300;0.000;0.000;0.000;0.000
2022-05-14;4.780;1.190;0.000;0.000;0.000;0.000;0.000
2022-05-15;1.920;0.000;0.000;0.000;0.000;0.000;0.000
2022-05-16;0.000;0.000;0.000;0.000;0.000;0.000;0.000
2022-05-17;0.000;0.000;0.000;0.000;0.000;0.000;0.000
2022-05-18;0.000;0.000;0.000;0.000;0.000;0.000;0.000
2022-05-19;0.000;0.000;0.000;0.000;0.000;0.000;0.000
2022-05-20;0.000;0.000;0.000;0.000;0.000;0.000;0.000
2022-05-21;0.000;0.000;0.000;0.000;0.000;0.000;0.000
2022-05-22;0.000;0.000;0.000;0.000;0.000;0.000;0.000
2022-05-23;0.000;0.000;0.000;0.000;0.000;0.000;0.000
2022-05-24;0.000;0.000;0.000;0.000;0.000;0.000;7.800
2022-05-25;0.000;0.000;0.000;0.000;0.000;9.010;5.890
2022-05-26;0.000;0.000;0.000;0.000;0.000;0.000;0.000
2022-05-27;0.000;0.000;0.000;0.000;0.000;0.000;0.000
2022-05-28;0.000;0.000;0.000;0.000;0.000;0.000;0.000
2022-05-29;0.000;0.000;0.000;0.000;0.000;0.000;0.000
2022-05-30;0.000;0.000;0.000;0.000;0.000;0.000;0.000
2022-05-31;0.000;0.000;0.000;0.000;0.000;0.000;3.200
2022-06-01;0.000;0.000;0.000;0.000;0.000;0.000;0.000
2022-06-02;0.000;0.000;0.000;0.000;0.000;2.530;0.000
2022-06-03;0.000;0.000;0.000;0.000;0.000;0.000;8.200
2022-06-04;0.000;0.000;0.000;3.790;0.000;2.960;0.000
2022-06-05;0.000;0.000;3.250;8.020;8.480;0.000;0.000
2022-06-06;0.000;3.380;1.020;11.410;0.000;0.000;0.000
2022-06-07;2.820;1.500;10.280;0.000;0.000;0.000;0.000
2022-06-08;4.850;22.110;0.000;0.000;0.000;0.000;1.090
2022-06-09;8.380;0.000;0.000;0.000;0.000;0.000;0.000
2022-06-10;0.000;0.000;0.000;0.000;0.000;0.000;0.000
2022-06-11;0.000;0.000;0.000;0.000;0.000;0.000;10.500
2022-06-12;0.000;0.000;0.000;0.000;0.000;8.310;0.000
2022-06-13;0.000;0.000;0.000;0.000;5.810;0.000;2.210
2022-06-14;0.000;0.000;0.000;8.940;0.000;3.790;2.460
2022-06-15;0.000;0.000;3.360;0.000;6.790;0.000;0.000
2022-06-16;0.000;3.330;4.070;8.590;0.000;0.000;0.000
2022-06-17;2.600;1.140;0.000;0.000;0.000;0.000;0.000
2022-06-18;0.000;16.340;0.000;0.000;0.000;0.000;0.000
2022-06-19;8.790;0.000;0.000;0.000;0.000;0.000;0.000
2022-06-20;0.000;0.000;0.000;0.000;0.000;0.000;0.000
2022-06-21;0.000;0.000;0.000;0.000;0.000;0.000;0.000
2022-06-22;0.000;0.000;0.000;0.000;0.000;0.000;0.000
2022-06-23;0.000;0.000;0.000;0.000;0.000;0.000;0.000
2022-06-24;0.000;0.000;0.000;0.000;0.000;0.000;0.000
2022-06-25;0.000;0.000;0.000;0.000;0.000;0.000;0.000
2022-06-26;0.000;0.000;0.000;0.000;0.000;0.000;0.000
2022-06-27;0.000;0.000;0.000;0.000;0.000;0.000;0.000
2022-06-28;0.000;0.000;0.000;0.000;0.000;0.000;0.000
2022-06-29;0.000;0.000;0.000;0.000;0.000;0.000;0.000
2022-06-30;0.000;0.000;0.000;0.000;0.000;0.000;0.000
2022-07-01;0.000;0.000;0.000;0.000;0.000;0.000;0.000
2022-07-02;0.000;0.000;0.000;0.000;0.000;0.000;0.000
2022-07-03;0.000;0.000;0.000;0.000;0.000;0.000;0.000
2022-07-04;0.000;0.000;0.000;0.000;0.000;0.000;0.000
2022-07-05;0.000;0.000;0.000;0.000;0.000;0.000;0.000
2022-07-06;0.000;0.000;0.000;0.000;0.000;0.000;0.000
2022-07-07;0.000;0.000;0.000;0.000;0.000;0.000;0.000
2022-07-08;0.000;0.000;0.000;0.000;0.000;0.000;0.000
2022-07-09;0.000;0.000;0.000;0.000;0.000;0.000;0.000
2022-07-10;0.000;0.000;0.000;0.000;0.000;0.000;0.000
2022-07-11;0.000;0.000;0.000;0.000;0.000;0.000;0.000
2022-07-12;0.000;0.000;0.000;0.000;0.000;0.000;0.000
2022-07-13;0.000;0.000;0.000;0.000;0.000;0.000;0.000
2022-07-14;0.000;0.000;0.000;0.000;0.000;0.000;0.000
2022-07-15;0.000;0.000;0.000;0.000;0.000;0.000;0.000
2022-07-16;0.000;0.000;0.000;0.000;0.000;0.000;0.000
2022-07-17;0.000;0.000;0.000;0.000;0.000;0.000;0.000
2022-07-18;0.000;0.000;0.000;0.000;0.000;0.000;0.000
2022-07-19;0.000;0.000;0.000;0.000;0.000;0.000;0.000
2022-07-20;0.000;0.000;0.000;0.000;0.000;0.000;0.000
2022-07-21;0.000;0.000;0.000;0.000;0.000;0.000;0.000
2022-07-22;0.000;0.000;0.000;0.000;0.000;0.000;2.340
2022-07-23;0.000;0.000;0.000;0.000;0.000;3.810;0.000
2022-07-24;0.000;0.000;0.000;0.000;3.160;0.000;0.000
2022-07-25;0.000;0.000;0.000;3.360;0.000;0.000;0.000
2022-07-26;0.000;0.000;2.510;0.000;0.000;0.000;0.000
2022-07-27;0.000;3.000;0.000;0.000;0.000;0.000;0.000
2022-07-28;3.570;0.000;0.000;0.000;0.000;0.000;0.000
2022-07-29;0.000;0.000;0.000;0.000;0.000;0.000;0.000
2022-07-30;0.000;0.000;0.000;0.000;0.000;0.000;0.000
2022-07-31;0.000;0.000;0.000;0.000;0.000;0.000;0.000
2022-08-01;0.000;0.000;0.000;0.000;0.000;0.000;0.000
2022-08-02;0.000;0.000;0.000;0.000;0.000;1.540;3.120
2022-08-03;0.000;0.000;0.000;0.000;0.000;4.410;2.580
2022-08-04;0.000;0.000;0.000;1.730;5.910;2.930;0.000
2022-08-05;0.000;0.000;4.020;1.990;5.690;0.000;0.000
2022-08-06;0.000;3.780;1.520;3.480;0.000;0.000;0.000
2022-08-07;7.520;3.660;10.050;0.000;0.000;0.000;0.000
2022-08-08;2.420;9.120;0.000;0.000;0.000;0.000;0.000
2022-08-09;5.260;0.000;0.000;0.000;0.000;0.000;0.000
2022-08-10;0.000;0.000;0.000;0.000;0.000;0.000;0.000
2022-08-11;0.000;0.000;0.000;0.000;0.000;2.840;0.000
2022-08-12;0.000;0.000;0.000;0.000;0.000;0.000;0.000
2022-08-13;0.000;0.000;0.000;0.000;2.720;0.000;0.000
2022-08-14;0.000;0.000;0.000;0.000;3.660;0.000;0.000
2022-08-15;0.000;0.000;0.000;5.360;7.610;0.000;0.000
2022-08-17;0.000;0.000;2.270;0.000;0.000;0.000;0.000
2022-08-19;0.000;0.000;0.000;0.000;0.000;0.000;0.000
2022-08-20;0.000;0.000;0.000;0.000;0.000;0.000;0.000
2022-08-21;0.000;0.000;0.000;0.000;0.000;0.000;0.000
2022-08-22;0.000;0.000;0.000;0.000;0.000;0.000;0.000
2022-08-24;0.000;0.000;0.000;0.000;0.000;0.000;0.000
2022-08-26;0.000;0.000;0.000;0.000;0.000;0.000;0.000
2022-08-27;0.000;0.000;0.000;0.000;0.000;0.000;2.470
2022-08-28;0.000;0.000;0.000;0.000;0.000;0.000;0.000
2022-08-29;0.000;0.000;0.000;0.000;0.000;3.310;0.000
2022-08-30;0.000;0.000;0.000;0.000;0.000;0.000;0.000
2022-09-01;0.000;0.000;5.120;0.000;6.860;3.560;0.000
2022-09-03;6.480;5.310;1.690;4.390;0.000;0.000;0.000
2022-09-05;0.000;4.700;0.000;0.000;0.000;0.000;0.000
2022-09-07;0.000;0.000;0.000;1.670;0.000;0.000;0.000
2022-09-09;0.000;0.000;1.190;0.000;5.820;9.130;0.000
2022-09-11;4.470;0.000;8.040;11.090;2.810;0.000;0.000
2022-09-13;1.600;3.840;0.000;0.000;0.000;0.000;1.380
2022-09-15;0.000;0.000;0.000;0.000;0.000;0.000;31.490
2022-09-17;0.000;0.000;10.460;8.430;21.090;0.000;0.000
2022-09-19;14.130;18.980;23.610;0.000;0.000;4.060;31.950
2022-09-21;17.800;0.000;0.000;0.000;15.800;15.780;19.580
2022-09-23;0.000;0.000;13.600;16.030;8.520;25.580;18.830
2022-09-25;29.220;36.010;30.420;1.550;2.530;2.180;0.000
2022-09-27;13.450;2.470;13.260;2.380;0.000;6.050;0.000
2022-09-29;11.540;19.640;0.000;5.950;0.000;0.000;4.400
2022-10-01;0.000;16.460;0.000;0.000;8.210;11.960;0.000
2022-10-03;2.100;0.000;7.000;4.030;0.000;15.480;19.280
2022-10-05;8.940;3.000;0.000;11.420;11.760;4.380;4.510
2022-10-07;0.000;13.480;8.540;0.000;0.000;1.360;0.000
2022-10-09;11.640;0.000;0.000;0.000;0.000;0.000;6.840
2022-10-11;0.000;0.000;0.000;0.000;2.000;4.550;10.680
2022-10-13;0.000;0.000;0.000;0.000;16.630;0.000;5.750
2022-10-15;1.590;0.000;18.630;8.700;2.770;22.650;0.000
2022-10-17;14.490;3.860;14.910;4.660;0.000;0.000;0.000
2022-10-19;1.950;3.960;3.650;0.000;0.000;0.000;0.000
2022-10-21;4.150;0.000;0.000;0.000;0.000;0.000;16.440
2022-10-23;0.000;0.000;0.000;0.000;19.640;6.440;7.680
2022-10-25;0.000;0.000;9.920;11.830;4.000;14.090;0.000
2022-10-27;18.070;5.790;11.010;18.400;2.200;0.000;0.000
2022-10-29;9.930;13.560;1.880;1.410;0.000;0.000;0.000
2022-10-31;2.640;3.410;0.000;0.000;0.000;0.000;0.000
2022-11-02;0.000;0.000;0.000;0.000;1.370;0.000;0.000
2022-11-04;0.000;0.000;1.000;0.000;2.080;0.000;8.160
2022-11-06;0.000;0.000;3.870;5.800;12.210;16.540;16.030
2022-11-08;0.000;0.000;21.970;13.830;6.250;14.650;8.090
2022-11-10;6.940;11.300;12.600;8.040;0.000;0.000;0.000
2022-11-12;0.000;20.170;1.120;0.000;0.000;0.000;0.000
2022-11-14;0.000;0.000;0.000;0.000;0.000;0.000;0.000
2022-11-16;0.000;0.000;0.000;0.000;0.000;0.000;17.230
2022-11-18;0.000;5.760;0.000;3.430;29.710;14.250;13.690
2022-11-20;0.000;1.510;24.260;13.120;0.000;12.360;20.720
2022-11-22;14.640;7.610;3.260;9.250;8.190;10.750;14.150
2022-11-24;3.000;2.270;2.440;6.990;8.280;12.940;10.420
2022-11-26;1.900;11.660;12.710;8.750;7.640;7.560;10.030
2022-11-28;11.770;9.270;7.640;11.680;2.840;2.420;2.510
2022-11-30;6.310;8.430;12.870;13.590;11.020;29.790;13.040
2022-12-02;8.800;12.140;7.240;38.950;4.910;0.000;0.000
2022-12-04;15.430;32.000;3.570;0.000;0.000;0.000;0.000
2022-12-06;4.190;0.000;0.000;0.000;0.000;9.670;35.130
2022-12-08;0.000;0.000;0.000;14.030;23.470;0.000;3.170
2022-12-10;0.000;4.710;26.830;0.000;0.000;0.000;0.000
2022-12-12;21.320;0.000;0.000;0.000;0.000;0.000;13.550
2022-12-14;0.000;2.260;0.000;0.000;14.160;12.550;0.000
2022-12-16;0.000;0.000;7.620;26.370;0.000;0.000;0.000
2022-12-18;28.910;33.230;0.000;0.000;0.000;1.610;0.000
2022-12-20;0.000;0.000;1.790;0.000;1.690;8.290;13.690
2022-12-22;1.040;5.620;6.790;15.900;7.860;22.230;29.690
2022-12-24;4.560;14.910;7.930;8.700;39.970;60.260;25.090
2022-12-26;17.360;20.040;39.120;28.200;8.230;0.000;0.000
2022-12-28;26.120;0.000;3.840;1.730;0.000;9.550;7.250
2022-12-30;14.210;3.510;0.000;12.030;17.050;62.640;22.910
2023-01-01;1.240;7.810;21.080;47.960;43.500;13.340;37.930
2023-01-03;28.180;23.850;1.690;0.000;0.000;16.380;22.430
2023-01-05;0.000;3.560;2.930;21.480;9.390;10.710;9.660
2023-01-07;0.000;26.790;15.600;7.700;10.050;14.690;6.040
2023-01-09;8.740;9.150;5.040;8.940;5.470;8.690;19.730
2023-01-11;12.020;7.830;4.450;2.970;3.260;0.000;3.380
2023-01-13;2.000;6.880;19.800;0.000;15.880;18.780;20.500
2023-01-15;17.970;3.790;10.260;9.730;13.290;6.880;3.090
2023-01-17;4.960;4.850;9.360;2.080;0.000;2.790;12.310
2023-01-19;22.090;2.040;0.000;5.960;19.350;9.370;7.270
2023-01-21;0.000;12.620;5.120;0.000;0.000;0.000;14.030
2023-01-23;3.430;0.000;0.000;0.000;12.420;30.580;43.830
2023-01-25;0.000;0.000;5.680;21.730;24.050;23.540;7.760
2023-01-27;22.210;9.080;10.100;13.380;10.440;25.150;11.620
2023-01-29;10.700;8.220;8.420;13.720;16.080;9.100;14.900
2023-01-31;7.790;8.410;7.820;5.700;14.400;18.160;0.000
2023-02-02;1.360;8.210;12.090;11.610;4.290;3.710;0.000
2023-02-04;12.130;14.090;27.040;12.330;1.170;3.790;8.020
2023-02-06;18.480;5.970;1.420;3.370;11.740;1.990;3.640
2023-02-08;0.000;11.570;22.550;14.040;7.680;5.840;9.660
2023-02-10;16.400;14.210;8.820;12.570;6.430;11.750;23.190
2023-02-12;6.010;7.380;5.750;7.680;7.470;14.130;2.280
2023-02-14;1.940;11.860;6.620;4.060;1.460;8.310;14.710
2023-02-16;4.490;15.230;8.750;4.330;12.550;7.910;11.460
2023-02-18;48.590;10.960;10.050;15.240;7.610;5.340;14.180
2023-02-20;4.300;15.510;7.860;12.680;9.220;10.380;12.620
2023-02-22;8.180;9.240;8.710;4.340;5.730;19.720;16.240
2023-02-24;3.320;7.150;6.120;10.970;0.000;8.220;13.770
2023-02-26;4.630;6.550;5.070;6.020;13.640;7.640;11.120
2023-02-28;1.670;1.260;10.430;6.410;13.110;9.470;13.680
2023-03-02;9.910;12.800;6.950;13.580;7.920;12.450;13.500
2023-03-04;6.900;11.270;5.920;6.790;15.730;7.960;3.880
2023-03-06;6.190;3.010;6.380;12.640;13.440;2.570;0.000
2023-03-08;7.160;4.470;15.090;11.020;13.420;0.000;0.000
2023-03-10;6.560;25.160;7.860;0.000;0.000;0.000;0.000
2023-03-12;12.840;4.200;0.000;0.000;0.000;1.880;3.610
2023-03-14;0.000;0.000;0.000;0.000;0.000;0.000;0.000
2023-03-16;0.000;0.000;0.000;0.000;2.940;3.450;1.630
2023-03-18;0.000;4.670;2.580;1.300;1.150;0.000;6.060
2023-03-20;0.000;0.000;0.000;0.000;0.000;0.000;0.000
2023-03-22;0.000;0.000;0.000;0.000;6.030;1.770;5.560
2023-03-24;0.000;0.000;1.300;1.820;1.880;7.310;0.000
2023-03-26;3.240;7.580;4.860;2.570;6.310;0.000;0.000
2023-03-28;8.470;5.550;2.760;0.000;0.000;0.000;0.000
2023-03-30;4.820;0.000;0.000;0.000;0.000;2.350;6.270
2023-04-01;0.000;0.000;0.000;0.000;2.880;12.850;4.080
2023-04-03;0.000;0.000;2.100;16.320;14.520;4.180;11.250
2023-04-05;5.340;18.440;15.970;2.170;0.000;0.000;1.670
2023-04-07;2.680;9.550;0.000;0.000;1.790;1.290;1.440
2023-04-09;0.000;0.000;0.000;0.000;11.520;10.640;0.000
2023-04-11;1.370;5.040;2.200;11.540;0.000;0.000;42.830
2023-04-13;12.880;1.740;0.000;1.910;20.530;31.990;52.300
2023-04-15;0.000;3.210;16.310;33.730;0.000;0.000;0.000
2023-04-17;32.610;15.730;0.000;0.000;0.000;0.000;0.000
2023-04-19;0.000;0.000;0.000;0.000;0.000;0.000;0.000
2023-04-21;0.000;0.000;0.000;0.000;0.000;5.890;0.000
2023-04-23;0.000;0.000;0.000;2.980;1.080;0.000;0.000
2023-04-25;7.480;4.130;0.000;0.000;0.000;0.000;0.000
2023-04-27;1.790;0.000;0.000;0.000;0.000;0.000;0.000
2023-04-29;0.000;0.000;0.000;0.000;0.000;0.000;0.000
2023-05-01;0.000;0.000;0.000;0.000;0.000;0.000;0.000
2023-05-03;0.000;0.000;0.000;0.000;0.000;0.000;0.000
2023-05-05;0.000;0.000;0.000;0.000;8.210;0.000;0.000
2023-05-07;0.000;0.000;4.260;0.000;0.000;0.000;0.000
2023-05-09;2.690;0.000;0.000;0.000;0.000;0.000;0.000
2023-05-11;0.000;0.000;0.000;0.000;0.000;0.000;0.000
2023-05-13;0.000;0.000;0.000;0.000;0.000;0.000;0.000
2023-05-15;0.000;0.000;0.000;0.000;0.000;0.000;0.000
2023-05-17;0.000;0.000;0.000;0.000;0.000;0.000;0.000
2023-05-19;0.000;0.000;0.000;0.000;0.000;0.000;0.000
2023-05-21;0.000;0.000;0.000;0.000;0.000;0.000;2.920
2023-05-23;0.000;0.000;0.000;0.000;0.000;0.000;4.300
2023-05-25;0.000;0.000;0.000;0.000;3.210;32.010;1.120
2023-05-27;1.420;0.000;0.000;16.840;3.600;0.000;0.000
2023-05-29;0.000;23.830;0.000;0.000;0.000;0.000;0.000
2023-05-31;0.000;0.000;0.000;0.000;0.000;0.000;0.000
2023-06-02;0.000;0.000;0.000;0.000;0.000;0.000;0.000
2023-06-04;0.000;0.000;0.000;0.000;0.000;0.000;0.000
2023-06-06;0.000;0.000;0.000;0.000;0.000;0.000;0.000
2023-06-08;0.000;0.000;0.000;0.000;21.230;63.690;31.440
2023-06-10;0.000;0.000;4.380;51.630;32.940;0.000;0.000
2023-06-12;0.000;17.440;17.290;0.000;0.000;0.000;0.000
2023-06-14;12.410;0.000;0.000;0.000;0.000;0.000;0.000
2023-06-16;0.000;0.000;0.000;0.000;0.000;0.000;2.170
2023-06-18;0.000;0.000;0.000;0.000;0.000;0.000;0.000
2023-06-20;0.000;0.000;0.000;0.000;0.000;0.000;0.000
2023-06-22;0.000;0.000;0.000;0.000;0.000;0.000;0.000
2023-06-24;0.000;0.000;0.000;0.000;0.000;0.000;0.000
2023-06-26;0.000;0.000;0.000;0.000;0.000;0.000;0.000
2023-06-28;0.000;0.000;0.000;0.000;0.000;0.000;0.000
2023-06-30;0.000;0.000;0.000;0.000;0.000;0.000;0.000
2023-07-02;0.000;0.000;0.000;0.000;0.000;0.000;1.470
2023-07-04;0.000;0.000;0.000;0.000;0.000;0.000;0.000
2023-07-06;0.000;0.000;0.000;0.000;0.000;0.000;0.000
2023-07-08;7.000;0.000;0.000;0.000;0.000;0.000;0.000
2023-07-10;0.000;0.000;0.000;0.000;0.000;0.000;0.000
2023-07-12;0.000;1.880;0.000;0.000;0.000;0.000;0.000
2023-07-14;0.000;0.000;0.000;0.000;4.220;0.000;0.000
2023-07-16;0.000;0.000;0.000;0.000;0.000;0.000;0.000
2023-07-18;0.000;0.000;0.000;0.000;0.000;0.000;0.000
2023-07-20;0.000;0.000;0.000;0.000;0.000;0.000;0.000
2023-07-22;0.000;0.000;0.000;0.000;0.000;0.000;3.230
2023-07-24;0.000;0.000;0.000;0.000;0.000;0.000;0.000
2023-07-26;0.000;0.000;0.000;0.000;0.000;0.000;0.000
2023-07-28;0.000;0.000;0.000;0.000;0.000;0.000;0.000
2023-07-30;0.000;0.000;0.000;0.000;0.000;0.000;0.000
2023-08-01;0.000;0.000;0.000;0.000;0.000;0.000;0.000
2023-08-03;0.000;0.000;0.000;0.000;0.000;0.000;0.000
2023-08-05;0.000;0.000;0.000;0.000;0.000;0.000;0.000
2023-08-07;0.000;0.000;0.000;0.000;0.000;0.000;0.000
2023-08-09;0.000;0.000;0.000;0.000;2.390;0.000;0.000
2023-08-11;0.000;0.000;0.000;0.000;0.000;0.000;0.000
2023-08-13;0.000;0.000;0.000;0.000;0.000;1.670;19.370
2023-08-15;0.000;0.000;0.000;0.000;6.570;12.650;0.000
2023-08-17;0.000;0.000;0.000;0.000;0.000;0.000;0.000
2023-08-19;0.000;0.000;0.000;0.000;0.000;13.010;11.930
2023-08-21;0.000;0.000;0.000;2.200;14.410;6.200;0.000
2023-08-23;0.000;0.000;15.890;0.000;0.000;7.200;8.610
2023-08-25;0.000;0.000;0.000;0.000;0.000;0.000;0.000
2023-08-27;0.000;0.000;0.000;0.000;0.000;0.000;0.000
2023-08-29;0.000;0.000;0.000;0.000;0.000;0.000;0.000
2023-08-31;0.000;0.000;1.970;7.980;2.700;3.490;1.320
2023-09-02;2.320;0.000;14.520;0.000;0.000;0.000;0.000
2023-09-04;1.150;0.000;0.000;5.540;0.000;0.000;0.000
2023-09-06;0.000;0.000;0.000;0.000;0.000;0.000;0.000
2023-09-08;0.000;0.000;0.000;0.000;0.000;0.000;5.920
2023-09-10;0.000;0.000;0.000;3.390;0.000;0.000;0.000
2023-09-12;0.000;16.790;0.000;5.610;0.000;0.000;0.000
2023-09-14;0.000;0.000;0.000;0.000;0.000;0.000;0.000
2023-09-16;0.000;0.000;0.000;0.000;0.000;0.000;0.000
2023-09-18;0.000;0.000;0.000;0.000;0.000;0.000;0.000
2023-09-20;0.000;0.000;0.000;0.000;0.000;0.000;0.000
2023-09-22;0.000;0.000;0.000;0.000;0.000;0.000;1.130
2023-09-24;0.000;0.000;0.000;0.000;0.000;4.220;4.140
2023-09-26;9.900;0.000;0.000;9.180;18.420;0.000;0.000
2023-09-28;0.000;0.000;38.270;0.000;4.450;1.410;69.990
2023-09-30;44.400;0.000;0.000;0.000;34.990;2.570;5.160
2023-10-02;0.000;0.000;21.170;1.220;2.030;16.170;34.890
2023-10-04;9.290;1.080;5.180;10.590;12.110;0.000;3.010
2023-10-06;2.600;13.390;46.470;0.000;0.000;1.570;0.000
2023-10-08;30.860;0.000;0.000;0.000;9.460;0.000;0.000
2023-10-10;0.000;1.500;0.000;0.000;0.000;2.430;6.400
2023-10-12;1.450;0.000;0.000;1.860;0.000;0.000;0.000
2023-10-14;0.000;0.000;4.470;1.400;0.000;0.000;0.000
2023-10-16;9.720;0.000;0.000;0.000;0.000;0.000;0.000
2023-10-18;0.000;0.000;0.000;0.000;0.000;7.540;3.910
2023-10-20;0.000;0.000;0.000;2.640;5.760;1.740;10.490
2023-10-22;0.000;0.000;13.060;14.220;8.950;5.230;5.850
2023-10-24;11.580;5.880;12.040;8.860;3.980;10.700;6.820
2023-10-26;3.010;10.240;9.980;4.910;18.770;0.000;2.660
2023-10-28;8.810;7.280;18.680;10.750;8.070;3.510;4.750
2023-10-30;14.640;5.390;10.830;13.790;3.780;0.000;0.000
2023-11-01;0.000;18.160;2.130;0.000;0.000;0.000;0.000
2023-11-03;5.520;0.000;0.000;0.000;0.000;0.000;0.000
2023-11-05;0.000;0.000;0.000;0.000;0.000;0.000;0.000
2023-11-07;0.000;0.000;0.000;0.000;0.000;0.000;1.220
2023-11-09;2.100;0.000;0.000;0.000;0.000;0.000;0.000
2023-11-11;0.000;0.000;0.000;0.000;0.000;0.000;0.000
2023-11-13;0.000;0.000;0.000;0.000;16.770;24.440;28.050
2023-11-15;1.160;0.000;14.990;30.620;0.000;0.000;0.000
2023-11-17;1.480;23.350;0.000;1.030;2.890;13.710;13.290
2023-11-19;2.340;0.000;9.680;22.600;1.440;0.000;0.000
2023-11-21;6.650;26.170;11.000;17.590;7.050;12.360;22.550
2023-11-23;3.550;5.260;10.810;10.440;23.240;14.540;11.260
2023-11-25;3.190;1.300;11.570;15.390;13.540;4.200;8.190
2023-11-27;12.580;23.290;1.480;0.000;0.000;0.000;12.380
2023-11-29;2.120;0.000;0.000;0.000;5.090;11.180;11.300
2023-12-01;0.000;0.000;0.000;16.900;10.740;9.620;4.010
2023-12-03;3.340;11.790;5.820;7.610;10.620;0.000;0.000
2023-12-05;2.380;11.530;13.650;0.000;0.000;29.090;0.000
2023-12-07;10.200;0.000;2.390;24.980;0.000;0.000;3.700
2023-12-09;3.640;31.060;0.000;0.000;0.000;1.450;0.000
2023-12-11;0.000;0.000;0.000;0.000;0.000;0.000;0.000
2023-12-13;0.000;0.000;0.000;0.000;0.000;0.000;0.000
2023-12-15;0.000;0.000;0.000;0.000;0.000;0.000;11.860
2023-12-17;0.000;0.000;0.000;0.000;10.870;7.330;3.840
2023-12-19;0.000;0.000;0.000;14.700;0.000;1.430;13.960
2023-12-21;3.820;11.220;1.850;3.680;8.430;0.000;0.000
2023-12-23;1.490;0.000;11.020;0.000;0.000;0.000;14.950
2023-12-25;0.000;0.000;0.000;2.500;17.270;0.000;42.890
2023-12-27;0.000;0.000;4.570;3.400;0.000;0.000;0.000
2023-12-29;0.000;0.000;0.000;0.000;0.000;0.000;1.340
2023-12-31;0.000;0.000;6.500;9.200;1.290;0.000;0.000
2024-01-02;12.840;1.290;0.000;0.000;0.000;1.260;3.420
2024-01-04;0.000;0.000;0.000;8.580;6.630;1.090;12.720
2024-01-06;0.000;0.000;0.000;0.000;15.320;14.300;30.150
2024-01-08;6.130;0.000;8.830;17.600;16.630;3.740;9.350
2024-01-10;3.410;18.470;23.340;17.300;11.080;2.580;0.000
2024-01-12;18.360;5.110;6.020;0.000;0.000;4.140;23.860
2024-01-14;0.000;0.000;1.720;4.400;21.290;16.810;7.070
2024-01-16;0.000;0.000;9.920;20.240;7.390;0.000;23.550
2024-01-18;20.860;29.760;7.730;0.000;5.070;12.800;10.680
2024-01-20;7.650;0.000;18.150;7.640;0.000;2.450;0.000
2024-01-22;24.220;3.960;13.980;0.000;0.000;24.830;0.000
2024-01-24;0.000;0.000;1.320;7.810;2.670;0.000;0.000
2024-01-26;0.000;6.960;0.000;0.000;1.840;15.910;2.910
2024-01-28;0.000;0.000;0.000;14.330;3.850;5.040;14.130
2024-01-30;3.280;16.070;13.800;10.360;29.220;7.780;16.040
2024-02-01;14.060;0.000;11.140;11.610;6.780;8.960;0.000
2024-02-03;2.650;12.890;0.000;0.000;0.000;0.000;0.000
2024-02-05;0.000;0.000;0.000;0.000;0.000;0.000;0.000
2024-02-07;0.000;0.000;0.000;0.000;0.000;8.030;7.770
2024-02-09;0.000;0.000;0.000;10.640;15.500;2.990;1.870
2024-02-11;3.690;8.420;20.560;17.200;0.000;0.000;16.540
2024-02-13;19.610;17.390;0.000;0.000;8.030;12.350;4.280
2024-02-15;0.000;8.210;9.040;0.000;23.440;4.580;3.510
2024-02-17;5.830;0.000;12.450;14.210;5.860;0.000;8.190
2024-02-19;19.160;25.550;1.320;0.000;10.850;2.670;3.300
2024-02-21;4.790;2.120;6.310;1.430;1.080;0.000;0.000
2024-02-23;5.560;1.390;0.000;0.000;0.000;7.150;3.580
2024-02-25;1.590;2.490;0.000;9.090;3.480;0.000;0.000
2024-02-27;1.160;5.920;9.670;2.660;0.000;0.000;7.570
2024-02-29;6.290;0.000;0.000;0.000;16.750;7.320;7.550
2024-03-02;0.000;0.000;6.910;13.640;11.670;9.860;14.650
2024-03-04;13.750;4.690;6.570;12.040;11.410;4.490;0.000
2024-03-06;0.000;9.410;21.280;4.370;0.000;0.000;0.000
2024-03-08;18.910;0.000;0.000;0.000;0.000;0.000;0.000
2024-03-10;0.000;0.000;0.000;0.000;0.000;0.000;0.000
2024-03-12;0.000;0.000;0.000;0.000;4.640;9.300;9.810
2024-03-14;0.000;0.000;0.000;7.060;5.680;0.000;10.170
2024-03-16;5.040;10.120;6.930;7.950;17.200;0.000;0.000
2024-03-18;3.260;3.110;18.760;0.000;0.000;3.220;12.460
2024-03-20;7.270;0.000;0.000;8.050;3.710;2.080;6.310
2024-03-22;4.350;13.710;1.990;4.450;5.800;15.290;5.100
2024-03-24;0.000;0.000;6.340;14.650;1.860;0.000;0.000
2024-03-26;2.560;9.980;1.760;0.000;0.000;0.000;0.000
2024-03-28;2.130;0.000;0.000;0.000;0.000;0.000;0.000
2024-03-30;0.000;0.000;0.000;0.000;0.000;6.760;7.050
2024-04-01;0.000;0.000;0.000;0.000;0.000;0.000;0.000
2024-04-03;0.000;0.000;0.000;0.000;0.000;15.580;1.670
2024-04-05;0.000;0.000;0.000;2.150;1.400;3.560;17.320
2024-04-07;0.000;0.000;0.000;0.000;7.350;12.680;10.850
2024-04-09;0.000;0.000;0.000;0.000;7.060;2.360;2.780
2024-04-11;0.000;0.000;0.000;0.000;0.000;7.210;1.770
2024-04-13;3.390;1.690;0.000;11.760;3.260;0.000;0.000
2024-04-15;0.000;10.910;0.000;0.000;0.000;0.000;0.000
2024-04-17;1.980;0.000;0.000;0.000;0.000;0.000;0.000
2024-04-19;0.000;0.000;0.000;0.000;0.000;0.000;0.000
2024-04-21;0.000;0.000;0.000;0.000;0.000;0.000;0.000
2024-04-23;0.000;0.000;0.000;0.000;0.000;0.000;0.000
2024-04-25;0.000;0.000;0.000;0.000;0.000;0.000;0.000
2024-04-27;0.000;0.000;0.000;0.000;0.000;0.000;0.000
2024-04-29;0.000;0.000;0.000;0.000;0.000;0.000;0.000
2024-05-01;0.000;0.000;0.000;0.000;0.000;0.000;0.000
2024-05-03;0.000;0.000;0.000;0.000;0.000;0.000;0.000
2024-05-05;0.000;0.000;0.000;0.000;0.000;0.000;0.000
2024-05-07;0.000;0.000;0.000;0.000;0.000;0.000;0.000
2024-05-09;0.000;0.000;0.000;0.000;0.000;0.000;0.000
2024-05-11;0.000;0.000;0.000;0.000;0.000;0.000;0.000
2024-05-13;0.000;0.000;0.000;0.000;0.000;0.000;6.590
2024-05-15;0.000;0.000;0.000;0.000;0.000;0.000;0.000
2024-05-17;0.000;0.000;0.000;0.000;0.000;0.000;0.000
2024-05-19;0.000;0.000;0.000;0.000;0.000;0.000;27.570
2024-05-21;0.000;0.000;0.000;7.580;45.220;16.350;3.580
2024-05-23;0.000;14.330;3.280;18.790;0.000;0.000;0.000
2024-05-25;26.970;39.790;1.300;0.000;0.000;0.000;0.000
2024-05-27;0.000;0.000;0.000;0.000;0.000;0.000;0.000
2024-05-29;0.000;0.000;0.000;0.000;0.000;0.000;0.000
2024-05-31;0.000;0.000;0.000;0.000;0.000;0.000;0.000
2024-06-02;0.000;0.000;0.000;0.000;0.000;0.000;0.000
2024-06-04;0.000;0.000;0.000;0.000;0.000;0.000;0.000
2024-06-06;0.000;0.000;0.000;0.000;0.000;0.000;0.000
2024-06-08;0.000;0.000;0.000;0.000;0.000;0.000;0.000
2024-06-10;0.000;0.000;0.000;0.000;0.000;0.000;0.000
2024-06-12;0.000;0.000;0.000;0.000;0.000;0.000;0.000
2024-06-14;0.000;0.000;0.000;0.000;0.000;0.000;0.000
2024-06-16;0.000;0.000;0.000;0.000;0.000;0.000;0.000
2024-06-18;0.000;0.000;0.000;0.000;0.000;0.000;0.000
2024-06-20;0.000;0.000;0.000;0.000;0.000;0.000;0.000
2024-06-22;0.000;0.000;0.000;0.000;0.000;0.000;0.000
2024-06-24;0.000;0.000;0.000;0.000;0.000;0.000;24.520
2024-06-26;0.000;0.000;0.000;9.080;31.470;0.000;0.000
2024-06-28;0.000;9.560;0.000;0.000;0.000;0.000;0.000
2024-06-30;0.000;0.000;0.000;0.000;0.000;0.000;0.000
2024-07-02;0.000;0.000;0.000;0.000;0.000;0.000;0.000
2024-07-04;0.000;0.000;0.000;0.000;17.780;14.300;2.550
2024-07-06;0.000;0.000;6.160;3.320;0.000;0.000;16.280
2024-07-08;35.030;13.710;0.000;0.000;0.000;0.000;0.000
2024-07-10;0.000;0.000;0.000;0.000;0.000;0.000;0.000
2024-07-12;0.000;0.000;0.000;0.000;0.000;0.000;0.000
2024-07-14;0.000;0.000;0.000;0.000;0.000;0.000;0.000
2024-07-16;0.000;0.000;0.000;0.000;0.000;0.000;0.000
2024-07-18;0.000;0.000;0.000;0.000;0.000;0.000;0.000
2024-07-20;0.000;0.000;0.000;0.000;0.000;0.000;0.000
2024-07-22;0.000;0.000;0.000;0.000;0.000;0.000;0.000
2024-07-24;0.000;0.000;0.000;0.000;0.000;0.000;0.000
2024-07-26;0.000;0.000;0.000;1.980;0.000;0.000;0.000
2024-07-28;0.000;0.000;0.000;0.000;0.000;0.000;0.000
2024-07-30;0.000;0.000;0.000;0.000;0.000;0.000;0.000
2024-08-01;0.000;0.000;0.000;0.000;0.000;0.000;0.000
2024-08-03;0.000;0.000;0.000;0.000;0.000;8.120;7.570
2024-08-05;0.000;0.000;0.000;13.270;0.000;0.000;0.000
2024-08-07;0.000;8.680;14.300;0.000;0.000;0.000;0.000
2024-08-09;23.350;0.000;0.000;0.000;0.000;0.000;0.000
2024-08-11;0.000;0.000;0.000;0.000;0.000;0.000;0.000
2024-08-13;0.000;0.000;0.000;0.000;0.000;0.000;0.000
2024-08-15;0.000;0.000;0.000;0.000;0.000;0.000;0.000
2024-08-17;0.000;0.000;0.000;0.000;0.000;0.000;7.950
2024-08-19;0.000;0.000;0.000;0.000;0.000;5.420;0.000
2024-08-21;0.000;0.000;1.430;7.190;0.000;0.000;0.000
2024-08-23;0.000;12.260;0.000;0.000;0.000;0.000;0.000
2024-08-25;0.000;0.000;0.000;0.000;0.000;0.000;0.000
2024-08-27;0.000;0.000;0.000;0.000;0.000;0.000;0.000
2024-08-29;0.000;0.000;0.000;0.000;0.000;0.000;0.000
2024-08-31;0.000;0.000;0.000;0.000;0.000;0.000;0.000
2024-09-02;0.000;0.000;0.000;0.000;0.000;0.000;0.000
2024-09-04;0.000;0.000;0.000;0.000;0.000;0.000;0.000
2024-09-06;0.000;0.000;0.000;0.000;0.000;0.000;0.000
2024-09-08;0.000;0.000;0.000;0.000;0.000;0.000;0.000
2024-09-10;0.000;0.000;0.000;0.000;0.000;7.370;0.000
2024-09-12;0.000;0.000;0.000;7.310;0.000;10.950;1.240
2024-09-14;0.000;0.000;0.000;5.900;0.000;0.000;7.030
2024-09-16;0.000;0.000;0.000;0.000;0.000;0.000;0.000
2024-09-18;0.000;0.000;1.680;0.000;0.000;0.000;0.000
2024-09-20;0.000;0.000;0.000;0.000;0.000;0.000;10.300
2024-09-22;0.000;0.000;0.000;0.000;0.000;0.000;0.000
2024-09-24;0.000;0.000;0.000;0.000;0.000;0.000;0.000
2024-09-26;4.580;0.000;0.000;0.000;0.000;0.000;0.000
2024-09-28;0.000;0.000;0.000;0.000;0.000;0.000;0.000
2024-09-30;0.000;0.000;0.000;0.000;0.000;0.000;0.000
2024-10-02;0.000;7.320;0.000;0.000;0.000;0.000;1.640
2024-10-04;0.000;0.000;0.000;0.000;8.370;22.450;7.060
2024-10-06;0.000;0.000;4.220;14.930;3.940;17.710;0.000
2024-10-08;0.000;21.360;13.800;23.890;0.000;0.000;0.000
2024-10-10;9.250;9.890;0.000;0.000;0.000;0.000;3.070
2024-10-12;0.000;0.000;0.000;0.000;0.000;1.460;19.480
2024-10-14;0.000;0.000;0.000;2.400;17.520;8.000;3.910
2024-10-16;3.270;2.540;12.740;0.000;0.000;0.000;10.290
2024-10-18;9.980;0.000;1.600;1.280;2.940;12.750;9.840
2024-10-20;3.690;0.000;4.580;6.890;5.660;2.150;0.000
2024-10-22;10.740;12.940;3.080;5.860;0.000;8.790;0.000
2024-10-24;5.940;0.000;0.000;1.570;13.940;3.110;1.230
2024-10-26;0.000;4.140;0.000;0.000;0.000;2.270;0.000
2024-10-28;0.000;0.000;0.000;0.000;0.000;10.740;17.670
2024-10-30;0.000;0.000;6.280;8.930;15.650;6.720;31.010
2024-11-01;0.000;32.260;35.490;16.760;5.370;12.520;42.800
2024-11-03;21.490;24.190;8.780;15.130;55.470;1.260;0.000
2024-11-05;16.080;19.020;46.650;0.000;0.000;0.000;0.000
2024-11-07;40.580;0.000;0.000;0.000;0.000;6.050;0.000
2024-11-09;0.000;0.000;0.000;15.080;0.000;14.150;32.830
2024-11-11;0.000;14.380;4.020;31.940;13.840;13.080;1.600
