Dia;PrevD1;PrevD2;PrevD3;PrevD4;PrevD5;PrevD6;PrevD7
2018-07-31;3.800;0.800;6.700;0.100;2.900;29.700;0.600
2018-08-01;14.100;8.900;0.300;0.000;30.200;3.000;0.100
2018-08-02;34.200;1.100;0.900;10.900;3.200;0.800;4.300
2018-08-03;0.700;0.300;9.500;2.000;0.000;4.400;0.100
2018-08-04;0.400;5.500;5.100;0.000;3.900;0.200;0.000
2018-08-05;29.800;0.200;0.000;0.000;0.000;0.000;0.000
2018-08-06;0.000;0.000;0.000;0.000;0.000;0.000;0.000
2018-08-07;0.000;8.900;0.000;0.000;0.000;0.000;0.000
2018-08-08;0.800;0.000;0.000;0.000;0.000;0.000;0.000
2018-08-09;0.000;0.000;0.000;0.000;0.000;0.000;0.000
2018-08-10;0.000;0.000;0.000;0.000;0.000;0.000;0.200
2018-08-11;0.000;0.000;0.000;0.000;0.000;3.300;9.700
2018-08-12;0.000;0.000;0.000;0.000;1.000;3.100;0.200
2018-08-13;0.000;0.000;0.000;0.100;0.000;0.000;0.400
2018-08-14;0.000;0.000;1.000;0.400;0.000;0.000;0.000
2018-08-15;0.000;3.900;0.100;0.000;0.000;0.000;0.000
2018-08-16;0.200;0.000;0.000;0.000;0.000;0.000;0.000
2018-08-17;0.500;0.000;0.000;0.000;0.000;0.000;0.000
2018-08-18;0.000;0.000;0.000;0.100;0.000;0.000;0.000
2018-08-19;0.000;0.000;0.000;0.000;0.000;7.500;0.100
2018-08-20;0.000;0.000;0.000;0.000;0.400;0.200;1.000
2018-08-21;0.000;0.100;0.000;4.500;0.100;0.100;0.000
2018-08-22;0.400;0.000;8.000;0.500;0.100;0.000;0.000
2018-08-23;0.000;18.600;0.300;0.100;0.000;0.000;0.000
2018-08-24;16.900;0.300;0.000;4.800;0.600;0.000;0.000
2018-08-25;0.300;0.100;0.100;0.000;0.000;0.000;0.000
2018-08-26;0.100;0.000;0.000;0.000;0.000;0.000;0.100
2018-08-27;0.000;0.000;0.000;0.000;0.000;3.600;0.000
2018-08-28;0.000;0.000;0.000;0.000;1.000;0.100;0.000
2018-08-29;0.000;0.000;0.000;0.100;1.300;0.200;0.000
2018-08-30;0.000;0.000;0.000;1.600;0.300;0.000;0.000
2018-08-31;0.000;0.000;0.300;0.200;0.000;0.000;0.000
2018-09-01;0.000;1.000;0.900;0.000;0.000;0.000;0.000
2018-09-02;0.900;0.100;0.000;0.000;0.000;0.000;0.000
2018-09-03;2.300;0.000;0.000;0.000;0.000;0.100;0.200
2018-09-04;0.000;0.000;0.000;0.000;0.000;0.000;0.000
2018-09-05;0.000;0.000;0.000;0.000;0.000;0.000;0.000
2018-09-06;0.000;0.000;0.000;0.000;0.000;0.000;0.000
2018-09-07;0.000;0.000;0.000;0.000;0.000;0.000;0.000
2018-09-08;0.000;0.000;0.100;0.000;0.300;1.200;0.800
2018-09-09;0.000;0.100;0.000;2.800;4.400;1.400;11.800
2018-09-10;0.100;0.000;3.400;20.400;27.100;15.200;0.600
2018-09-11;0.000;1.300;13.100;25.500;20.100;0.800;0.000
2018-09-12;4.900;2.800;19.100;22.500;2.300;0.000;0.000
2018-09-13;28.300;3.200;0.700;15.300;0.700;1.900;35.300
2018-09-14;4.800;0.000;18.300;0.800;0.000;4.500;3.200
2018-09-15;0.000;15.800;0.000;0.200;0.400;5.500;0.000
2018-09-16;0.800;0.400;4.800;33.800;0.000;0.000;0.000
2018-09-17;2.300;0.100;18.800;0.100;0.000;0.100;0.900
2018-09-18;1.500;19.300;11.100;0.000;0.000;0.000;0.900
2018-09-19;6.400;9.400;1.800;4.600;4.000;3.800;0.700
2018-09-20;0.200;0.000;0.000;0.000;0.000;0.000;0.100
2018-09-21;0.000;0.000;0.000;0.000;0.500;0.900;0.900
2018-09-22;0.000;0.000;0.000;1.000;1.600;8.600;3.800
2018-09-23;0.000;0.000;0.700;2.200;9.400;9.100;0.100
2018-09-24;0.700;0.800;0.300;3.600;5.000;7.400;0.700
2018-09-25;1.600;11.900;2.300;4.400;9.400;23.700;0.100
2018-09-26;4.400;1.900;3.600;7.300;7.600;1.000;0.000
2018-09-27;0.400;0.200;5.000;4.000;0.300;0.300;0.300
2018-09-28;1.400;5.100;4.600;1.400;2.100;0.200;0.400
2018-09-29;3.400;9.200;0.100;0.800;0.100;14.500;0.300
2018-09-30;0.200;0.800;0.100;0.100;0.900;0.300;1.000
2018-10-01;0.000;2.600;0.200;5.000;0.500;0.000;19.200
2018-10-02;0.400;0.100;0.900;0.800;6.600;7.200;0.900
2018-10-03;0.100;0.800;6.600;12.500;18.200;6.400;3.100
2018-10-04;2.300;20.100;12.100;4.800;0.100;0.700;0.000
2018-10-05;3.200;20.600;15.500;2.400;0.100;8.500;4.300
2018-10-06;9.300;9.400;11.100;1.000;2.500;0.100;0.200
2018-10-07;17.900;11.000;8.100;8.800;0.500;0.100;0.100
2018-10-08;5.300;5.900;3.400;0.000;0.100;5.100;19.800
2018-10-09;5.700;0.700;1.200;0.400;12.000;0.100;0.200
2018-10-10;1.300;1.800;3.700;0.200;5.000;27.700;2.000
2018-10-11;0.500;6.900;0.200;13.600;36.600;1.000;4.400
2018-10-12;10.400;0.300;15.200;4.700;6.100;29.900;1.800
2018-10-13;0.200;13.900;4.100;9.400;9.300;12.400;0.100
2018-10-14;21.000;0.900;9.700;11.700;4.900;0.300;1.900
2018-10-15;6.500;23.500;31.300;12.800;0.200;0.000;0.000
2018-10-16;8.000;8.000;24.400;0.100;0.000;0.000;0.800
2018-10-17;9.500;0.600;0.000;0.000;0.000;11.800;15.200
2018-10-18;0.400;0.000;0.000;0.000;0.200;3.700;39.700
2018-10-19;0.100;0.000;0.000;12.100;10.000;37.300;22.200
2018-10-20;0.000;0.000;12.100;55.400;5.200;8.600;0.600
2018-10-21;0.100;1.100;31.500;9.400;3.000;1.000;0.000
2018-10-22;2.800;32.600;5.700;0.200;1.300;0.000;0.200
2018-10-23;11.000;11.400;0.100;0.500;0.100;0.000;0.800
2018-10-24;1.500;0.800;2.900;0.000;0.000;0.000;0.400
2018-10-25;8.100;2.500;0.400;0.000;0.000;0.000;15.600
2018-10-26;2.500;0.000;0.200;1.400;2.200;27.400;27.100
2018-10-27;0.000;0.000;0.900;0.000;11.900;0.500;3.200
2018-10-28;0.100;0.200;0.000;8.000;0.000;4.900;5.900
2018-10-29;0.000;0.000;12.800;8.600;9.000;5.000;0.000
2018-10-30;0.100;18.500;0.800;17.900;0.900;0.000;0.000
2018-10-31;1.000;0.400;15.100;1.200;0.300;0.100;1.900
2018-11-01;0.500;12.400;0.200;0.200;0.600;0.100;0.000
2018-11-02;11.200;0.100;0.000;0.800;0.200;0.100;0.700
2018-11-03;0.100;0.100;0.200;0.300;0.000;1.500;0.900
2018-11-04;0.100;0.800;1.100;0.400;0.000;1.100;0.400
2018-11-05;0.700;0.600;0.200;1.400;2.900;0.800;0.400
2018-11-06;4.300;4.200;3.700;2.100;0.700;0.900;0.200
2018-11-07;2.800;3.400;7.900;3.100;0.700;0.200;8.900
2018-11-08;0.200;5.000;1.100;0.300;0.300;0.700;25.900
2018-11-09;2.600;2.000;0.100;0.000;0.100;8.900;2.500
2018-11-10;2.500;0.800;0.500;0.000;15.100;5.100;1.900
2018-11-11;1.000;0.500;0.300;4.600;19.500;21.500;7.200
2018-11-12;0.700;1.100;12.800;7.700;2.900;6.800;19.900
2018-11-13;1.400;21.000;0.100;0.300;11.100;66.700;0.200
2018-11-14;5.900;0.200;0.700;18.600;28.900;0.200;4.200
2018-11-15;0.200;0.400;32.400;94.900;2.500;3.300;5.100
2018-11-16;0.500;2.000;34.000;5.100;24.100;3.200;1.300
2018-11-17;23.000;79.200;2.800;12.800;22.600;3.600;7.600
2018-11-18;42.000;0.100;1.800;3.800;6.300;6.600;15.200
2018-11-19;0.300;0.400;3.600;3.800;0.600;33.200;1.800
2018-11-20;3.200;5.900;4.700;2.500;56.900;2.000;0.700
2018-11-21;5.300;7.000;2.700;10.000;0.300;0.100;0.100
2018-11-22;4.500;12.400;3.700;0.300;0.100;0.300;5.800
2018-11-23;8.900;4.100;0.300;0.100;0.100;2.400;12.400
2018-11-24;4.300;0.200;0.500;2.000;9.700;18.400;10.900
2018-11-25;0.500;0.500;1.400;2.700;22.200;47.500;0.900
2018-11-26;1.000;2.400;4.100;14.300;37.500;6.700;1.500
2018-11-27;0.600;0.400;1.500;19.000;0.900;1.500;0.200
2018-11-28;0.300;9.500;22.600;1.800;0.600;0.000;0.000
2018-11-29;6.000;31.700;0.500;0.200;0.400;8.000;9.900
2018-11-30;4.000;1.100;0.200;0.600;2.900;1.200;6.700
2018-12-01;1.000;0.400;0.800;0.100;0.300;0.300;0.400
2018-12-02;0.400;0.100;0.100;0.000;0.100;0.300;0.100
2018-12-03;0.500;4.100;0.200;0.100;0.400;1.100;0.700
2018-12-04;6.400;0.300;0.600;0.800;0.700;0.100;0.100
2018-12-05;0.700;0.600;0.400;0.000;0.000;0.000;0.000
2018-12-06;1.200;0.500;0.000;0.000;0.100;0.100;1.500
2018-12-07;0.600;0.000;0.000;0.200;0.100;0.100;1.400
2018-12-08;0.000;0.000;0.000;2.600;7.600;0.900;0.100
2018-12-09;0.100;0.100;0.600;0.200;0.400;4.300;10.800
2018-12-10;0.700;0.800;0.000;2.600;6.500;9.000;9.800
2018-12-11;0.800;0.000;5.700;7.300;5.800;5.200;8.100
2018-12-12;0.100;1.300;8.200;3.800;0.200;4.400;3.200
2018-12-13;4.200;7.000;5.800;4.300;11.600;3.400;3.600
2018-12-14;3.000;3.700;1.000;1.100;0.300;3.800;7.000
2018-12-15;3.800;5.100;3.800;2.300;2.400;11.000;4.800
2018-12-16;2.900;4.100;4.200;7.100;9.500;4.000;6.300
2018-12-17;5.900;3.000;3.900;3.300;7.500;14.200;9.300
2018-12-18;4.200;5.100;2.800;11.000;17.000;23.100;20.200
2018-12-19;3.300;2.900;8.500;12.200;23.300;0.300;1.700
2018-12-20;6.000;8.400;13.900;13.500;0.200;8.200;4.200
2018-12-21;9.900;18.100;11.700;10.200;6.900;9.800;0.100
2018-12-22;7.500;11.800;4.600;13.800;8.100;1.300;0.600
2018-12-23;14.200;7.900;0.800;5.500;3.900;0.200;0.000
2018-12-24;1.300;3.400;6.300;6.400;0.000;0.000;0.200
2018-12-25;0.800;6.800;9.000;0.100;0.100;0.000;0.500
2018-12-26;7.500;6.800;0.200;0.100;0.000;3.800;1.800
2018-12-27;5.600;0.100;0.000;0.100;0.600;3.300;3.100
2018-12-28;0.100;0.000;0.400;3.600;1.100;3.400;9.700
2018-12-29;0.000;0.200;10.700;2.400;1.600;6.400;25.200
2018-12-30;0.000;3.500;1.500;5.000;14.000;19.100;0.000
2018-12-31;2.500;5.100;6.200;11.700;23.400;6.900;0.000
2019-01-01;3.200;3.900;14.900;20.500;0.000;0.000;0.000
2019-01-02;4.600;21.300;90.600;1.400;0.000;0.000;0.000
2019-01-03;35.300;34.100;2.500;0.100;0.100;0.000;0.100
2019-01-04;27.500;0.900;0.000;0.000;0.000;0.300;0.400
2019-01-05;0.500;0.000;5.400;3.800;3.800;6.200;7.600
2019-01-06;0.100;0.800;6.500;0.200;3.500;7.800;6.400
2019-01-07;5.500;0.100;1.000;2.800;1.200;0.200;2.200
2019-01-08;0.100;0.100;1.800;0.800;2.700;2.100;4.300
2019-01-09;0.700;1.800;6.200;6.700;4.300;3.200;5.400
2019-01-10;1.900;0.000;1.800;6.100;0.500;1.000;2.700
2019-01-11;0.000;0.200;2.900;0.100;2.900;6.200;10.400
2019-01-12;1.700;5.400;2.600;2.200;5.200;4.800;7.800
2019-01-13;4.500;7.200;3.200;6.500;9.500;15.400;25.300
2019-01-14;7.100;10.300;9.400;8.100;12.700;13.200;8.500
2019-01-15;3.500;10.300;5.800;9.500;16.300;8.500;8.200
2019-01-16;14.300;5.300;8.100;9.400;1.800;3.800;7.400
2019-01-17;2.600;5.700;7.000;1.300;2.600;7.800;9.800
2019-01-18;0.400;4.300;6.300;2.900;3.400;4.500;6.400
2019-01-19;6.400;8.300;2.500;6.500;11.100;10.100;1.400
2019-01-20;1.800;4.600;7.600;5.900;13.200;2.900;3.000
2019-01-21;3.500;7.300;3.900;20.100;1.300;5.200;0.000
2019-01-22;4.600;4.300;9.700;5.600;0.100;0.000;0.500
2019-01-23;3.800;24.000;30.800;3.200;0.900;0.000;0.000
2019-01-24;15.100;8.000;0.300;0.000;0.600;0.000;0.000
2019-01-25;10.500;0.200;0.000;0.100;0.300;0.000;0.600
2019-01-26;1.000;0.000;0.300;0.000;0.000;0.000;1.400
2019-01-27;0.000;0.100;0.000;0.000;0.200;6.900;2.000
2019-01-28;0.300;0.000;0.100;0.100;0.900;3.600;35.700
2019-01-29;0.000;0.000;0.100;4.000;8.900;10.900;1.800
2019-01-30;0.000;0.000;4.400;0.000;25.000;1.900;6.400
2019-01-31;1.080;6.360;12.170;12.700;5.590;7.820;8.480
2019-02-01;1.300;22.800;0.410;2.320;23.750;7.420;1.600
2019-02-02;1.350;18.110;3.450;5.210;6.970;0.560;0.000
2019-02-03;17.490;4.400;2.010;8.210;0.920;0.010;2.550
2019-02-04;9.190;19.630;2.670;5.570;0.000;1.660;5.880
2019-02-05;28.150;11.430;1.900;0.090;2.530;6.130;1.950
2019-02-06;1.700;4.900;0.300;1.900;1.600;6.400;17.300
2019-02-07;0.110;0.710;2.230;1.700;14.900;20.940;0.110
2019-02-08;0.000;1.400;1.450;2.980;65.460;0.300;3.500
2019-02-09;1.390;2.940;3.630;83.150;1.300;11.780;2.700
2019-02-10;7.360;27.240;25.630;18.340;132.530;5.120;5.820
2019-02-11;56.140;3.420;16.380;94.590;37.540;2.190;1.500
2019-02-12;2.230;3.900;66.300;135.830;1.140;3.170;2.650
2019-02-13;1.200;35.200;33.200;1.500;6.900;4.900;0.300
2019-02-14;32.410;23.650;4.750;2.610;8.760;9.840;2.400
2019-02-15;62.250;0.810;0.000;8.430;7.100;10.980;16.200
2019-02-16;1.530;2.080;3.620;6.180;34.430;62.120;10.530
2019-02-17;1.920;9.040;6.380;13.700;9.240;56.070;26.690
2019-02-18;1.600;1.300;16.900;6.200;5.900;2.100;27.810
2019-02-19;4.500;21.600;6.100;4.500;2.300;3.300;6.010
2019-02-20;13.700;11.700;3.100;0.800;2.100;10.300;4.550
2019-02-21;1.710;1.340;0.280;6.460;25.220;28.620;27.290
2019-02-22;0.450;1.490;4.840;19.500;62.160;64.040;21.960
2019-02-23;0.580;1.490;19.240;26.710;14.360;29.570;18.740
2019-02-24;5.620;26.110;33.770;6.810;2.220;40.110;9.430
2019-02-25;2.750;35.550;2.320;24.470;7.160;4.580;9.590
2019-02-26;7.420;5.570;1.080;16.590;7.730;18.220;4.180
2019-02-27;46.130;4.350;5.410;6.420;7.380;6.430;6.460
2019-02-28;73.600;7.990;6.180;3.860;4.610;5.780;5.880
2019-03-01;7.160;19.410;6.960;4.420;7.030;5.170;5.480
2019-03-02;1.660;4.950;8.880;3.570;9.830;9.010;3.070
2019-03-03;5.070;10.300;8.330;4.020;5.910;3.020;14.480
2019-03-04;7.910;6.070;5.770;1.720;0.370;1.930;11.180
2019-03-05;9.440;8.200;5.670;6.330;6.090;1.130;10.890
2019-03-06;2.940;2.100;2.130;0.960;7.780;7.810;5.370
2019-03-07;1.870;7.680;9.560;1.250;9.180;3.310;5.150
2019-03-08;3.730;1.740;1.270;12.120;3.730;10.910;1.740
2019-03-09;9.150;2.060;12.160;13.940;6.250;1.610;0.070
2019-03-10;1.990;14.690;2.770;6.590;3.350;7.370;8.320
2019-03-11;1.590;2.900;8.220;9.420;10.750;10.460;14.420
2019-03-12;3.850;11.140;5.010;2.040;13.500;0.510;7.800
2019-03-13;4.130;6.060;14.240;12.780;1.240;0.700;1.220
2019-03-14;3.420;3.340;2.730;1.410;2.920;1.610;0.400
2019-03-15;2.210;18.310;2.240;5.830;1.670;1.090;12.860
2019-03-16;6.260;1.410;2.520;0.200;7.470;14.660;0.160
2019-03-17;0.190;4.940;1.800;1.530;1.000;0.050;0.020
2019-03-18;8.920;0.680;0.460;0.100;0.240;0.050;0.300
2019-03-19;0.010;0.460;0.190;3.500;2.230;2.440;0.310
2019-03-20;6.390;0.140;0.600;0.020;0.030;0.010;0.020
2019-03-21;0.160;0.040;0.050;0.000;0.480;0.540;0.140
2019-03-22;1.190;0.190;0.070;0.370;0.970;0.230;0.000
2019-03-23;0.110;0.000;0.410;0.920;0.510;0.000;0.110
2019-03-24;0.020;0.020;0.650;0.300;0.190;0.010;0.000
2019-03-25;0.080;0.010;0.660;0.070;0.000;0.000;0.190
2019-03-26;0.080;0.850;0.390;0.020;0.000;0.060;3.900
2019-03-27;1.090;0.700;0.010;0.000;0.020;2.270;0.160
2019-03-28;1.700;0.000;0.000;0.080;0.010;1.950;2.980
2019-03-29;0.270;0.020;0.000;0.000;0.610;5.760;7.220
2019-03-30;0.000;0.320;0.080;0.080;0.000;10.140;32.310
2019-03-31;0.500;0.050;0.020;0.040;11.590;0.760;0.990
2019-04-01;0.000;0.000;0.000;1.500;0.280;28.110;67.560
2019-04-02;0.000;0.000;0.100;3.990;10.430;13.050;25.870
2019-04-03;0.000;0.270;10.690;19.560;41.050;31.590;42.150
2019-04-04;1.100;16.590;34.020;36.310;1.860;1.380;0.510
2019-04-05;12.140;27.720;34.110;1.160;0.200;0.060;0.800
2019-04-06;16.260;43.420;0.890;0.010;0.110;0.190;0.640
2019-04-07;47.040;0.700;0.330;0.050;0.010;7.620;1.450
2019-04-08;1.380;0.620;1.300;0.250;2.600;46.340;6.310
2019-04-09;0.690;0.940;0.490;0.710;5.690;6.220;2.310
2019-04-10;0.520;0.000;0.290;6.760;5.490;0.050;0.000
2019-04-11;0.010;0.780;5.210;12.390;1.470;0.010;0.010
2019-04-12;3.060;28.300;1.450;6.850;0.190;0.050;0.010
2019-04-13;63.120;0.980;0.750;0.040;0.560;0.240;0.000
2019-04-14;1.440;14.630;0.110;0.010;0.000;0.000;41.080
2019-04-15;7.700;1.000;0.000;0.000;0.000;9.500;34.200
2019-04-16;0.800;0.000;0.000;0.000;0.000;15.600;14.500
2019-04-17;0.000;0.000;0.000;0.000;15.800;21.500;0.500
2019-04-18;0.000;0.000;0.000;0.300;5.300;0.700;0.000
2019-04-19;0.000;0.000;0.000;0.800;1.300;1.000;4.900
2019-04-20;0.100;0.000;0.200;0.400;8.100;5.200;0.200
2019-04-21;0.200;5.200;0.500;0.300;0.600;0.200;50.400
2019-04-22;8.700;0.400;4.300;1.400;0.400;11.800;1.500
2019-04-23;1.600;1.600;0.500;0.000;21.800;1.000;0.100
2019-04-24;0.800;0.300;0.100;6.100;0.600;0.000;0.600
2019-04-25;1.600;0.000;8.600;11.300;0.100;0.500;0.300
2019-04-26;0.200;8.300;0.400;0.100;0.000;0.000;1.700
2019-04-27;13.100;0.300;0.000;0.400;4.000;0.100;0.300
2019-04-28;0.800;0.000;0.000;2.600;4.600;3.000;2.600
2019-04-29;0.000;0.000;1.000;1.500;1.300;3.700;3.000
2019-04-30;0.000;3.300;3.100;0.400;0.600;0.800;0.000
2019-05-01;0.800;0.900;0.000;0.500;6.600;2.000;0.600
2019-05-02;0.600;0.000;0.800;0.300;3.800;0.700;0.700
2019-05-03;0.000;4.600;0.300;0.800;0.500;1.000;1.000
2019-05-04;10.400;3.400;2.800;0.300;1.400;0.800;6.300
2019-05-05;2.300;3.700;0.600;14.800;1.900;4.200;4.700
2019-05-06;1.700;0.100;0.800;0.800;9.500;4.200;1.400
2019-05-07;0.200;0.400;0.500;2.400;12.400;3.300;1.100
2019-05-08;0.700;1.100;0.700;10.100;18.100;11.000;0.900
2019-05-09;0.600;0.200;14.900;22.500;0.600;0.500;0.100
2019-05-10;0.300;1.100;9.200;4.500;0.600;0.100;0.100
2019-05-11;0.900;4.900;2.600;1.700;0.100;0.100;1.400
2019-05-12;0.100;5.800;1.400;0.100;0.100;3.600;1.100
2019-05-13;11.900;0.200;0.400;5.700;11.600;0.800;0.000
2019-05-14;0.100;0.900;14.000;8.700;1.300;0.000;0.000
2019-05-15;0.300;4.600;7.600;0.400;0.000;0.000;0.000
2019-05-16;20.800;4.800;1.000;0.000;0.100;0.000;5.900
2019-05-17;12.400;0.600;0.000;0.000;0.000;1.900;0.200
2019-05-18;0.100;0.000;0.000;0.000;0.300;2.200;0.000
2019-05-19;0.000;0.000;0.000;1.600;12.700;0.000;0.000
2019-05-20;0.000;0.000;0.100;21.700;0.000;0.000;0.000
2019-05-21;0.000;0.500;13.100;0.000;0.000;0.000;15.800
2019-05-22;0.000;8.500;0.000;0.000;0.000;0.800;6.800
2019-05-23;3.900;0.000;0.000;0.000;1.500;13.100;0.000
2019-05-24;0.000;0.000;0.000;0.000;0.600;0.000;11.600
2019-05-25;0.000;0.000;0.000;6.300;1.400;0.100;0.000
2019-05-26;0.000;0.000;5.400;0.000;0.500;0.400;6.500
2019-05-27;0.000;13.100;0.600;0.300;1.100;11.800;19.500
2019-05-28;5.800;0.900;0.500;2.700;2.900;1.500;0.300
2019-05-29;0.200;1.800;4.000;11.400;0.200;0.500;0.000
2019-05-30;0.010;2.710;8.360;3.920;0.050;0.020;0.000
2019-05-31;7.130;9.400;2.230;0.450;0.190;0.030;0.000
2019-06-01;7.220;12.870;0.160;0.010;0.000;0.000;0.000
2019-06-02;12.900;0.080;0.050;0.000;0.000;0.000;0.000
2019-06-03;0.060;0.020;0.000;0.000;0.000;0.000;0.000
2019-06-04;0.010;0.000;0.000;0.000;0.000;0.010;0.000
2019-06-05;0.000;0.000;0.000;0.000;0.000;0.000;0.000
2019-06-06;0.000;0.000;0.000;0.000;0.000;0.000;0.000
2019-06-07;0.000;0.000;0.000;0.000;0.000;0.000;0.000
2019-06-08;0.000;0.000;0.000;0.000;0.010;0.000;0.000
2019-06-09;0.000;0.000;0.000;0.000;0.000;0.000;0.000
2019-06-10;0.000;0.000;0.000;0.000;0.010;0.000;0.000
2019-06-11;0.000;0.000;0.000;0.000;0.000;0.000;0.000
2019-06-12;0.000;0.000;0.000;0.080;0.020;0.000;0.000
2019-06-13;0.000;0.000;0.000;0.000;0.000;0.000;0.040
2019-06-14;0.000;0.000;0.000;0.000;0.000;0.250;0.020
2019-06-15;0.000;0.060;0.010;0.000;0.000;0.120;0.000
2019-06-16;0.000;0.000;0.000;0.370;0.020;0.000;0.000
2019-06-17;0.000;0.000;0.740;0.040;0.000;0.000;0.000
2019-06-18;0.000;0.760;0.030;0.000;0.000;0.000;0.010
2019-06-19;0.160;0.120;0.000;0.000;0.020;0.000;0.000
2019-06-20;0.020;0.000;0.000;0.000;0.000;0.000;1.490
2019-06-21;0.000;0.000;0.000;0.000;0.010;0.860;0.050
2019-06-22;0.000;0.000;0.000;4.520;4.970;0.010;0.000
2019-06-23;0.000;0.000;0.050;0.770;0.010;0.000;0.000
2019-06-24;0.000;0.000;0.060;0.010;0.000;0.000;0.000
2019-06-25;0.000;0.080;0.030;0.000;0.000;0.000;0.000
2019-06-26;0.320;0.010;0.010;0.000;0.000;0.000;0.000
2019-06-27;0.040;0.010;0.000;0.000;0.000;0.010;0.030
2019-06-28;0.000;0.000;0.000;0.000;0.000;13.820;4.950
2019-06-29;0.000;0.000;0.000;0.000;5.920;20.720;0.020
2019-06-30;0.000;0.000;0.010;46.140;20.610;0.020;0.000
2019-07-01;0.000;0.000;65.170;28.940;0.050;0.000;0.000
2019-07-02;0.000;45.610;22.090;0.290;0.020;0.000;0.000
2019-07-03;43.670;26.640;0.010;0.090;0.000;0.000;0.000
2019-07-04;24.420;0.020;0.030;0.000;0.000;0.000;0.000
2019-07-05;0.490;0.040;0.000;0.000;0.000;0.000;0.000
2019-07-06;0.000;0.000;0.000;0.000;0.000;0.000;0.000
2019-07-07;0.000;0.000;0.000;0.000;0.000;0.000;0.000
2019-07-08;0.000;0.000;0.000;0.000;0.000;0.000;0.070
2019-07-09;0.000;0.000;0.000;0.000;0.000;0.050;0.360
2019-07-10;0.000;0.000;0.000;0.000;0.000;0.160;5.830
2019-07-11;0.000;0.000;0.000;0.000;0.200;6.300;0.010
2019-07-12;0.000;0.000;0.110;1.440;0.040;0.030;0.000
2019-07-13;0.000;0.110;0.250;0.000;0.000;0.000;0.000
2019-07-14;2.560;0.160;0.000;0.000;0.000;0.000;0.000
2019-07-15;10.410;0.000;0.000;0.000;0.000;0.000;0.000
2019-07-16;0.000;0.000;0.000;0.000;0.000;0.000;0.000
2019-07-17;0.000;0.000;0.000;0.000;0.000;0.000;0.000
2019-07-18;0.000;0.000;0.000;0.000;0.000;0.000;0.000
2019-07-19;0.000;0.000;0.000;0.000;0.000;0.000;0.000
2019-07-20;0.000;0.000;0.000;0.000;0.000;0.000;0.870
2019-07-21;0.000;0.000;0.000;0.000;0.000;0.020;0.010
2019-07-22;0.000;0.000;0.000;0.000;0.010;0.020;0.000
2019-07-23;0.000;0.000;0.000;0.000;0.000;0.000;0.000
2019-07-24;0.000;0.000;0.000;0.030;0.010;0.000;0.040
2019-07-25;0.000;0.010;0.040;0.000;0.020;0.000;0.000
2019-07-26;0.010;0.180;0.000;0.010;0.010;0.000;1.260
2019-07-27;0.020;0.000;0.190;0.010;0.000;1.130;9.540
2019-07-28;0.020;0.350;0.000;0.010;0.080;10.900;0.220
2019-07-29;0.050;0.000;0.000;0.460;8.840;0.000;0.050
2019-07-30;0.000;0.000;0.300;12.890;0.000;0.000;0.000
2019-07-31;0.000;0.710;20.340;6.990;0.000;0.000;1.480
2019-08-01;0.130;17.780;1.540;0.000;0.050;0.020;0.220
2019-08-02;1.350;0.120;0.000;0.010;0.000;0.000;0.000
2019-08-03;4.610;0.080;0.110;0.010;0.020;0.000;0.000
2019-08-04;0.350;0.470;0.140;0.000;0.020;0.000;0.000
2019-08-05;0.020;0.030;0.160;0.030;0.000;0.000;0.000
2019-08-06;0.030;0.040;0.030;0.000;0.010;0.000;0.020
2019-08-07;0.050;0.010;0.000;0.000;0.000;0.020;0.550
2019-08-08;0.000;0.000;0.000;0.000;0.040;0.090;0.000
2019-08-09;0.000;0.000;0.000;0.090;0.070;0.000;0.000
2019-08-10;0.000;0.000;0.030;0.210;0.010;0.000;0.000
2019-08-11;0.000;0.010;0.260;0.000;0.000;0.000;0.000
2019-08-12;0.130;0.520;0.000;0.000;0.000;0.000;0.080
2019-08-13;0.360;0.000;0.000;0.000;0.000;0.040;0.920
2019-08-14;0.000;0.000;0.000;0.000;0.050;0.200;0.020
2019-08-15;0.000;0.000;0.000;0.180;0.850;0.230;0.090
2019-08-16;0.000;0.000;0.170;2.430;0.150;0.020;0.340
2019-08-17;0.060;0.110;10.730;0.210;0.340;0.080;0.080
2019-08-18;0.740;8.200;0.330;0.390;0.010;0.010;0.000
2019-08-19;8.080;0.080;0.080;0.410;0.070;0.000;0.000
2019-08-20;0.260;0.110;8.160;0.010;0.010;0.010;0.000
2019-08-21;0.040;4.420;0.020;0.000;0.000;0.000;0.000
2019-08-22;7.440;0.020;0.000;0.000;0.000;0.000;0.000
2019-08-23;0.100;0.020;0.000;0.010;0.000;0.000;0.000
2019-08-24;0.020;0.000;0.000;0.000;0.000;0.000;0.000
2019-08-25;0.000;0.000;0.000;0.000;0.000;0.000;0.550
2019-08-26;0.000;0.000;0.000;0.000;0.000;1.000;7.210
2019-08-27;0.000;0.000;0.000;0.020;1.280;0.440;5.550
2019-08-28;0.000;0.000;0.000;0.710;1.930;2.760;5.640
2019-08-29;0.000;0.040;0.820;0.450;0.770;0.250;0.120
2019-08-30;0.000;0.780;0.550;1.530;0.490;0.120;1.980
2019-08-31;1.260;0.130;1.410;0.150;0.220;0.840;0.360
2019-09-01;7.740;1.970;2.700;0.350;0.010;0.110;0.000
2019-09-02;2.200;1.360;0.390;0.000;0.000;0.000;0.000
2019-09-03;1.330;0.420;0.000;0.000;0.000;0.000;0.000
2019-09-04;0.310;0.020;0.000;0.000;0.000;0.000;0.090
2019-09-05;0.000;0.030;0.000;0.000;0.000;0.000;0.020
2019-09-06;0.060;0.000;0.000;0.000;0.000;0.010;0.010
2019-09-07;0.000;0.000;0.000;0.000;0.000;0.030;0.110
2019-09-08;0.000;0.000;0.000;0.010;0.050;0.010;0.000
2019-09-09;0.000;0.000;0.000;0.030;0.040;0.020;0.020
2019-09-10;0.000;0.000;0.050;0.000;0.010;0.000;0.040
2019-09-11;0.000;0.040;0.000;0.000;0.010;0.020;0.040
2019-09-12;0.040;0.030;0.000;0.010;0.000;0.000;0.010
2019-09-13;0.010;0.000;0.000;0.000;0.000;0.000;0.090
2019-09-14;0.010;0.000;0.000;0.000;0.000;0.000;0.000
2019-09-15;0.000;0.000;0.000;0.000;0.180;0.150;0.650
2019-09-16;0.000;0.000;0.020;0.770;0.120;0.010;1.170
2019-09-17;0.000;0.000;0.000;0.050;0.380;1.040;10.210
2019-09-18;0.020;0.000;0.040;0.540;0.280;20.090;3.660
2019-09-19;0.020;0.060;0.650;0.700;30.020;2.760;0.040
2019-09-20;0.100;0.670;0.420;6.180;17.580;0.680;0.070
2019-09-21;0.720;0.520;0.280;68.780;3.760;0.240;0.010
2019-09-22;0.260;0.110;35.240;8.750;0.060;0.800;0.010
2019-09-23;0.340;16.180;5.040;0.100;0.020;0.000;0.000
2019-09-24;12.870;5.480;0.210;0.010;0.010;0.000;0.000
2019-09-25;20.900;0.010;0.080;0.000;0.000;0.000;0.000
2019-09-26;0.060;0.040;0.010;0.000;0.000;0.000;0.010
2019-09-27;0.030;0.010;0.000;0.010;0.000;0.060;0.080
2019-09-28;0.040;0.000;0.000;0.000;0.030;0.090;0.000
2019-09-29;0.000;0.000;0.000;0.050;0.080;0.010;0.480
2019-09-30;0.000;0.000;0.000;0.270;0.000;2.780;7.710
2019-10-01;0.000;0.000;0.000;0.010;1.550;12.740;17.380
2019-10-02;0.000;0.000;0.060;2.640;7.620;21.700;1.120
2019-10-03;0.000;0.000;2.960;11.910;9.950;0.040;0.000
2019-10-04;0.000;7.270;0.290;32.030;0.020;0.010;0.010
2019-10-05;0.980;4.290;1.890;0.100;0.280;0.000;0.000
2019-10-06;10.870;5.480;0.230;0.910;0.010;0.140;0.090
2019-10-07;4.870;0.630;0.880;0.010;0.060;0.050;1.220
2019-10-08;4.130;1.550;0.080;0.000;0.050;0.000;0.960
2019-10-09;1.150;0.170;0.030;0.190;0.000;0.310;0.840
2019-10-10;0.970;0.010;0.110;0.230;0.000;4.860;1.120
2019-10-11;0.020;0.010;0.840;0.090;2.720;11.220;17.310
2019-10-12;0.010;0.140;0.160;1.220;4.260;3.660;1.390
2019-10-13;0.120;0.000;1.010;1.020;0.340;2.610;2.480
2019-10-14;0.050;0.640;1.720;0.160;5.460;6.010;7.870
2019-10-15;0.430;0.290;0.080;3.260;6.600;12.230;0.450
2019-10-16;0.620;0.280;3.230;0.100;17.760;2.580;0.060
2019-10-17;0.750;2.800;0.000;21.710;5.260;0.050;0.410
2019-10-18;1.000;0.010;9.720;6.290;0.050;0.390;3.120
2019-10-19;0.040;8.960;0.170;0.590;6.880;5.080;4.690
2019-10-20;3.410;1.340;1.080;11.840;9.210;4.710;3.440
2019-10-21;0.710;0.190;5.690;10.910;3.200;3.990;21.410
2019-10-22;0.120;4.210;7.490;7.110;1.280;1.800;0.960
2019-10-23;1.780;2.650;8.530;5.990;7.390;6.020;2.410
2019-10-24;0.530;6.780;5.990;2.390;2.890;1.650;1.270
2019-10-25;3.190;0.490;5.440;2.310;0.430;0.250;0.080
2019-10-26;0.000;1.930;1.240;0.010;0.140;0.030;1.550
2019-10-27;5.940;3.290;0.010;0.250;0.040;2.580;7.740
2019-10-28;1.540;1.010;0.410;0.010;2.060;1.920;15.460
2019-10-29;0.760;0.100;0.000;0.290;2.970;4.840;4.310
2019-10-30;0.000;0.000;0.000;0.360;0.750;1.040;2.290
2019-10-31;0.280;0.110;2.350;4.430;15.460;0.190;0.470
2019-11-01;0.010;0.090;1.820;7.860;0.050;8.510;21.850
2019-11-02;0.000;0.010;8.120;0.100;12.720;11.810;1.590
2019-11-03;0.210;12.390;0.040;15.510;20.110;20.310;9.310
2019-11-04;6.000;2.580;21.510;3.100;3.820;5.520;4.940
2019-11-05;0.610;24.610;23.890;8.920;1.950;0.620;0.180
2019-11-06;12.770;8.770;11.750;24.380;12.880;0.460;13.540
2019-11-07;5.980;6.880;24.560;37.830;0.090;6.970;5.680
2019-11-08;6.650;41.410;4.580;0.160;12.060;31.050;74.120
2019-11-09;13.130;16.310;0.320;7.350;38.980;21.410;1.140
2019-11-10;6.150;0.320;24.480;48.140;67.600;0.220;0.000
2019-11-11;0.180;1.670;9.880;17.840;0.010;0.020;0.350
2019-11-12;1.030;37.480;9.220;0.040;0.020;0.660;3.220
2019-11-13;24.860;4.640;0.000;0.000;0.190;1.420;3.530
2019-11-14;28.720;0.060;0.000;0.850;3.850;1.470;3.380
2019-11-15;0.030;0.000;0.550;11.780;1.210;1.350;2.150
2019-11-16;0.510;2.000;5.580;0.530;0.250;0.700;6.880
2019-11-17;1.300;4.320;1.310;3.460;8.440;0.850;1.700
2019-11-18;5.090;1.420;6.510;5.040;9.190;0.240;0.640
2019-11-19;2.230;3.160;7.380;7.040;0.320;0.080;2.550
2019-11-20;4.210;6.380;4.900;0.280;0.060;2.680;40.740
2019-11-21;6.970;6.800;0.710;0.150;0.000;0.060;21.280
2019-11-22;26.020;0.610;0.010;0.000;29.740;2.110;0.000
2019-11-23;0.840;0.050;0.010;2.650;38.480;0.000;0.690
2019-11-24;0.030;0.110;3.880;31.960;0.010;1.780;0.040
2019-11-25;0.250;0.070;34.410;0.360;0.630;0.050;0.160
2019-11-26;0.480;41.590;0.460;4.380;7.920;0.140;12.690
2019-11-27;2.550;0.090;16.640;0.010;0.010;8.180;26.220
2019-11-28;0.010;0.940;0.000;0.010;32.420;29.090;1.260
2019-11-29;3.220;2.550;0.050;0.970;20.280;1.850;0.020
2019-11-30;0.710;0.080;0.090;0.060;6.110;1.480;0.000
2019-12-01;0.180;0.010;0.000;3.410;2.690;0.000;0.000
2019-12-02;0.040;0.220;3.050;1.760;0.000;0.050;0.160
2019-12-03;2.120;3.920;3.350;0.020;0.000;0.520;2.320
2019-12-04;3.660;10.170;0.000;0.000;0.010;1.060;57.940
2019-12-05;3.510;0.020;0.000;0.820;5.840;21.790;2.170
2019-12-06;0.000;0.000;2.360;47.440;13.280;4.040;5.240
2019-12-07;0.000;34.140;16.150;6.570;2.890;9.570;0.970
2019-12-08;14.130;10.780;22.760;2.640;7.000;0.220;20.020
2019-12-09;11.270;2.180;4.360;21.210;5.450;1.450;2.310
2019-12-10;7.030;5.360;5.140;5.510;0.000;0.010;59.040
2019-12-11;1.900;3.860;3.140;0.020;0.180;20.130;20.260
2019-12-12;1.290;19.560;0.010;0.020;0.090;52.790;19.280
2019-12-13;2.460;0.050;0.030;0.370;74.680;2.010;6.740
2019-12-14;0.070;0.010;0.000;34.690;2.020;7.010;4.480
2019-12-15;0.010;0.540;3.770;3.340;10.060;8.440;12.740
2019-12-16;14.250;41.180;2.700;24.550;5.900;12.000;67.960
2019-12-17;13.540;1.080;15.350;6.580;17.190;33.780;14.490
2019-12-18;0.980;16.810;9.630;21.210;34.120;9.630;0.960
2019-12-19;13.470;11.120;9.790;17.170;3.730;0.080;5.490
2019-12-20;3.620;12.690;43.350;0.140;0.640;0.820;6.790
2019-12-21;9.370;6.340;3.000;0.020;0.050;0.350;0.250
2019-12-22;23.090;3.030;0.060;0.150;1.480;0.310;1.520
2019-12-23;0.400;0.540;0.570;0.280;0.110;1.420;14.760
2019-12-24;0.050;0.520;0.830;0.620;0.270;0.500;4.560
2019-12-25;0.190;0.650;0.450;0.280;0.540;16.520;9.480
2019-12-26;0.330;1.220;0.820;0.180;2.280;3.840;25.710
2019-12-27;0.540;0.910;0.110;0.590;0.500;30.210;0.420
2019-12-28;0.460;0.160;0.530;0.340;16.240;20.550;0.280
2019-12-29;0.040;0.590;0.460;19.350;7.370;1.460;1.800
2019-12-30;1.150;0.160;23.310;6.070;0.590;0.540;5.890
2019-12-31;0.210;17.520;7.160;1.460;0.290;7.940;2.640
2020-01-01;15.420;2.140;13.180;3.860;5.380;3.210;8.080
2020-01-02;12.820;21.870;3.040;1.790;3.360;7.780;12.960
2020-01-03;24.820;9.410;3.290;3.510;9.820;15.050;12.160
2020-01-04;9.760;5.840;5.080;6.030;8.840;16.500;7.260
2020-01-05;1.940;0.340;4.610;11.990;8.450;27.590;6.360
2020-01-06;0.630;41.390;21.090;12.660;9.880;7.540;8.250
2020-01-07;10.510;9.410;41.940;14.330;13.250;41.660;56.700
2020-01-08;7.300;9.550;15.450;10.680;36.250;27.590;83.330
2020-01-09;8.060;45.200;4.810;10.630;11.150;3.580;15.680
2020-01-10;9.160;38.030;74.650;85.010;12.640;15.580;24.320
2020-01-11;71.800;3.310;30.540;11.480;4.360;5.620;0.040
2020-01-12;23.530;7.280;3.850;7.250;1.400;0.190;10.990
2020-01-13;3.320;3.910;36.290;6.510;0.220;0.380;0.290
2020-01-14;0.550;36.680;5.620;0.080;1.380;1.180;1.150
2020-01-15;20.490;5.580;0.040;0.550;10.650;0.850;3.150
2020-01-16;12.690;0.120;0.120;5.260;0.190;10.100;6.820
2020-01-17;0.250;0.290;0.200;0.040;0.560;0.240;0.460
2020-01-18;0.460;0.360;0.060;9.250;18.930;4.580;0.110
2020-01-19;0.430;0.240;1.710;13.350;1.390;0.000;0.010
2020-01-20;0.340;0.440;0.450;4.510;0.040;0.000;0.290
2020-01-21;0.390;32.590;14.260;0.040;0.000;0.050;1.890
2020-01-22;30.430;2.660;0.020;0.000;0.010;0.010;9.950
2020-01-23;1.190;0.010;0.000;0.040;1.160;5.380;2.880
2020-01-24;0.060;0.000;0.000;0.050;11.260;6.930;8.150
2020-01-25;0.000;0.000;0.000;7.960;3.310;2.790;10.290
2020-01-26;0.000;0.010;10.350;4.220;12.060;21.660;50.980
2020-01-27;0.190;11.290;24.750;4.530;17.080;5.890;0.190
2020-01-28;7.110;6.720;4.220;8.380;53.010;2.480;0.070
2020-01-29;3.840;4.790;7.960;15.110;7.180;13.210;0.550
2020-01-30;4.280;13.010;15.130;5.320;5.060;9.740;24.790
2020-01-31;24.860;35.050;4.560;2.020;3.900;4.210;12.100
2020-02-01;26.090;9.210;21.810;29.560;11.430;17.350;21.700
2020-02-02;47.760;33.390;29.850;13.750;3.740;0.570;1.140
2020-02-03;0.200;22.810;20.850;22.660;6.490;1.790;0.620
2020-02-04;13.180;37.440;8.810;2.630;0.840;0.610;117.550
2020-02-05;4.210;13.750;2.540;1.850;9.080;19.900;45.610
2020-02-06;3.230;19.750;1.960;32.740;8.310;0.380;0.380
2020-02-07;1.020;2.790;46.980;15.720;0.050;0.800;1.980
2020-02-08;6.710;47.420;1.040;3.520;0.560;2.570;15.610
2020-02-09;68.420;44.810;41.280;9.950;1.150;3.460;6.550
2020-02-10;13.060;1.520;1.660;0.320;10.170;15.850;3.890
2020-02-11;1.250;0.560;1.840;7.780;12.040;5.210;6.710
2020-02-12;0.880;0.450;1.820;19.750;8.760;3.740;19.710
2020-02-13;1.110;0.990;9.640;9.740;4.020;86.920;11.740
2020-02-14;0.250;0.690;9.330;2.490;4.480;1.350;9.050
2020-02-15;5.680;8.530;4.990;6.110;2.540;10.860;55.030
2020-02-16;6.750;2.500;7.680;3.990;34.660;2.910;0.490
2020-02-17;9.680;6.390;9.440;42.290;0.900;5.160;3.460
2020-02-18;0.300;6.000;44.220;6.490;7.490;40.760;7.690
2020-02-19;2.610;30.770;0.590;0.240;0.780;11.360;6.360
2020-02-20;13.880;0.140;0.320;0.040;11.480;9.880;27.610
2020-02-21;0.310;0.130;0.890;3.010;10.540;15.810;0.160
2020-02-22;0.070;1.180;8.170;30.820;0.130;0.110;5.920
2020-02-23;20.250;5.600;9.240;1.480;0.080;1.760;0.090
2020-02-24;3.200;30.870;1.240;0.020;0.420;0.450;0.520
2020-02-25;19.630;1.880;0.410;0.320;1.080;0.550;5.700
2020-02-26;3.930;0.960;1.050;3.080;59.630;29.150;5.990
2020-02-27;0.550;10.500;2.560;10.710;19.540;1.740;1.020
2020-02-28;1.480;0.230;4.220;3.340;1.340;3.060;0.040
2020-02-29;1.340;7.320;16.800;0.810;0.990;0.250;1.230
2020-03-01;6.440;24.080;1.520;1.300;0.380;0.810;0.560
2020-03-02;12.650;2.130;0.210;0.160;7.840;1.220;2.310
2020-03-03;1.950;0.140;0.020;6.680;4.620;0.650;0.010
2020-03-04;0.070;0.080;0.020;0.350;4.650;0.430;0.520
2020-03-05;0.060;0.180;1.610;1.810;0.400;0.660;2.190
2020-03-06;0.780;8.800;2.030;0.840;1.180;1.830;0.240
2020-03-07;4.900;2.320;0.040;0.760;1.050;0.900;0.690
2020-03-08;0.610;0.880;0.460;0.050;0.040;0.460;0.980
2020-03-09;1.210;0.030;0.030;0.410;0.050;0.610;2.510
2020-03-10;0.000;0.000;0.050;0.870;1.970;4.300;3.510
2020-03-11;0.030;0.030;0.140;3.500;3.350;2.810;2.510
2020-03-12;0.170;0.840;3.090;8.340;4.130;1.910;0.810
2020-03-13;0.250;3.660;5.770;4.910;0.780;15.790;0.130
2020-03-14;5.120;8.850;7.430;1.330;12.960;18.170;0.400
2020-03-15;13.220;9.090;2.490;14.200;22.630;4.040;0.020
2020-03-16;7.810;0.920;7.510;28.580;0.220;0.010;0.050
2020-03-17;2.500;1.440;36.680;0.190;0.140;0.040;0.010
2020-03-18;0.660;22.530;0.880;0.010;0.340;0.150;0.000
2020-03-19;9.000;0.350;0.120;0.080;0.000;0.000;0.010
2020-03-20;0.900;0.010;0.080;0.010;0.000;0.010;0.020
2020-03-21;0.030;0.050;0.010;0.010;0.000;0.010;0.060
2020-03-22;0.040;0.040;0.110;0.150;0.050;0.050;0.430
2020-03-23;0.020;0.050;0.010;0.260;0.050;1.020;20.710
2020-03-24;0.000;0.020;0.000;0.180;0.150;0.010;0.390
2020-03-25;0.020;0.000;0.010;0.260;0.650;0.240;0.220
2020-03-26;0.050;0.010;0.770;12.080;0.460;1.530;1.710
2020-03-27;0.820;3.960;8.350;1.470;1.100;2.390;35.140
2020-03-28;12.510;9.230;0.720;0.620;8.180;8.860;0.000
2020-03-29;3.590;0.360;0.000;1.820;7.380;0.000;0.020
2020-03-30;0.480;0.010;0.330;9.740;0.000;0.000;0.000
2020-03-31;0.070;0.640;2.470;0.010;0.000;0.040;6.920
2020-04-01;0.810;0.580;0.020;0.010;0.000;0.680;0.200
2020-04-02;4.270;0.130;0.010;0.060;6.310;0.510;0.010
2020-04-03;0.000;0.000;0.000;0.750;0.340;0.050;0.070
2020-04-04;0.020;0.000;1.150;0.350;0.040;0.150;0.050
2020-04-05;0.000;0.340;0.120;0.020;0.020;0.030;0.690
2020-04-06;1.050;0.290;0.010;0.150;0.300;0.020;0.010
2020-04-07;0.210;0.010;0.720;1.090;0.010;0.000;0.480
2020-04-08;0.100;0.040;0.990;0.090;0.110;1.200;17.690
2020-04-09;0.010;0.080;0.010;0.060;20.990;25.110;0.250
2020-04-10;0.150;0.020;1.090;16.910;1.310;1.340;0.050
2020-04-11;0.000;0.050;1.860;2.390;1.560;0.020;0.000
2020-04-12;0.120;4.760;1.740;0.690;0.010;0.010;0.010
2020-04-13;5.290;0.060;0.020;0.010;0.010;0.290;1.390
2020-04-14;0.430;0.050;0.010;0.040;0.150;1.860;0.120
2020-04-15;0.080;0.050;0.020;0.420;0.760;0.020;0.060
2020-04-16;0.020;0.000;0.050;1.410;0.060;0.050;0.040
2020-04-17;0.000;0.210;0.940;0.690;0.050;0.200;0.000
2020-04-18;0.640;0.520;0.590;1.240;0.010;0.220;0.000
2020-04-19;0.850;0.130;0.330;0.120;0.430;0.010;0.010
2020-04-20;0.020;0.030;0.090;0.060;0.030;0.010;0.000
2020-04-21;0.020;0.170;0.020;0.010;0.010;0.000;0.020
2020-04-22;0.000;0.000;0.000;0.000;0.080;0.180;0.010
2020-04-23;0.010;0.010;0.000;0.000;0.010;0.010;0.000
2020-04-24;0.010;0.000;0.010;0.000;0.000;0.000;0.000
2020-04-25;0.000;0.010;0.000;0.000;0.000;0.000;1.130
2020-04-26;0.000;0.000;0.000;0.000;0.000;0.030;0.900
2020-04-27;0.000;0.000;0.000;0.000;0.240;0.520;0.140
2020-04-28;0.020;0.000;0.010;1.570;0.310;0.130;0.010
2020-04-29;0.000;0.090;17.360;0.060;0.000;0.340;24.010
2020-04-30;0.160;2.940;0.110;0.000;0.310;2.240;0.030
2020-05-01;6.220;0.400;0.010;0.060;31.510;0.010;0.000
2020-05-02;0.290;0.000;0.020;13.090;3.650;0.610;0.000
2020-05-03;0.000;0.030;9.920;5.240;0.060;0.000;0.010
2020-05-04;0.020;6.960;4.860;0.040;0.000;0.010;0.000
2020-05-05;7.450;4.090;0.000;0.000;0.000;0.000;0.000
2020-05-06;7.920;0.000;0.000;0.000;0.000;0.000;0.010
2020-05-07;0.010;0.000;0.000;0.000;0.000;0.000;0.050
2020-05-08;0.000;0.000;0.000;0.000;0.010;1.660;15.120
2020-05-09;0.000;0.000;0.000;0.000;7.710;3.200;0.020
2020-05-10;0.000;0.000;0.020;11.260;0.770;0.220;0.000
2020-05-11;0.000;0.150;3.450;10.290;2.050;0.010;0.010
2020-05-12;0.000;3.790;0.940;0.040;0.020;0.020;0.000
2020-05-13;2.170;0.570;0.850;0.000;0.000;0.000;0.020
2020-05-14;1.280;1.520;0.030;0.020;0.050;0.020;0.000
2020-05-15;0.430;0.070;0.080;0.410;0.010;0.010;3.470
2020-05-16;0.000;0.000;0.020;0.010;0.000;0.120;5.550
2020-05-17;0.000;0.040;0.000;0.000;0.180;12.020;0.000
2020-05-18;0.000;0.040;0.000;0.000;10.320;0.000;0.000
2020-05-19;0.090;0.000;0.000;5.460;0.200;0.000;0.000
2020-05-20;0.020;0.000;9.870;0.110;0.000;0.000;0.000
2020-05-21;0.000;14.930;0.010;0.000;0.000;0.000;0.020
2020-05-22;19.690;0.000;0.000;0.000;0.000;0.000;0.000
2020-05-23;0.000;0.000;0.010;0.000;0.050;0.000;0.100
2020-05-24;0.000;0.000;0.000;0.000;0.000;0.000;0.000
2020-05-25;0.000;0.000;0.000;0.030;0.000;0.000;0.540
2020-05-26;0.000;0.010;0.040;0.000;0.000;0.030;6.820
2020-05-27;0.000;0.040;0.000;0.000;0.000;3.220;0.380
2020-05-28;0.000;0.000;0.000;0.000;6.880;0.080;0.060
2020-05-29;0.000;0.000;0.000;0.360;0.140;17.160;4.560
2020-05-30;0.000;0.000;0.090;0.360;3.310;0.190;1.820
2020-05-31;0.000;5.490;1.550;2.480;0.590;15.380;0.020
2020-06-01;2.140;3.940;0.080;0.600;14.240;2.020;0.120
2020-06-02;2.130;0.850;0.410;6.590;6.560;0.450;3.480
2020-06-03;1.120;0.650;1.380;4.050;0.820;5.520;0.220
2020-06-04;0.690;1.950;7.040;0.560;0.090;0.000;0.000
2020-06-05;1.100;1.380;0.980;1.050;0.000;0.000;0.000
2020-06-06;1.950;0.260;0.300;0.000;0.000;0.000;0.000
2020-06-07;1.050;0.710;0.030;0.000;0.000;0.000;0.070
2020-06-08;0.370;0.000;0.000;0.000;0.000;0.620;0.220
2020-06-09;0.080;0.000;0.000;0.000;0.490;0.230;0.070
2020-06-10;0.000;0.000;0.000;0.360;0.160;0.020;0.020
2020-06-11;0.000;0.000;0.230;0.020;0.180;0.010;0.000
2020-06-12;0.000;1.060;0.060;0.250;0.010;0.000;0.000
2020-06-13;0.430;0.110;0.090;0.040;0.000;0.000;0.010
2020-06-14;0.180;0.010;0.010;0.000;0.000;0.000;0.000
2020-06-15;0.040;0.010;0.000;0.000;0.000;0.010;0.000
2020-06-16;0.000;0.000;0.000;0.000;0.530;0.000;0.000
2020-06-17;0.000;0.000;0.000;0.010;0.000;0.000;0.000
2020-06-18;0.000;0.000;0.050;0.000;0.000;0.000;0.000
2020-06-19;0.000;0.000;0.000;0.000;0.000;0.000;17.380
2020-06-20;0.030;0.000;0.000;0.000;0.000;1.580;22.920
2020-06-21;0.000;0.000;0.000;0.000;0.000;29.250;4.990
2020-06-22;0.000;0.000;0.000;0.050;12.990;0.140;1.630
2020-06-23;0.000;0.000;0.090;10.060;0.180;2.740;0.010
2020-06-24;0.000;0.180;8.280;0.650;0.190;0.350;0.120
2020-06-25;49.010;28.950;0.380;0.370;0.080;0.150;0.170
2020-06-26;18.590;0.280;0.390;0.000;0.160;0.000;0.600
2020-06-27;0.370;0.000;0.010;0.010;0.000;0.070;0.270
2020-06-28;0.040;0.020;2.450;0.000;0.010;0.010;0.040
2020-06-29;0.600;0.020;0.000;0.000;0.010;0.000;0.500
2020-06-30;2.940;0.020;0.040;0.010;0.600;0.970;0.000
2020-07-01;0.010;0.100;0.070;0.450;0.040;0.010;0.000
2020-07-02;0.020;0.010;0.390;0.060;0.000;0.000;0.010
2020-07-03;0.030;0.160;0.080;0.000;0.000;1.280;0.020
2020-07-04;0.200;0.120;0.010;0.110;2.050;0.030;0.180
2020-07-05;0.070;0.000;0.000;0.560;0.000;0.000;0.000
2020-07-06;0.010;0.000;0.680;0.120;0.150;0.020;0.000
2020-07-07;0.000;0.260;0.010;0.000;0.000;0.000;0.010
2020-07-08;0.650;0.020;0.000;0.000;0.000;0.260;0.020
2020-07-09;0.010;0.040;0.000;0.000;1.150;0.050;0.260
2020-07-10;0.000;0.000;0.000;0.040;0.000;0.000;0.000
2020-07-11;0.000;0.000;0.290;0.740;0.080;0.250;0.080
2020-07-12;0.000;0.830;0.080;0.380;0.040;0.040;0.000
2020-07-13;0.350;0.040;0.250;0.000;0.000;0.000;0.000
2020-07-14;0.080;0.300;0.350;0.170;0.000;0.000;0.000
2020-07-15;0.080;0.080;0.000;0.000;0.010;0.000;0.000
2020-07-16;0.020;0.000;0.000;0.000;0.020;0.000;0.000
2020-07-17;0.000;0.000;0.000;0.000;0.000;0.000;0.000
2020-07-18;0.020;0.000;0.000;0.000;0.000;0.000;0.000
2020-07-19;0.000;0.000;0.000;0.000;0.000;0.000;0.050
2020-07-20;0.000;0.000;0.000;0.000;0.000;0.000;0.000
2020-07-21;0.000;0.000;0.000;0.000;0.000;0.000;0.000
2020-07-22;0.000;0.000;0.000;0.030;0.000;0.000;0.040
2020-07-23;0.000;0.000;0.030;0.000;0.010;0.000;0.010
2020-07-24;0.000;0.030;0.000;0.000;0.060;0.080;0.110
2020-07-25;0.000;0.000;0.000;0.390;0.650;0.060;0.010
2020-07-26;0.000;0.000;0.000;0.050;0.610;0.120;0.000
2020-07-27;0.000;0.040;0.090;0.360;0.290;0.010;0.000
2020-07-28;0.250;2.020;0.090;0.320;0.010;0.000;0.010
2020-07-29;0.630;0.290;0.230;0.010;0.020;0.000;0.000
2020-07-30;0.100;0.040;0.010;0.000;0.010;0.000;0.010
2020-07-31;0.290;0.010;0.010;0.050;0.010;0.000;0.000
2020-08-01;0.000;0.000;0.020;0.000;0.000;0.000;0.000
2020-08-02;0.010;0.010;0.010;0.000;0.000;0.000;0.010
2020-08-03;0.020;0.020;0.000;0.000;0.000;0.000;0.000
2020-08-04;0.000;0.000;0.000;0.000;0.000;0.000;0.000
2020-08-05;0.000;0.000;0.000;0.000;0.000;0.000;0.000
2020-08-06;0.030;0.000;0.000;0.000;0.000;0.000;0.000
2020-08-07;0.020;0.000;0.000;0.000;0.000;0.000;0.270
2020-08-08;0.000;0.000;0.000;0.000;0.020;0.490;0.290
2020-08-09;0.000;0.000;0.000;0.050;0.420;0.110;0.000
2020-08-10;0.000;0.000;0.000;0.340;1.200;0.190;11.890
2020-08-11;0.000;0.040;0.050;0.800;1.990;65.710;26.950
2020-08-12;0.690;0.410;1.180;1.040;8.290;42.930;41.820
2020-08-13;0.530;0.500;0.110;10.690;20.450;0.710;1.060
2020-08-14;0.310;0.690;6.890;10.970;0.700;1.990;18.270
2020-08-15;0.090;2.080;3.780;1.070;1.360;31.590;1.550
2020-08-16;30.920;8.380;0.060;0.390;17.580;0.380;0.220
2020-08-17;15.320;0.090;0.470;25.010;0.780;0.220;0.000
2020-08-18;0.620;0.620;24.350;7.080;0.080;0.010;0.000
2020-08-19;0.580;24.940;3.870;0.040;0.000;0.000;0.010
2020-08-20;18.560;2.000;0.010;0.000;0.000;0.000;0.000
2020-08-21;0.530;0.010;0.000;0.000;0.000;0.010;0.000
2020-08-22;0.000;0.000;0.000;0.000;0.010;0.000;0.000
2020-08-23;0.010;0.000;0.000;0.010;0.000;0.000;0.000
2020-08-24;0.000;0.000;0.000;0.000;0.000;0.000;0.000
2020-08-25;0.000;0.000;0.000;0.000;0.000;0.050;0.250
2020-08-26;0.000;0.000;0.000;0.000;0.000;0.000;0.000
2020-08-27;0.000;0.000;0.000;0.000;0.000;0.000;0.000
2020-08-28;0.000;0.000;0.020;0.010;0.020;0.000;0.000
2020-08-29;0.000;0.010;0.000;0.000;0.000;0.010;0.000
2020-08-30;0.010;0.030;0.010;0.000;0.000;0.000;0.000
2020-08-31;0.000;0.010;0.000;0.000;0.000;0.000;0.010
2020-09-01;0.010;0.000;0.000;0.000;0.000;0.000;0.070
2020-09-02;0.000;0.000;0.000;0.000;0.000;0.000;0.000
2020-09-03;0.030;0.000;0.000;0.000;0.000;0.000;0.020
2020-09-04;0.000;0.000;0.000;0.080;0.160;0.110;0.030
2020-09-05;0.000;0.010;0.110;0.150;0.000;0.000;0.000
2020-09-06;0.030;0.240;0.240;0.320;0.010;0.000;0.000
2020-09-07;0.080;0.090;0.200;0.070;0.140;0.000;0.000
2020-09-08;0.040;0.000;0.070;0.090;0.000;0.000;0.000
2020-09-09;0.070;0.290;0.080;0.010;0.000;0.000;0.000
2020-09-10;0.430;0.070;0.010;0.050;0.000;0.000;0.000
2020-09-11;0.010;0.000;0.010;0.000;0.000;0.000;0.010
2020-09-12;0.000;0.000;0.280;0.000;0.000;0.000;1.430
2020-09-13;0.000;0.140;0.000;0.120;0.260;0.720;25.160
2020-09-14;0.230;0.020;0.240;0.560;0.460;4.720;26.290
2020-09-15;0.000;0.120;0.070;0.660;9.580;13.350;18.530
2020-09-16;0.210;0.420;0.720;4.540;3.250;9.620;0.090
2020-09-17;0.830;0.870;5.190;9.990;0.990;0.650;0.000
2020-09-18;6.070;7.870;17.710;11.120;0.360;0.010;0.000
2020-09-19;4.590;2.820;17.780;0.410;0.000;0.000;0.000
2020-09-20;2.890;11.080;0.470;0.000;0.000;0.000;0.000
2020-09-21;11.860;0.330;0.000;0.000;0.000;0.000;0.020
2020-09-22;0.830;0.010;0.000;0.000;0.000;0.000;0.010
2020-09-23;0.120;0.000;0.000;0.000;0.030;0.010;0.190
2020-09-24;0.000;0.000;0.000;0.010;0.010;0.170;0.030
2020-09-25;0.000;0.000;0.020;0.020;0.110;0.000;0.340
2020-09-26;0.000;0.010;0.040;0.410;0.220;0.150;0.290
2020-09-27;0.080;0.070;0.300;0.190;0.270;0.360;0.150
2020-09-28;1.180;0.330;0.210;0.100;0.250;0.700;0.720
2020-09-29;0.270;0.130;0.050;0.030;0.090;0.350;0.080
2020-09-30;0.470;0.310;0.040;0.110;0.360;0.000;0.050
2020-10-01;0.050;0.100;0.110;0.000;0.000;0.010;0.000
2020-10-02;0.480;0.220;0.110;0.000;0.100;0.050;0.010
2020-10-03;0.000;0.000;0.000;0.000;0.000;0.000;0.000
2020-10-04;0.000;0.000;0.000;0.000;0.000;0.000;0.000
2020-10-05;0.000;0.000;0.000;0.000;1.460;0.000;1.560
2020-10-06;0.000;0.000;0.000;3.550;0.000;0.000;22.610
2020-10-07;0.000;5.510;2.320;0.000;0.000;8.890;28.910
2020-10-08;10.380;3.200;0.000;0.000;1.590;86.820;0.000
2020-10-09;3.850;0.000;0.000;9.450;17.810;0.000;0.000
2020-10-10;0.000;0.000;0.000;1.120;6.140;0.000;0.000
2020-10-11;0.000;0.000;0.000;2.260;1.690;0.000;7.330
2020-10-12;0.000;3.050;0.000;20.080;0.000;0.000;5.180
2020-10-13;0.000;4.710;0.000;0.000;1.620;34.660;0.000
2020-10-14;1.480;30.210;0.000;0.000;3.540;1.320;0.000
2020-10-15;0.000;0.000;0.000;2.080;6.680;8.510;0.000
2020-10-16;0.000;0.000;0.000;16.090;0.000;0.000;0.000
2020-10-17;0.000;9.870;2.080;0.000;0.000;0.000;0.000
2020-10-18;0.000;0.000;0.000;0.000;0.000;1.450;1.010
2020-10-19;1.440;0.000;0.000;0.000;3.490;8.310;4.660
2020-10-20;0.000;0.000;0.000;4.950;8.030;1.280;11.150
2020-10-21;0.000;0.000;11.220;6.700;0.000;3.860;0.000
2020-10-22;0.000;12.980;5.110;0.000;4.850;0.000;5.340
2020-10-23;13.660;4.370;0.000;0.000;0.000;9.740;4.270
2020-10-24;4.690;0.000;2.620;0.000;8.620;5.740;0.000
2020-10-25;0.000;1.110;0.000;7.320;11.290;0.000;0.000
2020-10-26;0.000;0.000;0.000;28.420;0.000;0.000;0.000
2020-10-27;0.000;0.000;28.220;0.000;0.000;0.000;0.000
2020-10-28;0.000;10.220;0.000;0.000;0.000;0.000;0.000
2020-10-29;17.160;0.000;0.000;0.000;0.000;1.650;0.000
2020-10-30;0.000;0.000;0.000;0.000;1.150;0.000;0.000
2020-10-31;1.440;0.000;0.000;2.270;1.110;0.000;0.000
2020-11-01;0.000;0.000;10.900;1.300;0.000;0.000;0.000
2020-11-02;0.000;1.930;0.000;0.000;0.000;0.000;25.680
2020-11-03;0.000;0.000;0.000;0.000;0.000;33.190;20.740
2020-11-04;0.000;0.000;0.000;0.000;20.950;23.730;6.160
2020-11-05;0.000;0.000;0.000;8.780;9.680;8.870;30.740
2020-11-06;0.000;0.000;8.590;39.120;14.710;4.890;0.000
2020-11-07;0.000;8.390;15.610;33.510;4.380;0.000;0.000
2020-11-08;4.260;22.630;7.740;1.720;0.000;0.000;0.000
2020-11-09;9.880;50.510;16.190;0.000;0.000;0.000;10.440
2020-11-10;5.180;14.240;10.880;1.410;0.000;11.880;6.350
2020-11-11;2.430;1.040;0.000;0.000;4.960;6.230;4.110
2020-11-12;1.840;1.800;0.000;7.840;13.780;21.680;2.070
2020-11-13;1.610;0.000;4.500;22.860;12.310;13.090;0.000
2020-11-14;0.000;3.690;7.640;42.530;13.410;0.000;0.000
2020-11-15;1.350;7.950;23.120;0.000;0.000;0.000;0.000
2020-11-16;20.430;32.710;0.000;0.000;0.000;3.810;0.000
2020-11-17;40.080;5.150;0.000;0.000;1.750;0.000;0.000
2020-11-18;9.230;0.000;0.000;1.740;1.190;0.000;0.000
2020-11-19;0.000;0.000;6.460;1.740;0.000;0.000;0.000
2020-11-20;0.000;4.220;2.110;0.000;0.000;0.000;0.000
2020-11-21;0.000;0.000;0.000;0.000;0.000;0.000;0.000
2020-11-22;0.000;0.000;0.000;0.000;0.000;0.000;0.000
2020-11-23;0.000;0.000;0.000;0.000;0.000;0.000;0.000
2020-11-24;0.000;0.000;0.000;0.000;0.000;0.000;11.060
2020-11-25;0.000;0.000;0.000;0.000;0.000;2.620;44.690
2020-11-26;0.000;0.000;0.000;0.000;2.510;14.590;6.240
2020-11-27;0.000;0.000;0.000;2.590;26.020;35.820;9.880
2020-11-28;0.000;0.000;12.050;9.530;9.290;27.820;3.060
2020-11-29;2.210;28.450;12.560;5.450;13.330;0.000;1.530
2020-11-30;15.480;9.980;3.610;5.450;2.010;13.810;6.230
2020-12-01;0.000;11.940;2.590;5.000;19.350;19.760;0.000
2020-12-02;3.430;1.290;0.000;26.670;3.120;0.000;1.410
2020-12-03;0.000;2.150;18.250;64.650;0.000;0.000;0.000
2020-12-04;1.460;10.990;36.120;0.000;1.530;2.040;4.640
2020-12-05;32.640;7.100;0.000;0.000;0.000;0.000;5.420
2020-12-06;15.150;0.000;0.000;0.000;0.000;1.440;2.490
2020-12-07;0.000;0.000;0.000;9.780;14.410;13.530;11.240
2020-12-08;0.000;0.000;5.080;0.000;7.260;9.190;11.060
2020-12-09;7.840;5.920;4.560;3.660;8.840;8.120;21.080
2020-12-10;11.650;7.930;8.430;19.490;5.900;2.510;24.500
2020-12-11;8.090;13.710;8.400;5.560;14.450;12.450;28.090
2020-12-12;3.710;6.160;0.000;5.060;2.650;11.350;35.180
2020-12-13;3.760;13.660;16.130;0.000;8.240;10.190;0.000
2020-12-14;32.810;9.890;20.110;21.220;8.250;0.000;9.790
2020-12-15;8.880;16.020;21.690;8.810;0.000;8.620;6.140
2020-12-16;35.530;11.780;10.860;1.740;5.770;3.680;0.000
2020-12-17;10.020;8.490;7.250;13.380;0.000;2.560;2.660
2020-12-18;12.140;3.070;7.760;45.760;1.470;0.000;1.290
2020-12-19;0.000;10.730;1.460;0.000;0.000;0.000;19.920
2020-12-20;12.290;54.890;0.000;0.000;0.000;7.360;16.370
2020-12-21;3.810;0.000;0.000;2.390;24.440;1.060;10.060
2020-12-22;1.260;1.060;0.000;5.050;9.120;16.000;13.760
2020-12-23;0.000;0.000;19.230;27.350;27.550;25.340;5.640
2020-12-24;1.710;2.050;77.190;6.710;8.250;6.740;7.660
2020-12-25;2.920;33.970;36.760;9.180;6.290;5.690;23.540
2020-12-26;8.780;35.980;14.100;10.620;10.480;9.670;0.000
2020-12-27;10.010;12.040;10.870;3.990;18.800;0.000;0.000
2020-12-28;13.150;3.390;26.160;7.970;0.000;0.000;0.000
2020-12-29;7.760;6.380;28.170;0.000;0.000;0.000;0.000
2020-12-30;8.280;25.820;1.640;0.000;0.000;0.000;10.860
2020-12-31;24.830;0.000;0.000;6.800;12.690;8.400;3.080
2021-01-01;4.080;2.660;1.090;11.380;4.580;1.980;14.780
2021-01-02;2.960;3.880;0.000;7.930;17.350;23.530;0.000
2021-01-03;9.530;5.090;0.000;2.190;19.090;23.720;1.280
2021-01-04;0.000;2.750;15.820;10.630;7.360;12.880;0.000
2021-01-05;2.340;8.160;17.300;10.520;18.560;14.760;4.800
2021-01-06;0.000;5.780;0.000;3.270;30.280;26.990;20.590
2021-01-07;21.090;1.680;15.810;14.240;17.110;23.050;34.010
2021-01-08;16.260;3.810;9.280;7.550;26.040;53.240;10.770
2021-01-09;7.470;10.020;5.510;7.250;11.680;14.520;2.130
2021-01-10;21.820;5.510;4.110;41.580;23.780;12.010;5.960
2021-01-11;14.510;1.090;0.000;12.220;11.160;7.860;0.000
2021-01-12;23.060;0.000;12.350;10.860;11.650;34.740;103.550
2021-01-13;6.090;4.540;9.200;10.780;3.700;15.810;12.590
2021-01-14;22.840;16.660;1.720;7.480;29.700;10.820;2.590
2021-01-15;10.010;11.600;11.880;9.340;3.370;2.330;6.340
2021-01-16;5.700;0.000;0.000;0.000;18.550;4.600;2.350
2021-01-17;4.050;0.000;0.000;0.000;0.000;0.000;0.000
2021-01-18;7.580;0.000;0.000;1.910;0.000;0.000;1.840
2021-01-19;0.000;0.000;0.000;0.000;3.320;2.180;6.040
2021-01-20;0.000;0.000;0.000;0.000;0.000;2.590;1.650
2021-01-21;4.820;2.780;0.000;0.000;2.270;1.310;9.380
2021-01-22;0.000;1.370;2.140;1.740;2.320;10.560;7.130
2021-01-23;14.160;12.180;10.680;1.760;8.720;11.100;0.000
2021-01-24;8.210;6.480;1.320;0.000;0.000;0.000;1.770
2021-01-25;12.540;0.000;0.000;0.000;0.000;0.000;8.150
2021-01-26;2.160;0.000;0.000;0.000;0.000;8.080;0.000
2021-01-27;0.000;0.000;0.000;0.000;0.000;0.000;2.840
2021-01-28;2.780;0.000;0.000;5.370;3.640;3.650;9.660
2021-01-29;0.000;0.000;7.210;8.620;2.200;1.490;17.770
2021-01-30;4.750;4.050;6.550;4.710;9.540;23.490;5.880
2021-01-31;2.610;7.840;0.000;6.150;11.800;8.570;11.110
2021-02-01;4.590;3.180;10.580;9.610;18.780;24.060;1.380
2021-02-02;3.810;2.520;29.230;2.150;0.000;0.000;1.270
2021-02-03;3.840;42.690;2.350;1.690;0.000;0.000;15.650
2021-02-04;48.650;3.110;1.150;1.260;0.000;2.420;19.960
2021-02-05;0.000;1.370;0.000;0.000;0.000;22.050;15.820
2021-02-06;3.760;2.390;0.000;5.680;14.180;14.850;11.890
2021-02-07;1.580;0.000;0.000;18.160;7.010;15.280;7.060
2021-02-08;4.410;2.210;26.760;14.760;2.340;6.720;4.210
2021-02-09;10.930;24.780;12.910;5.540;0.000;2.760;14.210
2021-02-10;8.890;14.160;9.190;4.760;14.040;9.920;0.000
2021-02-11;13.390;25.350;7.610;13.950;7.140;1.110;0.000
2021-02-12;15.080;6.050;23.970;0.000;0.000;0.000;3.500
2021-02-13;0.000;13.010;1.150;0.000;8.980;2.550;1.470
2021-02-14;0.000;1.160;3.790;1.110;1.430;1.400;0.000
2021-02-15;4.360;2.290;1.710;1.150;0.000;0.000;0.000
2021-02-16;2.910;0.000;0.000;0.000;0.000;0.000;0.000
2021-02-17;0.000;0.000;0.000;0.000;0.000;1.520;1.670
2021-02-18;0.000;0.000;0.000;0.000;3.400;12.220;0.000
2021-02-19;0.000;0.000;3.720;2.930;9.370;1.420;0.000
2021-02-20;0.000;0.000;0.000;6.220;2.160;0.000;0.000
2021-02-21;0.000;0.000;6.600;8.160;0.000;0.000;3.360
2021-02-22;0.000;0.000;9.990;16.380;11.410;12.170;4.330
2021-02-23;0.000;14.030;3.190;12.810;12.070;10.730;3.770
2021-02-24;20.200;16.620;7.220;9.590;1.120;6.870;5.220
2021-02-25;9.950;9.460;5.880;1.410;4.670;5.470;3.990
2021-02-26;12.940;3.280;2.780;3.470;1.030;7.420;5.680
2021-02-27;7.210;0.000;0.000;0.000;1.580;1.060;3.860
2021-02-28;0.000;0.000;0.000;0.000;10.610;9.900;4.770
2021-03-01;2.700;0.000;0.000;6.680;9.970;8.240;2.560
2021-03-02;0.000;0.000;5.030;19.840;15.390;4.120;0.000
2021-03-03;8.130;8.100;10.210;1.520;1.720;1.010;0.000
2021-03-04;10.490;13.320;9.450;12.000;0.000;6.800;0.000
2021-03-05;11.870;22.700;3.960;0.000;5.830;2.010;1.050
2021-03-06;5.210;6.970;1.470;0.000;3.020;0.000;3.640
2021-03-07;0.000;0.000;3.900;4.570;0.000;0.000;0.000
2021-03-08;0.000;1.410;3.620;0.000;0.000;0.000;6.770
2021-03-09;0.000;0.000;0.000;0.000;8.370;8.110;5.090
2021-03-10;0.000;1.680;2.840;5.250;6.790;15.130;6.820
2021-03-11;2.310;2.520;4.830;0.000;0.000;0.000;1.610
2021-03-12;2.030;0.000;5.180;1.170;1.920;2.630;3.840
2021-03-13;2.080;0.000;2.520;2.630;6.320;7.120;0.000
2021-03-14;2.220;4.380;1.190;0.000;0.000;0.000;0.000
2021-03-15;3.610;4.470;3.020;1.950;2.040;2.240;9.870
2021-03-16;0.000;0.000;0.000;0.000;0.000;0.000;0.000
2021-03-17;4.350;2.890;0.000;0.000;0.000;0.000;0.000
2021-03-18;10.870;0.000;0.000;0.000;0.000;0.000;0.000
2021-03-19;0.000;0.000;0.000;0.000;0.000;0.000;3.250
2021-03-20;0.000;0.000;0.000;0.000;1.050;1.420;1.680
2021-03-21;0.000;0.000;0.000;0.000;1.990;1.260;0.000
2021-03-22;0.000;0.000;1.390;2.980;0.000;0.000;0.000
2021-03-23;0.000;0.000;0.000;0.000;0.000;0.000;6.080
2021-03-24;0.000;0.000;0.000;0.000;4.210;4.840;9.080
2021-03-25;0.000;0.000;1.210;3.090;6.550;0.000;0.000
2021-03-26;0.000;0.000;2.520;9.360;8.490;0.000;0.000
2021-03-27;1.430;1.410;5.950;3.910;0.000;0.000;0.000
2021-03-28;0.000;4.690;1.690;0.000;0.000;0.000;0.000
2021-03-29;6.170;0.000;0.000;0.000;0.000;0.000;0.000
2021-03-30;0.000;0.000;0.000;0.000;0.000;0.000;15.690
2021-03-31;0.000;0.000;0.000;0.000;0.000;13.050;1.260
2021-04-01;0.000;0.000;0.000;0.000;20.660;7.900;0.000
2021-04-02;0.000;0.000;0.000;12.750;12.440;1.720;5.990
2021-04-03;0.000;0.000;0.000;1.040;0.000;0.000;0.000
2021-04-04;0.000;0.000;0.000;0.000;0.000;0.000;0.000
2021-04-05;8.790;0.000;0.000;0.000;0.000;0.000;7.180
2021-04-06;0.000;0.000;0.000;0.000;0.000;0.000;0.000
2021-04-07;0.000;0.000;0.000;0.000;0.000;0.000;3.270
2021-04-08;0.000;0.000;0.000;0.000;0.000;0.000;4.110
2021-04-09;0.000;0.000;0.000;0.000;0.000;1.100;0.000
2021-04-10;0.000;0.000;0.000;0.000;0.000;0.000;3.050
2021-04-11;0.000;0.000;0.000;0.000;0.000;0.000;7.760
2021-04-12;0.000;0.000;0.000;0.000;1.150;2.280;0.000
2021-04-13;0.000;0.000;0.000;5.650;5.010;0.000;0.000
2021-04-14;0.000;0.000;3.450;4.070;3.550;0.000;0.000
2021-04-15;0.000;4.240;4.260;0.000;0.000;0.000;0.000
2021-04-16;3.190;3.500;0.000;0.000;0.000;0.000;0.000
2021-04-17;0.000;0.000;0.000;0.000;0.000;0.000;0.000
2021-04-18;0.000;0.000;0.000;0.000;0.000;0.000;0.000
2021-04-19;0.000;0.000;0.000;0.000;0.000;0.000;0.000
2021-04-20;0.000;0.000;0.000;0.000;0.000;4.290;0.000
2021-04-21;0.000;0.000;0.000;0.000;0.000;2.690;0.000
2021-04-22;0.000;0.000;0.000;0.000;1.270;0.000;0.000
2021-04-23;0.000;0.000;0.000;3.290;0.000;0.000;0.000
2021-04-24;0.000;0.000;3.370;0.000;0.000;0.000;0.000
2021-04-25;0.000;1.540;0.000;0.000;0.000;0.000;0.000
2021-04-26;1.200;0.000;0.000;0.000;0.000;0.000;0.000
2021-04-27;0.000;0.000;0.000;0.000;0.000;0.000;0.000
2021-04-28;0.000;0.000;0.000;0.000;0.000;0.000;0.000
2021-04-29;0.000;0.000;0.000;0.000;0.000;0.000;0.000
2021-04-30;0.000;0.000;0.000;0.000;0.000;0.000;0.000
2021-05-01;0.000;0.000;0.000;0.000;0.000;0.000;0.000
2021-05-02;0.000;0.000;0.000;0.000;0.000;0.000;0.000
2021-05-03;0.000;0.000;0.000;0.000;0.000;0.000;0.000
2021-05-04;0.000;0.000;0.000;0.000;0.000;0.000;0.000
2021-05-05;0.000;0.000;0.000;0.000;0.000;0.000;0.000
2021-05-06;0.000;0.000;0.000;0.000;0.000;0.000;0.000
2021-05-07;0.000;0.000;0.000;0.000;0.000;0.000;0.000
2021-05-08;0.000;0.000;0.000;3.780;3.340;0.000;0.000
2021-05-09;0.000;0.000;0.000;2.610;0.000;0.000;0.000
2021-05-10;0.000;0.000;4.230;0.000;0.000;0.000;0.000
2021-05-11;0.000;1.630;0.000;1.150;0.000;0.000;0.000
2021-05-12;1.970;0.000;1.990;0.000;0.000;0.000;0.000
2021-05-13;0.000;2.300;0.000;0.000;0.000;0.000;0.000
2021-05-14;0.000;0.000;0.000;0.000;0.000;0.000;0.000
2021-05-15;0.000;0.000;0.000;0.000;0.000;0.000;0.000
2021-05-16;0.000;0.000;0.000;0.000;0.000;0.000;0.000
2021-05-17;0.000;0.000;0.000;0.000;1.180;1.630;0.000
2021-05-18;0.000;0.000;0.000;0.000;2.850;0.000;1.910
2021-05-19;0.000;0.000;0.000;0.000;0.000;0.000;10.530
2021-05-20;0.000;0.000;7.450;0.000;0.000;5.890;1.900
2021-05-21;0.000;4.470;0.000;0.000;7.470;1.590;1.330
2021-05-22;2.320;0.000;0.000;3.090;1.850;0.000;0.000
2021-05-23;0.000;0.000;1.070;2.270;0.000;1.840;9.550
2021-05-24;0.000;1.240;3.340;0.000;0.000;0.000;10.290
2021-05-25;0.000;0.000;0.000;1.430;1.650;6.230;2.840
2021-05-26;0.000;0.000;1.480;0.000;1.470;7.480;6.570
2021-05-27;0.000;0.000;1.270;0.000;1.980;0.000;0.000
2021-05-28;0.000;1.250;0.000;0.000;2.210;1.350;0.000
2021-05-29;4.360;6.820;0.000;0.000;0.000;0.000;0.000
2021-05-30;1.700;0.000;0.000;0.000;0.000;0.000;0.000
2021-05-31;0.000;0.000;0.000;0.000;0.000;0.000;0.000
2021-06-01;0.000;0.000;0.000;0.000;0.000;0.000;4.140
2021-06-02;0.000;0.000;0.000;0.000;0.000;2.910;0.000
2021-06-03;0.000;0.000;0.000;0.000;1.770;9.950;11.480
2021-06-04;0.000;0.000;0.000;6.420;7.760;0.000;0.000
2021-06-05;0.000;1.390;8.430;5.540;0.000;0.000;0.000
2021-06-06;9.440;3.340;2.450;14.620;8.790;0.000;0.000
2021-06-07;0.000;0.000;11.390;8.050;0.000;0.000;0.000
2021-06-08;0.000;12.260;10.120;0.000;0.000;0.000;0.000
2021-06-09;12.600;0.000;0.000;0.000;0.000;0.000;0.000
2021-06-10;0.000;0.000;0.000;0.000;0.000;0.000;0.000
2021-06-11;0.000;0.000;0.000;0.000;0.000;0.000;0.000
2021-06-12;0.000;0.000;0.000;0.000;0.000;4.320;14.660
2021-06-13;0.000;0.000;0.000;0.000;0.000;16.500;0.000
2021-06-14;0.000;0.000;0.000;0.000;0.000;0.000;0.000
2021-06-15;0.000;0.000;0.000;0.000;0.000;0.000;0.000
2021-06-16;0.000;0.000;0.000;0.000;0.000;0.000;0.000
2021-06-17;0.000;0.000;0.000;0.000;0.000;0.000;0.000
2021-06-18;0.000;0.000;0.000;0.000;0.000;0.000;0.000
2021-06-19;0.000;0.000;8.190;0.000;0.000;0.000;0.000
2021-06-20;0.000;1.850;0.000;0.000;0.000;0.000;0.000
2021-06-21;9.320;0.000;0.000;0.000;0.000;0.000;0.000
2021-06-22;0.000;0.000;0.000;0.000;0.000;0.000;0.000
2021-06-23;0.000;0.000;0.000;0.000;0.000;0.000;0.000
2021-06-24;0.000;0.000;0.000;0.000;0.000;0.000;0.000
2021-06-25;0.000;0.000;0.000;0.000;0.000;0.000;0.000
2021-06-26;0.000;0.000;0.000;0.000;0.000;0.000;0.000
2021-06-27;0.000;0.000;0.000;0.000;0.000;0.000;0.000
2021-06-28;0.000;0.000;0.000;0.000;0.000;0.000;0.000
2021-06-29;0.000;0.000;0.000;0.000;0.000;0.000;0.000
2021-06-30;0.000;0.000;0.000;0.000;0.000;0.000;0.000
2021-07-01;0.000;0.000;0.000;0.000;0.000;0.000;0.000
2021-07-02;0.000;0.000;0.000;0.000;0.000;0.000;0.000
2021-07-03;0.000;0.000;0.000;0.000;0.000;0.000;0.000
2021-07-04;0.000;0.000;0.000;0.000;0.000;0.000;0.000
2021-07-05;0.000;0.000;0.000;0.000;0.000;0.000;0.000
2021-07-06;0.000;0.000;0.000;0.000;0.000;0.000;0.000
2021-07-07;0.000;0.000;0.000;0.000;0.000;0.000;0.000
2021-07-08;0.000;0.000;0.000;0.000;0.000;0.000;0.000
2021-07-09;0.000;0.000;0.000;0.000;0.000;0.000;0.000
2021-07-10;0.000;0.000;0.000;0.000;0.000;0.000;0.000
2021-07-11;0.000;0.000;0.000;0.000;0.000;0.000;0.000
2021-07-12;0.000;0.000;0.000;0.000;0.000;0.000;0.000
2021-07-13;0.000;0.000;0.000;0.000;0.000;0.000;0.000
2021-07-14;0.000;0.000;0.000;1.110;0.000;0.000;0.000
2021-07-15;0.000;0.000;1.450;0.000;0.000;0.000;0.000
2021-07-16;2.500;0.000;0.000;0.000;0.000;0.000;0.000
2021-07-17;0.000;0.000;0.000;0.000;0.000;0.000;0.000
2021-07-18;0.000;0.000;0.000;0.000;0.000;0.000;0.000
2021-07-19;0.000;0.000;0.000;0.000;0.000;0.000;0.000
2021-07-20;0.000;0.000;0.000;0.000;0.000;0.000;0.000
2021-07-21;0.000;0.000;0.000;0.000;0.000;0.000;2.360
2021-07-22;0.000;0.000;0.000;0.000;0.000;2.300;9.770
2021-07-23;0.000;0.000;0.000;0.000;2.480;2.490;0.000
2021-07-24;0.000;0.000;0.000;0.000;0.000;0.000;0.000
2021-07-25;0.000;0.000;3.100;0.000;0.000;0.000;0.000
2021-07-26;0.000;1.600;0.000;0.000;0.000;0.000;0.000
2021-07-27;9.770;0.000;0.000;0.000;0.000;0.000;0.000
2021-07-28;0.000;0.000;0.000;0.000;0.000;0.000;0.000
2021-07-29;0.000;0.000;0.000;0.000;0.000;0.000;0.000
2021-07-30;0.000;0.000;0.000;0.000;0.000;0.000;0.000
2021-07-31;0.000;0.000;0.000;0.000;0.000;0.000;0.000
2021-08-01;0.000;0.000;0.000;0.000;0.000;0.000;0.000
2021-08-02;0.000;0.000;0.000;0.000;0.000;0.000;0.000
2021-08-03;0.000;0.000;0.000;0.000;0.000;0.000;0.000
2021-08-04;0.000;0.000;0.000;0.000;0.000;0.000;0.000
2021-08-05;0.000;0.000;0.000;0.000;0.000;0.000;0.000
2021-08-06;0.000;0.000;0.000;0.000;0.000;0.000;0.000
2021-08-07;0.000;0.000;0.000;0.000;0.000;0.000;0.000
2021-08-08;0.000;0.000;0.000;0.000;0.000;0.000;0.000
2021-08-09;0.000;0.000;0.000;0.000;0.000;0.000;0.000
2021-08-10;0.000;0.000;0.000;0.000;0.000;0.000;0.000
2021-08-11;0.000;0.000;0.000;0.000;0.000;0.000;0.000
2021-08-12;0.000;1.060;0.000;0.000;0.000;0.000;0.000
2021-08-13;0.000;0.000;0.000;0.000;0.000;0.000;0.000
2021-08-14;0.000;0.000;0.000;0.000;0.000;0.000;0.000
2021-08-15;1.170;0.000;0.000;0.000;0.000;0.000;0.000
2021-08-16;0.000;0.000;0.000;0.000;0.000;0.000;0.000
2021-08-17;0.000;0.000;0.000;0.000;0.000;0.000;0.000
2021-08-18;0.000;0.000;0.000;0.000;0.000;0.000;0.000
2021-08-19;0.000;0.000;0.000;0.000;0.000;0.000;0.000
2021-08-20;0.000;0.000;0.000;0.000;0.000;0.000;0.000
2021-08-21;0.000;0.000;0.000;0.000;0.000;0.000;0.000
2021-08-22;0.000;0.000;0.000;0.000;0.000;0.000;0.000
2021-08-23;0.000;0.000;0.000;0.000;0.000;0.000;7.000
2021-08-24;0.000;0.000;0.000;0.000;0.000;5.390;3.630
2021-08-25;0.000;0.000;0.000;0.000;0.000;0.000;0.000
2021-08-26;0.000;0.000;0.000;0.000;0.000;0.000;0.000
2021-08-27;3.830;0.000;0.000;0.000;0.000;0.000;0.000
2021-08-28;2.180;2.780;0.000;0.000;0.000;0.000;0.000
2021-08-29;0.000;0.000;0.000;0.000;0.000;0.000;0.000
2021-08-30;0.000;0.000;0.000;0.000;0.000;0.000;0.000
2021-08-31;0.000;0.000;0.000;0.000;0.000;0.000;0.000
2021-09-01;0.000;0.000;0.000;0.000;0.000;0.000;0.000
2021-09-02;0.000;0.000;0.000;0.000;0.000;0.000;0.000
2021-09-03;0.000;0.000;0.000;0.000;0.000;0.000;0.000
2021-09-04;0.000;0.000;0.000;0.000;0.000;6.200;0.000
2021-09-05;0.000;0.000;0.000;0.000;7.250;5.980;0.000
2021-09-06;0.000;0.000;0.000;8.350;5.520;0.000;0.000
2021-09-07;0.000;0.000;2.130;4.600;0.000;0.000;0.000
2021-09-08;0.000;3.230;3.490;0.000;0.000;0.000;0.000
2021-09-09;12.120;0.000;0.000;0.000;0.000;0.000;0.000
2021-09-10;0.000;0.000;0.000;0.000;0.000;0.000;0.000
2021-09-11;0.000;0.000;0.000;0.000;0.000;0.000;2.050
2021-09-12;0.000;0.000;0.000;0.000;0.000;0.000;0.000
2021-09-13;0.000;0.000;0.000;0.000;0.000;0.000;0.000
2021-09-14;0.000;0.000;0.000;0.000;0.000;0.000;0.000
2021-09-15;0.000;0.000;0.000;0.000;0.000;0.000;0.000
2021-09-16;3.770;0.000;0.000;0.000;0.000;0.000;0.000
2021-09-17;0.000;0.000;0.000;0.000;0.000;0.000;0.000
2021-09-18;0.000;0.000;0.000;0.000;0.000;0.000;1.470
2021-09-19;0.000;0.000;0.000;0.000;0.000;0.000;1.380
2021-09-20;0.000;0.000;0.000;0.000;1.210;0.000;0.000
2021-09-21;0.000;0.000;0.000;0.000;0.000;0.000;0.000
2021-09-22;0.000;0.000;1.590;1.060;0.000;0.000;0.000
2021-09-23;0.000;0.000;0.000;0.000;0.000;0.000;0.000
2021-09-24;4.090;2.250;0.000;0.000;0.000;0.000;4.460
2021-09-25;0.000;0.000;0.000;0.000;0.000;0.000;0.000
2021-09-26;0.000;0.000;0.000;0.000;0.000;0.000;0.000
2021-09-27;0.000;0.000;0.000;0.000;1.790;12.230;14.130
2021-09-28;0.000;0.000;0.000;0.000;2.880;22.130;0.000
2021-09-29;0.000;3.290;2.520;1.440;0.000;0.000;0.000
2021-09-30;5.920;5.810;1.410;0.000;0.000;0.000;0.000
2021-10-01;2.950;2.520;0.000;0.000;5.440;0.000;1.560
2021-10-02;6.970;1.920;0.000;2.120;6.850;0.000;0.000
2021-10-03;5.960;0.000;1.340;0.000;12.070;27.150;20.370
2021-10-04;0.000;6.140;2.130;12.860;12.780;36.470;0.000
2021-10-05;2.510;5.940;1.580;6.230;23.520;13.850;1.230
2021-10-06;0.000;0.000;6.750;40.070;15.250;0.000;0.000
2021-10-07;0.000;7.820;19.140;2.010;0.000;0.000;20.400
2021-10-08;19.200;8.560;3.220;2.530;0.000;8.550;5.120
2021-10-09;15.110;0.000;2.850;0.000;5.570;17.950;3.190
2021-10-10;1.560;3.260;0.000;0.000;12.730;4.450;5.620
2021-10-11;6.520;0.000;1.730;9.740;6.460;5.410;1.240
2021-10-12;0.000;6.720;5.660;7.010;5.560;2.130;0.000
2021-10-13;0.000;0.000;5.960;9.190;6.640;1.080;0.000
2021-10-14;0.000;4.670;1.600;3.210;0.000;0.000;0.000
2021-10-15;6.990;0.000;15.450;14.440;15.310;0.000;0.000
2021-10-16;0.000;20.770;16.440;20.300;0.000;0.000;0.000
2021-10-17;11.720;17.620;2.290;0.000;0.000;0.000;35.140
2021-10-18;4.890;4.360;0.000;0.000;0.000;24.070;0.000
2021-10-19;5.210;0.000;0.000;0.000;24.720;0.000;2.760
2021-10-20;0.000;0.000;0.000;27.390;2.060;2.600;10.780
2021-10-21;0.000;0.000;11.000;8.740;2.840;2.240;5.790
2021-10-22;0.000;11.370;5.420;3.910;12.000;8.490;12.220
2021-10-23;15.300;0.000;2.030;5.780;10.000;3.660;0.000
2021-10-24;0.000;5.080;6.800;5.680;9.690;0.000;1.410
2021-10-25;0.000;13.050;7.160;0.000;0.000;0.000;27.770
2021-10-26;6.280;2.090;1.050;0.000;2.620;7.100;0.000
2021-10-27;10.160;4.160;2.620;2.540;0.000;0.000;0.000
2021-10-28;0.000;2.260;1.750;6.250;0.000;0.000;0.000
2021-10-29;3.470;2.050;3.340;0.000;0.000;0.000;0.000
2021-10-30;2.260;9.190;0.000;0.000;0.000;0.000;0.000
2021-10-31;6.680;0.000;0.000;0.000;0.000;0.000;0.000
2021-11-01;0.000;0.000;0.000;0.000;0.000;2.240;6.490
2021-11-02;0.000;0.000;0.000;0.000;7.300;1.260;0.000
2021-11-03;0.000;0.000;0.000;0.000;6.670;2.590;6.930
2021-11-04;0.000;0.000;0.000;6.210;3.880;0.000;0.000
2021-11-05;0.000;0.000;11.160;2.640;0.000;0.000;15.880
2021-11-06;0.000;4.460;0.000;0.000;0.000;3.420;0.000
2021-11-07;0.000;4.920;0.000;0.000;0.000;0.000;0.000
2021-11-08;0.000;0.000;2.270;3.400;0.000;0.000;0.000
2021-11-09;1.080;5.490;0.000;0.000;0.000;0.000;0.000
2021-11-10;3.030;0.000;0.000;0.000;0.000;0.000;0.000
2021-11-11;0.000;0.000;0.000;0.000;0.000;0.000;8.280
2021-11-12;0.000;0.000;0.000;0.000;0.000;0.000;7.340
2021-11-13;0.000;0.000;0.000;0.000;0.000;3.360;21.640
2021-11-14;0.000;0.000;0.000;10.780;32.840;0.000;0.000
2021-11-15;0.000;0.000;9.290;37.590;0.000;0.000;0.000
2021-11-16;0.000;8.410;11.660;0.000;0.000;0.000;0.000
2021-11-17;5.520;6.010;0.000;0.000;0.000;0.000;0.000
2021-11-18;11.400;0.000;0.000;0.000;0.000;0.000;0.000
2021-11-19;0.000;0.000;0.000;0.000;0.000;0.000;1.730
2021-11-20;0.000;0.000;0.000;0.000;0.000;13.340;0.000
2021-11-21;0.000;0.000;0.000;4.390;6.510;1.480;0.000
2021-11-22;0.000;0.000;0.000;0.000;0.000;0.000;0.000
2021-11-23;0.000;2.010;1.850;0.000;0.000;0.000;5.960
2021-11-24;4.780;2.080;1.600;0.000;0.000;14.930;0.000
2021-11-25;8.440;3.160;0.000;0.000;9.250;0.000;0.000
2021-11-26;1.890;0.000;0.000;16.480;0.000;0.000;0.000
2021-11-27;0.000;0.000;27.410;0.000;0.000;0.000;0.000
2021-11-28;0.000;21.130;0.000;0.000;0.000;0.000;0.000
2021-11-29;5.350;0.000;0.000;0.000;0.000;0.000;7.820
2021-11-30;1.620;0.000;0.000;0.000;0.000;9.630;11.910
2021-12-01;1.540;5.770;0.000;0.000;17.720;3.370;1.140
2021-12-02;1.670;0.000;3.430;19.810;0.000;0.000;0.000
2021-12-03;0.000;3.580;22.860;0.000;0.000;0.000;0.000
2021-12-04;3.840;11.710;0.000;3.900;0.000;0.000;0.000
2021-12-05;1.170;0.000;2.000;0.000;0.000;0.000;0.000
2021-12-06;1.490;3.230;0.000;0.000;0.000;0.000;10.710
2021-12-07;0.000;0.000;0.000;0.000;2.210;9.900;15.180
2021-12-09;0.000;0.000;2.660;9.690;20.910;15.060;19.670
2021-12-11;3.370;15.540;5.190;12.070;15.350;5.800;0.000
2021-12-12;4.720;17.980;26.150;2.790;5.180;0.000;0.000
2021-12-13;5.750;4.580;9.950;12.740;0.000;0.000;0.000
2021-12-14;6.850;8.210;0.000;0.000;0.000;0.000;1.360
2021-12-15;14.350;3.730;0.000;0.000;0.000;0.000;28.840
2021-12-16;26.170;0.000;0.000;0.000;0.000;0.000;28.550
2021-12-17;0.000;0.000;0.000;0.000;1.770;28.540;8.050
2021-12-18;0.000;0.000;0.000;0.000;8.800;0.000;0.000
2021-12-19;0.000;0.000;7.860;0.000;0.000;0.000;0.000
2021-12-20;0.000;7.730;0.000;0.000;0.000;0.000;2.980
2021-12-21;5.960;4.160;0.000;0.000;0.000;1.810;7.220
2021-12-22;1.810;0.000;0.000;0.000;4.480;3.470;0.000
2021-12-23;0.000;0.000;0.000;5.290;8.340;0.000;0.000
2021-12-24;0.000;0.000;10.230;8.190;0.000;0.000;7.140
2021-12-25;0.000;14.770;15.880;1.870;0.000;11.320;33.740
2021-12-26;5.080;11.990;5.070;1.750;27.970;5.120;8.400
2021-12-27;12.480;14.470;7.020;29.450;6.730;3.990;12.550
2021-12-28;6.620;11.200;8.850;11.820;3.720;0.000;5.740
2021-12-29;1.370;7.050;5.280;4.160;9.570;5.010;13.060
2021-12-30;15.150;7.320;4.620;6.730;10.440;6.550;18.180
2022-01-01;7.590;11.370;8.050;7.600;13.060;1.670;18.140
2022-01-02;12.140;8.580;14.400;15.830;15.430;4.470;9.390
2022-01-03;8.340;2.640;17.150;0.000;1.650;0.000;4.730
2022-01-04;7.960;8.410;0.000;0.000;4.630;10.220;7.900
2022-01-05;17.220;1.140;3.440;3.350;2.670;12.330;2.610
2022-01-06;1.370;0.000;0.000;6.710;4.630;3.750;6.710
2022-01-07;0.000;0.000;1.720;2.720;5.080;7.760;8.840
2022-01-08;2.190;4.010;4.960;6.750;3.660;0.000;0.000
2022-01-09;4.480;15.290;18.090;4.430;0.000;0.000;0.000
2022-01-10;3.260;5.770;3.560;0.000;0.000;7.890;2.340
2022-01-11;9.430;5.660;0.000;0.000;4.300;1.280;2.440
2022-01-12;3.690;2.870;0.000;5.330;4.000;3.490;2.170
2022-01-13;3.540;6.760;5.010;5.090;8.430;0.000;0.000
2022-01-14;5.070;14.910;6.460;11.550;5.490;7.230;9.510
2022-01-15;3.530;4.770;7.020;3.330;4.720;0.000;3.000
2022-01-16;3.500;4.450;5.410;4.560;5.470;8.370;9.260
2022-01-17;1.020;8.310;5.030;8.990;7.820;1.680;3.650
2022-01-18;7.880;7.670;0.000;4.670;3.720;4.360;4.180
2022-01-19;0.000;0.000;0.000;0.000;0.000;0.000;0.000
2022-01-20;0.000;0.000;0.000;0.000;2.110;1.180;0.000
2022-01-21;0.000;0.000;0.000;6.790;6.050;0.000;9.040
2022-01-22;0.000;0.000;3.550;5.890;4.690;5.540;9.370
2022-01-23;0.000;2.520;3.170;0.000;8.880;17.200;21.640
2022-01-24;0.000;1.710;4.220;5.690;18.000;28.720;5.350
2022-01-25;6.490;3.210;4.350;6.810;18.510;8.770;2.240
2022-01-26;6.770;21.160;18.060;26.260;16.580;3.650;0.000
2022-01-27;11.000;25.730;17.220;25.610;6.480;5.690;2.710
2022-01-28;26.380;32.680;45.920;3.980;0.000;0.000;0.000
2022-01-29;45.360;40.510;4.980;0.000;0.000;0.000;0.000
2022-01-30;21.070;9.960;12.490;0.000;7.490;8.100;6.510
2022-02-01;5.080;3.890;3.820;6.940;5.590;6.700;15.720
2022-02-02;14.060;2.380;1.940;11.460;7.740;30.750;11.460
2022-02-03;1.450;26.810;17.000;17.010;20.380;0.000;0.000
2022-02-04;5.030;9.750;6.600;0.000;0.000;0.000;0.000
2022-02-05;13.080;2.760;0.000;0.000;0.000;0.000;0.000
2022-02-06;9.900;0.000;0.000;0.000;4.810;3.450;5.660
2022-02-07;2.690;0.000;0.000;2.740;0.000;0.000;0.000
2022-02-08;0.000;0.000;1.320;0.000;0.000;1.080;4.790
2022-02-09;0.000;0.000;0.000;0.000;0.000;3.270;3.430
2022-02-10;2.040;0.000;0.000;0.000;2.010;5.230;2.640
2022-02-11;0.000;0.000;0.000;5.690;2.250;2.590;9.230
2022-02-12;0.000;0.000;5.440;0.000;0.000;4.630;5.940
2022-02-13;0.000;3.380;0.000;0.000;4.110;0.000;9.820
2022-02-14;4.440;0.000;0.000;0.000;2.270;15.030;1.490
2022-02-15;0.000;5.390;0.000;1.260;14.520;3.860;2.180
2022-02-16;10.820;0.000;4.710;3.390;5.460;7.640;5.310
2022-02-17;1.760;0.000;4.020;2.840;0.000;1.460;1.400
2022-02-18;0.000;0.000;0.000;0.000;0.000;2.550;2.910
2022-02-19;1.650;10.790;7.120;2.800;5.860;1.940;5.790
2022-02-20;2.050;0.000;5.100;4.860;3.400;2.940;1.980
2022-02-21;0.000;0.000;1.830;0.000;0.000;5.040;1.690
2022-02-22;6.690;7.080;0.000;0.000;1.960;2.980;8.020
2022-02-23;5.790;0.000;0.000;1.560;1.430;3.310;0.000
2022-02-24;0.000;0.000;0.000;0.000;4.120;0.000;0.000
2022-02-25;0.000;0.000;2.020;0.000;0.000;0.000;2.090
2022-02-26;0.000;0.000;0.000;0.000;1.720;2.350;1.180
2022-02-27;1.830;2.170;0.000;0.000;2.530;2.700;0.000
2022-03-01;0.000;0.000;0.000;2.860;0.000;0.000;2.770
2022-03-02;0.000;1.210;1.370;1.190;0.000;5.120;3.930
2022-03-03;0.000;0.000;2.310;0.000;0.000;0.000;0.000
2022-03-04;0.000;2.050;0.000;0.000;0.000;0.000;1.220
2022-03-05;6.480;0.000;1.440;0.000;6.800;4.890;9.970
2022-03-06;2.430;0.000;0.000;1.150;10.490;4.240;2.810
2022-03-07;0.000;0.000;1.260;4.910;0.000;8.550;13.220
2022-03-08;0.000;0.000;4.650;6.350;12.340;13.340;6.020
2022-03-09;0.000;8.670;9.160;10.430;9.840;0.000;5.390
2022-03-10;5.250;9.190;8.890;6.800;3.560;0.000;3.100
2022-03-11;5.290;43.530;19.620;2.180;6.440;1.300;1.320
2022-03-12;6.030;3.970;17.410;10.270;8.400;1.770;0.000
2022-03-13;8.910;7.960;7.680;1.840;0.000;0.000;11.880
2022-03-14;7.150;2.170;1.520;0.000;3.810;2.920;0.000
2022-03-15;1.430;0.000;0.000;2.060;7.280;0.000;0.000
2022-03-16;0.000;2.420;7.680;28.180;0.000;0.000;0.000
2022-03-17;1.380;6.610;18.330;0.000;0.000;0.000;1.200
2022-03-18;0.000;14.670;0.000;0.000;0.000;0.000;1.160
2022-03-19;8.890;0.000;0.000;0.000;0.000;0.000;0.000
2022-03-20;0.000;0.000;0.000;0.000;0.000;0.000;2.330
2022-03-21;0.000;0.000;0.000;0.000;0.000;7.080;8.200
2022-03-22;0.000;0.000;0.000;0.000;15.200;15.380;2.410
2022-03-23;0.000;0.000;0.000;13.220;5.330;7.150;3.860
2022-03-24;0.000;2.500;7.820;2.700;3.810;2.120;14.750
2022-03-25;3.520;10.810;5.190;2.740;0.000;3.320;0.000
2022-03-26;13.970;6.330;3.240;0.000;7.470;1.310;0.000
2022-03-27;1.770;1.670;0.000;3.060;0.000;2.110;5.170
2022-03-28;1.580;0.000;2.950;5.060;0.000;2.020;5.430
2022-03-29;0.000;1.810;1.270;0.000;0.000;0.000;3.750
2022-03-30;0.000;0.000;1.560;0.000;0.000;0.000;1.280
2022-04-01;1.530;0.000;4.300;7.130;0.000;0.000;0.000
2022-04-02;0.000;2.980;10.840;2.510;1.500;2.270;4.100
2022-04-03;3.160;7.610;0.000;1.150;4.900;5.120;4.410
2022-04-04;1.830;0.000;1.650;9.860;3.170;1.590;7.850
2022-04-05;0.000;0.000;9.110;7.020;1.590;3.910;0.000
2022-04-06;0.000;6.170;7.060;4.220;0.000;0.000;1.530
2022-04-07;11.720;2.300;0.000;2.150;6.620;0.000;3.100
2022-04-08;8.690;0.000;3.740;3.680;2.510;22.870;0.000
2022-04-09;0.000;0.000;0.000;2.160;11.880;0.000;0.000
2022-04-10;0.000;1.740;4.720;6.010;0.000;0.000;0.000
2022-04-11;2.470;3.970;12.800;0.000;0.000;0.000;0.000
2022-04-12;3.620;2.940;0.000;0.000;0.000;0.000;5.330
2022-04-13;1.020;0.000;0.000;0.000;0.000;1.360;0.000
2022-04-14;0.000;0.000;0.000;0.000;0.000;0.000;0.000
2022-04-15;0.000;0.000;0.000;0.000;0.000;0.000;0.000
2022-04-16;0.000;0.000;0.000;0.000;0.000;0.000;0.000
2022-04-17;0.000;0.000;0.000;0.000;0.000;0.000;0.000
2022-04-18;0.000;0.000;0.000;0.000;0.000;0.000;0.000
2022-04-19;0.000;0.000;0.000;0.000;0.000;0.000;0.000
2022-04-20;0.000;0.000;0.000;0.000;0.000;0.000;0.000
2022-04-21;0.000;0.000;0.000;0.000;0.000;0.000;0.000
2022-04-22;0.000;0.000;0.000;0.000;0.000;0.000;0.000
2022-04-23;0.000;0.000;0.000;0.000;0.000;0.000;0.000
2022-04-24;0.000;0.000;0.000;0.000;0.000;0.000;0.000
2022-04-25;0.000;0.000;0.000;0.000;0.000;0.000;0.000
2022-04-26;0.000;0.000;0.000;0.000;0.000;0.000;0.000
2022-04-27;0.000;0.000;2.360;0.000;0.000;0.000;0.000
2022-04-28;0.000;0.000;0.000;0.000;0.000;0.000;0.000
2022-04-29;0.000;0.000;0.000;0.000;0.000;0.000;0.000
2022-05-01;10.330;0.000;1.680;0.000;0.000;0.000;0.000
2022-05-03;1.470;0.000;0.000;0.000;0.000;0.000;0.000
2022-05-04;0.000;0.000;0.000;0.000;0.000;0.000;0.000
2022-05-05;0.000;0.000;0.000;0.000;0.000;0.000;0.000
2022-05-06;0.000;0.000;0.000;0.000;0.000;0.000;0.000
2022-05-07;0.000;0.000;0.000;0.000;0.000;0.000;3.070
2022-05-08;0.000;0.000;1.440;0.000;0.000;0.000;3.550
2022-05-09;0.000;0.000;0.000;0.000;0.000;4.310;0.000
2022-05-10;0.000;0.000;0.000;0.000;6.120;0.000;1.180
2022-05-11;0.000;0.000;0.000;6.130;0.000;0.000;0.000
2022-05-12;0.000;0.000;5.580;0.000;0.000;0.000;0.000
2022-05-13;0.000;2.940;2.540;0.000;0.000;0.000;0.000
2022-05-14;2.130;2.210;0.000;0.000;0.000;0.000;0.000
2022-05-15;2.760;0.000;0.000;0.000;0.000;0.000;0.000
2022-05-16;0.000;0.000;0.000;0.000;0.000;0.000;0.000
2022-05-17;0.000;0.000;0.000;0.000;0.000;0.000;0.000
2022-05-18;0.000;0.000;0.000;0.000;0.000;0.000;0.000
2022-05-19;0.000;0.000;0.000;0.000;0.000;0.000;0.000
2022-05-20;0.000;0.000;0.000;0.000;0.000;0.000;0.000
2022-05-21;0.000;0.000;0.000;0.000;0.000;0.000;0.000
2022-05-22;0.000;0.000;0.000;0.000;0.000;0.000;0.000
2022-05-23;0.000;0.000;0.000;0.000;0.000;0.000;0.000
2022-05-24;0.000;0.000;0.000;0.000;0.000;0.000;6.520
2022-05-25;0.000;0.000;0.000;0.000;0.000;7.440;4.540
2022-05-26;0.000;0.000;0.000;0.000;0.000;0.000;0.000
2022-05-27;0.000;0.000;0.000;0.000;0.000;0.000;0.000
2022-05-28;0.000;0.000;0.000;0.000;0.000;0.000;0.000
2022-05-29;0.000;0.000;0.000;0.000;0.000;0.000;0.000
2022-05-30;0.000;0.000;0.000;0.000;0.000;0.000;0.000
2022-05-31;0.000;0.000;0.000;0.000;0.000;0.000;1.570
2022-06-01;0.000;0.000;0.000;0.000;0.000;0.000;0.000
2022-06-02;0.000;0.000;0.000;0.000;0.000;2.860;0.000
2022-06-03;0.000;0.000;0.000;0.000;0.000;0.000;8.650
2022-06-04;0.000;0.000;0.000;1.750;0.000;3.160;0.000
2022-06-05;0.000;0.000;4.730;7.320;9.990;0.000;0.000
2022-06-06;0.000;5.800;0.000;10.550;0.000;0.000;0.000
2022-06-07;3.560;2.710;10.950;0.000;0.000;0.000;0.000
2022-06-08;5.300;29.090;0.000;0.000;0.000;0.000;0.000
2022-06-09;11.330;0.000;0.000;0.000;0.000;0.000;1.920
2022-06-10;0.000;0.000;0.000;0.000;0.000;0.000;0.000
2022-06-11;0.000;0.000;0.000;0.000;0.000;0.000;10.500
2022-06-12;0.000;0.000;0.000;0.000;0.000;8.020;0.000
2022-06-13;0.000;0.000;0.000;0.000;5.890;0.000;3.720
2022-06-14;0.000;0.000;0.000;8.150;0.000;6.150;1.860
2022-06-15;0.000;0.000;3.470;0.000;6.050;0.000;0.000
2022-06-16;0.000;2.050;3.730;6.390;0.000;0.000;0.000
2022-06-17;1.530;0.000;0.000;0.000;0.000;0.000;0.000
2022-06-18;0.000;16.480;0.000;0.000;0.000;0.000;0.000
2022-06-19;9.410;0.000;0.000;0.000;0.000;0.000;0.000
2022-06-20;0.000;0.000;0.000;0.000;0.000;0.000;0.000
2022-06-21;0.000;0.000;0.000;0.000;0.000;0.000;0.000
2022-06-22;0.000;0.000;0.000;0.000;0.000;0.000;0.000
2022-06-23;0.000;0.000;0.000;0.000;0.000;0.000;0.000
2022-06-24;0.000;0.000;0.000;0.000;0.000;0.000;0.000
2022-06-25;0.000;0.000;0.000;0.000;0.000;0.000;0.000
2022-06-26;0.000;0.000;0.000;0.000;0.000;0.000;0.000
2022-06-27;0.000;0.000;0.000;0.000;0.000;0.000;0.000
2022-06-28;0.000;0.000;0.000;0.000;0.000;0.000;0.000
2022-06-29;0.000;0.000;0.000;0.000;0.000;0.000;0.000
2022-06-30;0.000;0.000;0.000;0.000;0.000;0.000;0.000
2022-07-01;0.000;0.000;0.000;0.000;0.000;0.000;0.000
2022-07-02;0.000;0.000;0.000;0.000;0.000;0.000;0.000
2022-07-03;0.000;0.000;0.000;0.000;0.000;0.000;0.000
2022-07-04;0.000;0.000;0.000;0.000;0.000;0.000;0.000
2022-07-05;0.000;0.000;0.000;0.000;0.000;0.000;0.000
2022-07-06;0.000;0.000;0.000;0.000;0.000;0.000;0.000
2022-07-07;0.000;0.000;0.000;0.000;0.000;0.000;0.000
2022-07-08;0.000;0.000;0.000;0.000;0.000;0.000;0.000
2022-07-09;0.000;0.000;0.000;0.000;0.000;0.000;0.000
2022-07-10;0.000;0.000;0.000;0.000;0.000;0.000;0.000
2022-07-11;0.000;0.000;0.000;0.000;0.000;0.000;0.000
2022-07-12;0.000;0.000;0.000;0.000;0.000;0.000;0.000
2022-07-13;0.000;0.000;0.000;0.000;0.000;0.000;0.000
2022-07-14;0.000;0.000;0.000;0.000;0.000;0.000;0.000
2022-07-15;0.000;0.000;0.000;0.000;0.000;0.000;0.000
2022-07-16;0.000;0.000;0.000;0.000;0.000;0.000;0.000
2022-07-17;0.000;0.000;0.000;0.000;0.000;0.000;0.000
2022-07-18;0.000;0.000;0.000;0.000;0.000;0.000;0.000
2022-07-19;0.000;0.000;0.000;0.000;0.000;0.000;0.000
2022-07-20;0.000;0.000;0.000;0.000;0.000;0.000;0.000
2022-07-21;0.000;0.000;0.000;0.000;0.000;0.000;0.000
2022-07-22;0.000;0.000;0.000;0.000;0.000;0.000;2.340
2022-07-23;0.000;0.000;0.000;0.000;0.000;4.470;1.280
2022-07-24;0.000;0.000;0.000;0.000;3.820;0.000;0.000
2022-07-25;0.000;0.000;0.000;4.740;0.000;0.000;0.000
2022-07-26;0.000;0.000;2.570;0.000;0.000;0.000;0.000
2022-07-27;0.000;3.490;0.000;0.000;0.000;0.000;0.000
2022-07-28;3.960;0.000;0.000;0.000;0.000;0.000;0.000
2022-07-29;0.000;0.000;0.000;0.000;0.000;0.000;0.000
2022-07-30;0.000;0.000;0.000;0.000;0.000;0.000;0.000
2022-07-31;0.000;0.000;0.000;0.000;0.000;0.000;0.000
2022-08-01;0.000;0.000;0.000;0.000;0.000;0.000;0.000
2022-08-02;0.000;0.000;0.000;0.000;0.000;2.000;3.600
2022-08-03;0.000;0.000;0.000;0.000;0.000;3.390;2.530
2022-08-04;0.000;0.000;0.000;1.100;6.030;2.890;0.000
2022-08-05;0.000;0.000;3.220;1.740;6.580;0.000;0.000
2022-08-06;0.000;3.060;1.160;2.610;0.000;0.000;0.000
2022-08-07;7.660;2.950;11.190;0.000;0.000;0.000;0.000
2022-08-08;2.330;7.520;0.000;0.000;0.000;0.000;0.000
2022-08-09;5.210;0.000;0.000;0.000;0.000;0.000;0.000
2022-08-10;0.000;0.000;0.000;0.000;0.000;0.000;0.000
2022-08-11;0.000;0.000;0.000;0.000;0.000;1.880;0.000
2022-08-12;0.000;0.000;0.000;0.000;0.000;0.000;0.000
2022-08-13;0.000;0.000;0.000;0.000;2.470;1.210;0.000
2022-08-14;0.000;0.000;0.000;0.000;3.180;1.120;0.000
2022-08-15;0.000;0.000;0.000;5.630;7.890;0.000;0.000
2022-08-17;0.000;1.500;3.910;0.000;0.000;0.000;0.000
2022-08-19;0.000;0.000;0.000;0.000;0.000;0.000;0.000
2022-08-20;0.000;0.000;0.000;0.000;0.000;0.000;0.000
2022-08-21;0.000;0.000;0.000;0.000;0.000;0.000;0.000
2022-08-22;0.000;0.000;0.000;0.000;0.000;0.000;0.000
2022-08-24;0.000;0.000;0.000;0.000;0.000;0.000;0.000
2022-08-26;0.000;0.000;0.000;0.000;0.000;0.000;0.000
2022-08-27;0.000;0.000;0.000;0.000;0.000;0.000;3.500
2022-08-28;0.000;0.000;0.000;0.000;0.000;0.000;0.000
2022-08-29;0.000;0.000;0.000;0.000;0.000;0.000;0.000
2022-08-30;0.000;0.000;0.000;0.000;0.000;0.000;0.000
2022-09-01;0.000;0.000;4.160;4.520;8.000;4.480;0.000
2022-09-03;12.480;1.790;0.000;6.060;0.000;0.000;0.000
2022-09-05;0.000;1.000;0.000;0.000;0.000;0.000;0.000
2022-09-07;0.000;0.000;0.000;0.000;0.000;0.000;0.000
2022-09-09;0.000;0.000;0.000;0.000;4.980;16.800;0.000
2022-09-11;6.210;0.000;11.050;9.550;6.840;0.000;0.000
2022-09-13;1.840;4.100;0.000;0.000;0.000;0.000;3.880
2022-09-15;1.230;0.000;0.000;0.000;0.000;0.000;42.020
2022-09-17;0.000;0.000;9.980;16.390;26.280;0.000;0.000
2022-09-19;8.570;30.550;14.570;0.000;0.000;2.180;24.930
2022-09-21;19.130;0.000;0.000;0.000;12.830;16.240;16.780
2022-09-23;0.000;0.000;15.160;13.770;9.010;25.100;13.430
2022-09-25;19.250;36.380;32.260;4.140;1.750;0.000;0.000
2022-09-27;15.460;2.720;10.960;4.430;0.000;5.950;0.000
2022-09-29;11.390;20.330;0.000;10.270;0.000;0.000;3.950
2022-10-01;0.000;21.680;0.000;0.000;2.580;10.050;0.000
2022-10-03;8.880;0.000;8.320;2.290;0.000;9.450;12.710
2022-10-05;8.370;3.620;0.000;8.320;18.870;2.710;6.930
2022-10-07;0.000;18.580;14.150;0.000;0.000;8.650;0.000
2022-10-09;13.990;0.000;0.000;0.000;0.000;0.000;10.690
2022-10-11;0.000;0.000;0.000;0.000;3.220;7.200;11.850
2022-10-13;0.000;0.000;0.000;0.000;12.540;2.330;3.880
2022-10-15;6.160;0.000;12.820;9.060;2.070;7.960;0.000
2022-10-17;8.120;3.530;11.720;3.100;0.000;0.000;0.000
2022-10-19;3.570;3.970;3.790;0.000;0.000;0.000;0.000
2022-10-21;2.360;0.000;0.000;0.000;0.000;0.000;15.200
2022-10-23;0.000;0.000;0.000;0.000;19.880;11.020;5.760
2022-10-25;0.000;0.000;5.680;9.560;5.620;12.850;2.880
2022-10-27;14.810;3.250;8.260;15.640;4.030;2.770;0.000
2022-10-29;7.840;9.570;4.840;4.570;0.000;0.000;0.000
2022-10-31;4.090;6.880;2.080;0.000;0.000;0.000;0.000
2022-11-02;0.000;0.000;0.000;0.000;1.090;0.000;0.000
2022-11-04;0.000;0.000;1.270;0.000;8.530;0.000;3.410
2022-11-06;0.000;0.000;5.290;1.690;6.740;17.800;18.420
2022-11-08;0.000;1.210;16.510;12.270;11.650;19.520;9.710
2022-11-10;8.050;14.650;12.640;5.140;0.000;0.000;0.000
2022-11-12;0.000;12.410;1.520;0.000;0.000;0.000;0.000
2022-11-14;0.000;0.000;0.000;0.000;0.000;0.000;0.000
2022-11-16;0.000;0.000;0.000;0.000;0.000;0.000;14.200
2022-11-18;0.000;7.980;0.000;1.890;23.370;19.980;18.820
2022-11-20;0.000;0.000;12.540;13.600;0.000;10.300;19.270
2022-11-22;15.890;10.700;3.300;8.060;7.750;8.680;16.930
2022-11-24;4.500;3.040;2.470;4.610;7.300;16.020;10.040
2022-11-26;1.790;14.220;12.050;10.950;6.270;7.660;11.950
2022-11-28;9.890;12.530;16.860;11.110;1.440;3.680;0.000
2022-11-30;5.810;7.080;13.830;14.740;16.280;31.910;11.140
2022-12-02;8.360;17.370;4.940;37.560;5.780;0.000;0.000
2022-12-04;11.420;26.410;5.600;0.000;0.000;0.000;0.000
2022-12-06;3.900;0.000;0.000;0.000;0.000;6.550;35.540
2022-12-08;0.000;0.000;0.000;11.550;25.720;0.000;7.460
2022-12-10;0.000;10.730;16.670;0.000;0.000;0.000;0.000
2022-12-12;28.830;0.000;0.000;0.000;0.000;0.000;11.230
2022-12-14;0.000;2.250;0.000;0.000;10.970;16.110;1.090
2022-12-16;0.000;0.000;6.700;31.240;0.000;0.000;0.000
2022-12-18;21.410;25.770;0.000;1.760;0.000;1.160;0.000
2022-12-20;2.650;1.080;0.000;0.000;1.380;8.860;13.400
2022-12-22;1.440;6.470;9.360;21.160;11.370;16.280;24.860
2022-12-24;5.660;20.440;8.320;8.400;46.660;58.840;27.020
2022-12-26;20.920;16.930;33.900;27.610;9.230;0.000;0.000
2022-12-28;33.430;0.000;3.310;1.780;0.000;10.760;4.160
2022-12-30;11.290;7.210;0.000;11.220;13.570;52.880;30.830
2023-01-01;1.670;14.800;15.350;36.820;42.830;11.100;36.560
2023-01-03;23.530;25.020;6.180;0.000;0.000;15.080;20.270
2023-01-05;0.000;6.300;1.280;16.550;7.550;8.320;6.870
2023-01-07;0.000;17.250;14.470;8.140;8.350;12.010;7.270
2023-01-09;7.010;9.390;4.600;12.070;7.080;5.660;22.140
2023-01-11;8.100;5.580;5.700;4.680;2.450;0.000;0.000
2023-01-13;2.880;10.380;17.100;0.000;15.260;16.620;20.810
2023-01-15;10.030;2.390;5.710;11.330;15.730;5.680;1.750
2023-01-17;4.180;2.640;13.250;2.200;0.000;4.020;13.920
2023-01-19;18.830;2.800;0.000;3.350;22.430;8.000;5.750
2023-01-21;0.000;12.650;3.660;1.050;0.000;0.000;12.020
2023-01-23;9.700;0.000;0.000;0.000;8.110;25.880;42.870
2023-01-25;0.000;0.000;5.490;22.310;22.120;25.530;7.870
2023-01-27;19.440;8.440;10.440;12.000;9.890;22.230;11.100
2023-01-29;11.560;8.650;9.970;13.830;13.380;7.320;6.740
2023-01-31;12.760;10.620;5.980;6.870;12.000;20.160;0.000
2023-02-02;2.460;9.070;13.220;13.830;5.650;4.240;0.000
2023-02-04;10.180;18.010;22.330;15.340;1.080;4.320;12.310
2023-02-06;21.190;8.450;1.690;6.360;18.200;2.680;2.200
2023-02-08;1.100;11.850;17.980;15.340;7.490;7.850;5.260
2023-02-10;12.490;17.700;10.800;10.380;3.830;9.050;20.780
2023-02-12;3.720;4.670;5.780;3.920;7.260;21.680;0.000
2023-02-14;0.000;11.450;4.750;4.070;0.000;3.400;14.860
2023-02-16;4.320;15.930;7.470;6.740;13.280;8.730;15.610
2023-02-18;45.870;7.780;17.910;15.000;10.540;10.580;10.510
2023-02-20;4.430;16.940;6.550;12.570;8.610;14.520;8.160
2023-02-22;6.740;14.670;7.040;4.530;11.460;18.600;17.110
2023-02-24;2.830;13.180;4.830;7.480;0.000;8.240;10.360
2023-02-26;2.270;6.180;4.190;5.980;11.020;10.920;7.040
2023-02-28;2.020;0.000;11.570;6.120;9.110;9.720;21.860
2023-03-02;9.030;8.330;5.480;9.510;11.250;10.140;19.410
2023-03-04;5.930;13.270;7.080;7.340;14.320;7.250;3.380
2023-03-06;3.650;5.490;8.190;14.430;10.490;2.950;0.000
2023-03-08;6.600;11.750;15.440;13.080;9.190;0.000;0.000
2023-03-10;5.440;23.100;6.530;0.000;0.000;0.000;0.000
2023-03-12;13.150;2.270;0.000;0.000;0.000;0.000;2.510
2023-03-14;0.000;0.000;0.000;0.000;1.080;0.000;0.000
2023-03-16;0.000;0.000;0.000;1.060;3.830;3.420;4.250
2023-03-18;0.000;8.900;2.220;1.340;2.320;0.000;8.320
2023-03-20;0.000;0.000;0.000;0.000;2.400;0.000;1.580
2023-03-22;0.000;0.000;0.000;0.000;7.350;2.500;10.810
2023-03-24;0.000;0.000;2.250;5.260;0.000;8.150;0.000
2023-03-26;3.010;6.100;4.320;1.840;9.400;0.000;0.000
2023-03-28;8.400;5.530;2.570;0.000;0.000;0.000;0.000
2023-03-30;7.870;0.000;0.000;0.000;0.000;3.980;7.350
2023-04-01;1.250;0.000;0.000;0.000;1.970;10.170;5.540
2023-04-03;0.000;0.000;2.250;10.990;15.320;5.740;10.270
2023-04-05;7.340;21.720;18.740;1.300;0.000;0.000;1.210
2023-04-07;2.130;10.570;0.000;0.000;1.450;0.000;0.000
2023-04-09;0.000;0.000;0.000;0.000;10.650;12.140;0.000
2023-04-11;0.000;3.430;2.560;17.700;0.000;0.000;27.770
2023-04-13;19.470;2.540;0.000;0.000;22.330;22.250;49.280
2023-04-15;0.000;0.000;9.730;37.640;0.000;0.000;0.000
2023-04-17;14.170;17.020;0.000;0.000;0.000;0.000;0.000
2023-04-19;0.000;0.000;0.000;0.000;0.000;0.000;0.000
2023-04-21;0.000;0.000;0.000;0.000;0.000;8.230;0.000
2023-04-23;0.000;0.000;0.000;2.960;1.870;0.000;0.000
2023-04-25;6.670;4.350;0.000;0.000;0.000;0.000;0.000
2023-04-27;1.770;0.000;0.000;0.000;0.000;0.000;0.000
2023-04-29;0.000;0.000;0.000;0.000;0.000;0.000;0.000
2023-05-01;0.000;0.000;0.000;0.000;0.000;0.000;0.000
2023-05-03;0.000;0.000;0.000;0.000;0.000;1.190;0.000
2023-05-05;0.000;0.000;0.000;0.000;10.130;0.000;0.000
2023-05-07;0.000;0.000;5.490;0.000;0.000;0.000;0.000
2023-05-09;3.500;0.000;0.000;0.000;0.000;0.000;0.000
2023-05-11;0.000;0.000;0.000;0.000;0.000;0.000;0.000
2023-05-13;0.000;0.000;0.000;0.000;0.000;0.000;0.000
2023-05-15;0.000;0.000;0.000;0.000;0.000;0.000;0.000
2023-05-17;0.000;0.000;0.000;0.000;0.000;0.000;0.000
2023-05-19;0.000;0.000;0.000;0.000;0.000;0.000;0.000
2023-05-21;0.000;0.000;0.000;0.000;0.000;0.000;2.650
2023-05-23;0.000;0.000;0.000;0.000;0.000;0.000;3.960
2023-05-25;0.000;0.000;0.000;0.000;2.230;33.430;1.270
2023-05-27;1.480;0.000;0.000;15.580;6.430;0.000;0.000
2023-05-29;0.000;18.770;0.000;0.000;0.000;0.000;0.000
2023-05-31;0.000;0.000;0.000;0.000;0.000;0.000;0.000
2023-06-02;0.000;0.000;0.000;0.000;0.000;0.000;0.000
2023-06-04;0.000;0.000;0.000;0.000;0.000;0.000;0.000
2023-06-06;0.000;0.000;0.000;0.000;0.000;0.000;0.000
2023-06-08;0.000;0.000;0.000;0.000;17.780;70.400;22.950
2023-06-10;0.000;0.000;4.290;45.040;30.360;1.220;0.000
2023-06-12;0.000;13.720;19.770;0.000;0.000;1.070;0.000
2023-06-14;9.060;0.000;0.000;0.000;0.000;0.000;0.000
2023-06-16;0.000;0.000;0.000;0.000;0.000;0.000;2.130
2023-06-18;0.000;0.000;0.000;0.000;0.000;0.000;0.000
2023-06-20;0.000;0.000;0.000;0.000;0.000;0.000;0.000
2023-06-22;0.000;0.000;0.000;0.000;0.000;0.000;0.000
2023-06-24;0.000;0.000;0.000;0.000;0.000;0.000;0.000
2023-06-26;0.000;0.000;0.000;0.000;0.000;0.000;0.000
2023-06-28;0.000;0.000;0.000;0.000;0.000;0.000;0.000
2023-06-30;0.000;0.000;0.000;0.000;0.000;0.000;0.000
2023-07-02;0.000;0.000;0.000;0.000;0.000;0.000;0.000
2023-07-04;0.000;0.000;0.000;0.000;0.000;0.000;0.000
2023-07-06;0.000;0.000;1.400;0.000;0.000;0.000;0.000
2023-07-08;6.200;0.000;0.000;0.000;0.000;0.000;0.000
2023-07-10;0.000;0.000;0.000;0.000;0.000;0.000;0.000
2023-07-12;0.000;2.940;0.000;0.000;0.000;0.000;0.000
2023-07-14;0.000;0.000;0.000;0.000;14.560;0.000;0.000
2023-07-16;0.000;0.000;0.000;0.000;0.000;0.000;0.000
2023-07-18;0.000;0.000;0.000;0.000;0.000;0.000;0.000
2023-07-20;0.000;0.000;0.000;0.000;0.000;0.000;0.000
2023-07-22;0.000;0.000;0.000;0.000;0.000;0.000;0.000
2023-07-24;0.000;0.000;0.000;0.000;0.000;0.000;0.000
2023-07-26;0.000;0.000;0.000;0.000;0.000;0.000;0.000
2023-07-28;0.000;0.000;0.000;0.000;0.000;0.000;0.000
2023-07-30;0.000;0.000;0.000;0.000;0.000;0.000;0.000
2023-08-01;0.000;0.000;0.000;0.000;0.000;0.000;0.000
2023-08-03;0.000;0.000;0.000;0.000;0.000;0.000;0.000
2023-08-05;0.000;0.000;1.340;0.000;0.000;0.000;0.000
2023-08-07;0.000;0.000;0.000;0.000;0.000;0.000;0.000
2023-08-09;0.000;0.000;0.000;0.000;0.000;0.000;0.000
2023-08-11;0.000;0.000;0.000;0.000;0.000;0.000;0.000
2023-08-13;0.000;0.000;0.000;0.000;0.000;0.000;24.300
2023-08-15;0.000;0.000;0.000;0.000;4.710;9.840;0.000
2023-08-17;0.000;0.000;0.000;0.000;0.000;0.000;0.000
2023-08-19;0.000;0.000;0.000;0.000;0.000;17.660;18.470
2023-08-21;0.000;0.000;0.000;4.750;18.700;7.380;0.000
2023-08-23;0.000;0.000;12.570;1.780;0.000;4.510;6.630
2023-08-25;0.000;0.000;0.000;0.000;0.000;0.000;0.000
2023-08-27;0.000;0.000;0.000;0.000;0.000;1.400;0.000
2023-08-29;0.000;0.000;0.000;0.000;0.000;0.000;0.000
2023-08-31;0.000;0.000;1.640;6.020;2.650;5.860;2.320
2023-09-02;3.220;0.000;18.110;0.000;0.000;0.000;0.000
2023-09-04;2.350;0.000;0.000;4.970;1.800;0.000;0.000
2023-09-06;0.000;0.000;0.000;0.000;0.000;0.000;0.000
2023-09-08;0.000;0.000;0.000;0.000;0.000;0.000;0.000
2023-09-10;0.000;0.000;0.000;3.150;0.000;0.000;0.000
2023-09-12;0.000;18.560;0.000;7.140;0.000;0.000;0.000
2023-09-14;0.000;0.000;0.000;0.000;0.000;0.000;0.000
2023-09-16;0.000;0.000;0.000;0.000;0.000;0.000;0.000
2023-09-18;0.000;0.000;0.000;0.000;0.000;0.000;0.000
2023-09-20;0.000;0.000;0.000;0.000;0.000;0.000;0.000
2023-09-22;0.000;0.000;0.000;0.000;0.000;0.000;1.620
2023-09-24;0.000;0.000;0.000;0.000;0.000;6.330;3.440
2023-09-26;17.620;0.000;0.000;9.230;25.560;0.000;0.000
2023-09-28;0.000;1.000;34.320;0.000;4.380;0.000;41.540
2023-09-30;59.990;0.000;0.000;0.000;29.350;4.100;4.200
2023-10-02;0.000;0.000;21.590;1.900;1.120;22.110;29.220
2023-10-04;8.900;1.100;4.470;3.270;12.670;0.000;3.500
2023-10-06;1.390;16.500;54.420;0.000;0.000;1.610;0.000
2023-10-08;42.550;0.000;0.000;1.470;2.490;0.000;0.000
2023-10-10;0.000;1.760;2.660;0.000;0.000;4.230;7.050
2023-10-12;6.370;0.000;0.000;2.330;0.000;0.000;0.000
2023-10-14;0.000;0.000;5.690;1.960;0.000;0.000;0.000
2023-10-16;5.730;0.000;0.000;0.000;0.000;0.000;0.000
2023-10-18;0.000;0.000;0.000;0.000;0.000;5.970;3.740
2023-10-20;0.000;0.000;0.000;2.310;6.310;1.670;9.440
2023-10-22;0.000;0.000;13.270;24.130;7.700;4.070;2.850
2023-10-24;16.580;9.190;7.840;6.710;2.740;9.670;3.440
2023-10-26;4.890;10.920;4.710;4.330;19.990;0.000;1.760
2023-10-28;8.700;4.640;20.230;12.800;6.500;1.720;1.080
2023-10-30;18.690;3.640;12.650;4.930;2.340;0.000;0.000
2023-11-01;0.000;8.930;1.710;0.000;0.000;0.000;0.000
2023-11-03;6.630;0.000;0.000;0.000;0.000;0.000;0.000
2023-11-05;0.000;0.000;0.000;0.000;0.000;0.000;0.000
2023-11-07;0.000;0.000;0.000;0.000;0.000;0.000;0.000
2023-11-09;2.850;0.000;0.000;0.000;0.000;0.000;0.000
2023-11-11;0.000;0.000;0.000;0.000;0.000;0.000;0.000
2023-11-13;0.000;0.000;0.000;0.000;17.270;26.970;26.340
2023-11-15;1.100;0.000;14.080;28.020;0.000;0.000;0.000
2023-11-17;0.000;17.320;0.000;0.000;1.620;14.180;12.200
2023-11-19;1.670;0.000;8.950;26.660;1.080;0.000;3.940
2023-11-21;4.580;22.830;9.550;13.660;6.360;13.210;22.470
2023-11-23;3.890;2.800;7.030;8.120;26.030;7.250;11.380
2023-11-25;3.510;1.380;10.780;16.730;13.930;3.450;2.710
2023-11-27;9.600;25.590;1.850;0.000;0.000;0.000;12.080
2023-11-29;2.010;0.000;0.000;0.000;5.010;11.360;13.320
2023-12-01;0.000;0.000;0.000;16.220;9.830;10.570;2.330
2023-12-03;1.240;11.020;4.850;6.540;17.030;0.000;0.000
2023-12-05;1.610;11.710;12.660;0.000;0.000;20.020;0.000
2023-12-07;8.770;0.000;2.130;27.240;0.000;0.000;2.800
2023-12-09;1.420;36.170;0.000;0.000;0.000;1.290;0.000
2023-12-11;0.000;0.000;0.000;0.000;0.000;0.000;0.000
2023-12-13;0.000;0.000;0.000;0.000;0.000;0.000;0.000
2023-12-15;0.000;1.080;0.000;0.000;0.000;0.000;10.480
2023-12-17;0.000;0.000;0.000;0.000;11.850;9.750;3.800
2023-12-19;0.000;0.000;0.000;9.950;0.000;1.870;9.270
2023-12-21;6.940;9.370;1.980;3.440;16.410;0.000;0.000
2023-12-23;1.080;0.000;14.070;0.000;0.000;0.000;18.000
2023-12-25;2.970;0.000;0.000;1.390;23.150;0.000;44.220
2023-12-27;0.000;0.000;5.990;9.860;0.000;0.000;0.000
2023-12-29;0.000;0.000;0.000;0.000;0.000;0.000;1.850
2023-12-31;0.000;0.000;10.650;12.880;1.510;0.000;0.000
2024-01-02;19.130;1.790;0.000;0.000;0.000;3.330;10.040
2024-01-04;1.410;0.000;0.000;2.100;5.230;0.000;16.550
2024-01-06;0.000;0.000;0.000;0.000;12.150;11.110;24.890
2024-01-08;2.700;0.000;10.380;19.000;19.850;2.100;4.710
2024-01-10;10.030;18.040;27.300;10.990;13.550;1.610;0.000
2024-01-12;23.120;3.360;8.010;0.000;0.000;2.680;19.150
2024-01-14;3.150;0.000;1.580;6.040;17.620;16.740;8.500
2024-01-16;0.000;0.000;5.040;15.500;5.190;0.000;22.820
2024-01-18;9.250;23.980;10.890;0.000;4.320;8.640;4.400
2024-01-20;14.790;0.000;17.330;9.500;0.000;6.330;0.000
2024-01-22;22.910;6.300;6.030;0.000;15.720;23.020;0.000
2024-01-24;0.000;0.000;0.000;14.740;1.880;0.000;0.000
2024-01-26;0.000;10.610;0.000;0.000;0.000;14.410;7.210
2024-01-28;1.020;0.000;1.050;17.270;2.710;5.660;15.570
2024-01-30;5.270;18.730;15.330;9.100;18.850;14.150;16.180
2024-02-01;10.990;0.000;9.820;9.150;8.740;12.110;0.000
2024-02-03;6.270;11.140;1.710;0.000;0.000;0.000;0.000
2024-02-05;0.000;0.000;0.000;0.000;0.000;0.000;1.010
2024-02-07;0.000;0.000;0.000;0.000;1.150;8.040;9.810
2024-02-09;0.000;0.000;1.000;7.060;20.940;3.930;0.000
2024-02-11;1.730;10.350;19.680;18.140;0.000;1.420;10.530
2024-02-13;17.790;17.000;0.000;0.000;7.090;15.440;1.510
2024-02-15;0.000;7.080;3.570;1.040;19.170;5.400;3.770
2024-02-17;10.590;0.000;8.930;14.050;5.200;1.180;10.900
2024-02-19;21.870;18.570;2.790;0.000;11.360;2.850;2.690
2024-02-21;4.940;3.800;7.960;1.010;0.000;0.000;1.260
2024-02-23;9.480;1.330;0.000;0.000;0.000;15.100;5.370
2024-02-25;2.670;1.040;1.720;12.930;4.540;1.150;0.000
2024-02-27;1.850;9.020;11.150;3.940;0.000;0.000;7.770
2024-02-29;6.310;0.000;0.000;0.000;14.550;7.460;4.720
2024-03-02;0.000;0.000;9.600;10.550;8.090;13.550;17.510
2024-03-04;12.860;9.240;5.400;14.130;13.970;4.730;0.000
2024-03-06;1.060;6.530;22.240;3.860;0.000;0.000;0.000
2024-03-08;19.890;0.000;0.000;0.000;0.000;0.000;0.000
2024-03-10;0.000;0.000;0.000;0.000;0.000;0.000;0.000
2024-03-12;0.000;0.000;0.000;0.000;3.980;8.270;8.120
2024-03-14;0.000;0.000;0.000;5.040;7.450;1.550;4.980
2024-03-16;11.590;13.090;5.890;7.840;14.580;0.000;0.000
2024-03-18;7.810;2.760;20.320;0.000;0.000;2.980;11.530
2024-03-20;9.280;1.540;0.000;4.460;4.230;0.000;4.360
2024-03-22;6.320;15.370;1.740;3.360;4.190;8.880;6.020
2024-03-24;0.000;0.000;5.080;10.860;2.630;1.200;0.000
2024-03-26;2.560;10.910;3.280;0.000;0.000;0.000;0.000
2024-03-28;2.880;0.000;0.000;0.000;0.000;0.000;0.000
2024-03-30;0.000;0.000;0.000;0.000;0.000;6.490;7.120
2024-04-01;0.000;0.000;0.000;0.000;0.000;0.000;0.000
2024-04-03;0.000;0.000;0.000;0.000;0.000;11.470;1.770
2024-04-05;0.000;0.000;0.000;7.170;4.000;7.180;13.110
2024-04-07;0.000;1.480;0.000;0.000;3.180;13.820;11.580
2024-04-09;0.000;0.000;0.000;1.180;5.420;1.150;2.430
2024-04-11;0.000;0.000;0.000;0.000;0.000;8.840;0.000
2024-04-13;1.200;3.370;0.000;11.410;3.660;0.000;0.000
2024-04-15;0.000;11.580;1.160;0.000;0.000;0.000;0.000
2024-04-17;0.000;0.000;0.000;0.000;0.000;0.000;0.000
2024-04-19;0.000;0.000;0.000;0.000;0.000;0.000;0.000
2024-04-21;0.000;0.000;0.000;0.000;0.000;0.000;0.000
2024-04-23;0.000;0.000;0.000;0.000;0.000;0.000;0.000
2024-04-25;0.000;0.000;0.000;0.000;0.000;0.000;0.000
2024-04-27;0.000;0.000;0.000;0.000;0.000;0.000;0.000
2024-04-29;0.000;0.000;0.000;0.000;0.000;0.000;0.000
2024-05-01;0.000;0.000;0.000;0.000;0.000;0.000;0.000
2024-05-03;0.000;0.000;0.000;0.000;0.000;0.000;0.000
2024-05-05;0.000;0.000;0.000;0.000;0.000;0.000;0.000
2024-05-07;0.000;0.000;0.000;0.000;0.000;0.000;0.000
2024-05-09;0.000;0.000;0.000;0.000;0.000;0.000;0.000
2024-05-11;0.000;0.000;0.000;0.000;0.000;0.000;0.000
2024-05-13;0.000;0.000;0.000;0.000;0.000;0.000;2.740
2024-05-15;0.000;0.000;0.000;0.000;0.000;0.000;0.000
2024-05-17;0.000;0.000;0.000;0.000;0.000;0.000;0.000
2024-05-19;0.000;0.000;0.000;0.000;0.000;0.000;24.610
2024-05-21;0.000;0.000;0.000;5.960;61.670;25.850;6.670
2024-05-23;0.000;15.430;5.150;21.230;1.240;0.000;0.000
2024-05-25;19.070;30.610;3.340;0.000;0.000;0.000;0.000
2024-05-27;1.730;0.000;0.000;0.000;0.000;0.000;0.000
2024-05-29;0.000;0.000;0.000;0.000;0.000;0.000;0.000
2024-05-31;0.000;0.000;0.000;0.000;0.000;0.000;0.000
2024-06-02;0.000;0.000;0.000;0.000;0.000;0.000;0.000
2024-06-04;0.000;0.000;0.000;0.000;0.000;0.000;0.000
2024-06-06;0.000;0.000;0.000;0.000;0.000;0.000;0.000
2024-06-08;0.000;0.000;0.000;0.000;0.000;0.000;0.000
2024-06-10;0.000;0.000;0.000;0.000;0.000;0.000;0.000
2024-06-12;0.000;0.000;0.000;0.000;0.000;0.000;0.000
2024-06-14;0.000;0.000;0.000;0.000;0.000;0.000;0.000
2024-06-16;0.000;0.000;0.000;0.000;0.000;0.000;0.000
2024-06-18;0.000;0.000;0.000;0.000;0.000;0.000;0.000
2024-06-20;0.000;0.000;0.000;0.000;0.000;0.000;0.000
2024-06-22;0.000;0.000;0.000;0.000;0.000;0.000;0.000
2024-06-24;0.000;0.000;0.000;0.000;0.000;0.000;21.340
2024-06-26;0.000;0.000;0.000;5.260;28.850;0.000;0.000
2024-06-28;0.000;9.550;0.000;0.000;0.000;0.000;0.000
2024-06-30;0.000;0.000;0.000;0.000;0.000;0.000;0.000
2024-07-02;0.000;0.000;0.000;0.000;0.000;0.000;0.000
2024-07-04;0.000;0.000;0.000;0.000;13.110;13.610;0.000
2024-07-06;0.000;0.000;3.460;1.920;0.000;0.000;5.700
2024-07-08;19.950;21.930;0.000;0.000;0.000;0.000;0.000
2024-07-10;0.000;0.000;0.000;0.000;0.000;0.000;0.000
2024-07-12;0.000;0.000;0.000;0.000;0.000;0.000;0.000
2024-07-14;0.000;0.000;0.000;0.000;0.000;0.000;0.000
2024-07-16;0.000;0.000;0.000;0.000;0.000;0.000;0.000
2024-07-18;0.000;0.000;0.000;0.000;0.000;0.000;0.000
2024-07-20;0.000;0.000;0.000;0.000;0.000;0.000;0.000
2024-07-22;0.000;0.000;0.000;0.000;0.000;0.000;0.000
2024-07-24;0.000;0.000;0.000;0.000;0.000;0.000;0.000
2024-07-26;0.000;0.000;0.000;1.770;0.000;0.000;0.000
2024-07-28;0.000;0.000;0.000;0.000;0.000;0.000;0.000
2024-07-30;0.000;0.000;0.000;0.000;0.000;0.000;0.000
2024-08-01;0.000;0.000;0.000;0.000;0.000;0.000;0.000
2024-08-03;0.000;0.000;0.000;0.000;0.000;8.560;8.180
2024-08-05;0.000;0.000;0.000;12.420;0.000;0.000;0.000
2024-08-07;0.000;6.390;14.070;0.000;0.000;0.000;0.000
2024-08-09;24.580;0.000;0.000;0.000;0.000;0.000;0.000
2024-08-11;0.000;0.000;0.000;0.000;0.000;0.000;0.000
2024-08-13;0.000;0.000;0.000;0.000;0.000;0.000;0.000
2024-08-15;0.000;0.000;0.000;0.000;0.000;0.000;0.000
2024-08-17;0.000;0.000;0.000;0.000;0.000;0.000;8.020
2024-08-19;0.000;0.000;0.000;0.000;0.000;5.120;0.000
2024-08-21;0.000;0.000;1.960;12.000;0.000;0.000;0.000
2024-08-23;3.920;13.610;0.000;0.000;0.000;0.000;0.000
2024-08-25;0.000;0.000;0.000;0.000;0.000;0.000;0.000
2024-08-27;0.000;0.000;0.000;0.000;0.000;0.000;0.000
2024-08-29;0.000;0.000;0.000;0.000;0.000;0.000;0.000
2024-08-31;0.000;0.000;0.000;0.000;0.000;0.000;0.000
2024-09-02;0.000;0.000;0.000;0.000;0.000;0.000;0.000
2024-09-04;0.000;0.000;0.000;0.000;0.000;0.000;0.000
2024-09-06;0.000;0.000;0.000;0.000;0.000;0.000;0.000
2024-09-08;0.000;0.000;0.000;0.000;0.000;0.000;0.000
2024-09-10;0.000;0.000;0.000;0.000;0.000;9.190;0.000
2024-09-12;0.000;0.000;0.000;6.240;0.000;8.330;0.000
2024-09-14;0.000;0.000;0.000;4.950;0.000;0.000;6.100
2024-09-16;0.000;0.000;0.000;0.000;0.000;0.000;0.000
2024-09-18;0.000;0.000;1.500;0.000;0.000;0.000;0.000
2024-09-20;0.000;0.000;0.000;0.000;0.000;0.000;21.040
2024-09-22;0.000;0.000;0.000;0.000;0.000;0.000;0.000
2024-09-24;0.000;0.000;0.000;0.000;0.000;0.000;0.000
2024-09-26;7.440;0.000;0.000;0.000;0.000;0.000;0.000
2024-09-28;0.000;0.000;0.000;0.000;0.000;0.000;0.000
2024-09-30;0.000;0.000;0.000;0.000;0.000;0.000;0.000
2024-10-02;0.000;11.700;0.000;0.000;0.000;0.000;2.290
2024-10-04;0.000;0.000;0.000;0.000;4.710;27.930;4.140
2024-10-06;0.000;0.000;2.120;10.060;1.990;5.000;0.000
2024-10-08;0.000;27.980;8.520;17.250;0.000;0.000;0.000
2024-10-10;5.370;7.480;0.000;0.000;0.000;0.000;2.370
2024-10-12;0.000;0.000;0.000;0.000;0.000;0.000;23.170
2024-10-14;0.000;0.000;0.000;3.060;19.410;5.970;7.070
2024-10-16;0.000;0.000;15.460;0.000;0.000;0.000;12.440
2024-10-18;4.880;1.220;1.660;0.000;2.560;10.990;6.220
2024-10-20;4.010;0.000;3.650;1.890;4.440;5.250;0.000
2024-10-22;6.700;6.400;3.340;6.860;0.000;7.540;0.000
2024-10-24;2.930;0.000;0.000;1.170;11.920;2.410;1.320
2024-10-26;1.510;2.920;0.000;0.000;0.000;3.230;1.530
2024-10-28;0.000;0.000;0.000;0.000;0.000;5.870;14.120
2024-10-30;0.000;0.000;1.110;10.120;16.230;3.870;24.960
2024-11-01;1.380;27.270;31.360;17.740;2.010;9.400;40.050
2024-11-03;18.420;17.340;9.020;10.120;56.540;1.170;0.000
2024-11-05;18.620;16.870;44.610;0.000;0.000;0.000;0.000
2024-11-07;52.030;0.000;0.000;0.000;0.000;4.480;0.000
2024-11-09;0.000;0.000;0.000;10.210;0.000;14.890;47.040
2024-11-11;0.000;16.950;3.920;36.600;11.290;14.950;5.250
